mixture,central_cation,system,x_NaCl,n_cation_Cl,probability,block_sd,cutoff_A
LiCl-NaCl,Li,li3040,0.05,0,1.875e-05,1.1848242881330549e-05,3.613764810414501
LiCl-NaCl,Li,li3040,0.05,1,0.0014359375,0.0001060314848582722,3.613764810414501
LiCl-NaCl,Li,li3040,0.05,2,0.03101875,0.0004386355241506051,3.613764810414501
LiCl-NaCl,Li,li3040,0.05,3+,0.9675265625,0.00048044016683270797,3.613764810414501
LiCl-NaCl,Li,li2880,0.1,0,0.000165625,3.9605599548864295e-05,3.6143165654334726
LiCl-NaCl,Li,li2880,0.1,1,0.0062203125,0.00030595689098404855,3.6143165654334726
LiCl-NaCl,Li,li2880,0.1,2,0.064975,0.0004706147803505266,3.6143165654334726
LiCl-NaCl,Li,li2880,0.1,3+,0.9286390625,0.0005792166635719022,3.6143165654334726
LiCl-NaCl,Li,li2720,0.15,0,0.000709375,0.00012710627781260448,3.560200759497853
LiCl-NaCl,Li,li2720,0.15,1,0.0160015625,0.0004758703990781001,3.560200759497853
LiCl-NaCl,Li,li2720,0.15,2,0.116675,0.0008092369875092993,3.560200759497853
LiCl-NaCl,Li,li2720,0.15,3+,0.8666140625,0.0008857735187747136,3.560200759497853
LiCl-NaCl,Li,li2560,0.2,0,0.0018453125,0.0001654885935929574,3.622227754414723
LiCl-NaCl,Li,li2560,0.2,1,0.02850625,0.0003127635607321848,3.622227754414723
LiCl-NaCl,Li,li2560,0.2,2,0.1517265625,0.0006798446298259006,3.622227754414723
LiCl-NaCl,Li,li2560,0.2,3+,0.817921875,0.0005382126453015636,3.622227754414723
LiCl-NaCl,Li,li2400,0.25,0,0.0037203125,0.00017715608187062048,3.6478660764903026
LiCl-NaCl,Li,li2400,0.25,1,0.046984375,0.0008629718761259673,3.6478660764903026
LiCl-NaCl,Li,li2400,0.25,2,0.1932875,0.0011435162414811756,3.6478660764903026
LiCl-NaCl,Li,li2400,0.25,3+,0.7560078125,0.000800199865170395,3.6478660764903026
LiCl-NaCl,Li,li2240,0.3,0,0.0081453125,0.00012604543296714524,3.5950001672352676
LiCl-NaCl,Li,li2240,0.3,1,0.07854375,0.00035667292604271846,3.5950001672352676
LiCl-NaCl,Li,li2240,0.3,2,0.250846875,0.000922579841776917,3.5950001672352676
LiCl-NaCl,Li,li2240,0.3,3+,0.6624640625,0.0006068306256305043,3.5950001672352676
LiCl-NaCl,Li,li2080,0.35,0,0.0137453125,0.0003521956104878011,3.646847273238193
LiCl-NaCl,Li,li2080,0.35,1,0.1066203125,0.0013732410624595363,3.646847273238193
LiCl-NaCl,Li,li2080,0.35,2,0.2813078125,0.001339890441970681,3.646847273238193
LiCl-NaCl,Li,li2080,0.35,3+,0.5983265625,0.00047763071877303555,3.646847273238193
LiCl-NaCl,Li,li1920,0.4,0,0.0255875,0.000575543221661067,3.593186248679602
LiCl-NaCl,Li,li1920,0.4,1,0.1530328125,0.0008335684889565081,3.593186248679602
LiCl-NaCl,Li,li1920,0.4,2,0.323125,0.001710643168176264,3.593186248679602
LiCl-NaCl,Li,li1920,0.4,3+,0.4982546875,0.0009623116445164055,3.593186248679602
LiCl-NaCl,Li,li1760,0.45,0,0.039134375,0.0007813945178833329,3.61837556799174
LiCl-NaCl,Li,li1760,0.45,1,0.194540625,0.0007810820131894735,3.61837556799174
LiCl-NaCl,Li,li1760,0.45,2,0.343396875,0.0012910779698448698,3.61837556799174
LiCl-NaCl,Li,li1760,0.45,3+,0.422928125,0.0008098929025938358,3.61837556799174
LiCl-NaCl,Li,li1600,0.5,0,0.0600578125,0.0019836797502526702,3.595666661405148
LiCl-NaCl,Li,li1600,0.5,1,0.2456,0.0016660730957994878,3.595666661405148
LiCl-NaCl,Li,li1600,0.5,2,0.357590625,0.0024688773206883678,3.595666661405148
LiCl-NaCl,Li,li1600,0.5,3+,0.3367515625,0.0018644347517034322,3.595666661405148
LiCl-NaCl,Li,li1440,0.55,0,0.0869953125,0.0005402669967103094,3.629865189523814
LiCl-NaCl,Li,li1440,0.55,1,0.29025,0.0011360272273709558,3.629865189523814
LiCl-NaCl,Li,li1440,0.55,2,0.3504109375,0.001993493750676017,3.629865189523814
LiCl-NaCl,Li,li1440,0.55,3+,0.27234375,0.0009644403888638608,3.629865189523814
LiCl-NaCl,Li,li1280,0.6,0,0.1194015625,0.0013251529245477687,3.682800577075379
LiCl-NaCl,Li,li1280,0.6,1,0.3304875,0.0017626201615732074,3.682800577075379
LiCl-NaCl,Li,li1280,0.6,2,0.3361046875,0.0013695247878484165,3.682800577075379
LiCl-NaCl,Li,li1280,0.6,3+,0.21400625,0.0006986707873817348,3.682800577075379
LiCl-NaCl,Li,li1120,0.65,0,0.1637625,0.002092507793817619,3.71959267002497
LiCl-NaCl,Li,li1120,0.65,1,0.3688078125,0.0033250453400926446,3.71959267002497
LiCl-NaCl,Li,li1120,0.65,2,0.3070078125,0.0010372840748575781,3.71959267002497
LiCl-NaCl,Li,li1120,0.65,3+,0.160421875,0.0009307865090291185,3.71959267002497
LiCl-NaCl,Li,li960,0.7,0,0.235446875,0.0012654971964792636,3.5896301055492486
LiCl-NaCl,Li,li960,0.7,1,0.4109359375,0.0016802088580413564,3.5896301055492486
LiCl-NaCl,Li,li960,0.7,2,0.260534375,0.001299503172790958,3.5896301055492486
LiCl-NaCl,Li,li960,0.7,3+,0.0930828125,0.0009057548485672739,3.5896301055492486
LiCl-NaCl,Li,li800,0.75,0,0.3050609375,0.002280797793365014,3.6689356652982226
LiCl-NaCl,Li,li800,0.75,1,0.417721875,0.0031084454090957027,3.6689356652982226
LiCl-NaCl,Li,li800,0.75,2,0.21464375,0.0011278798859405944,3.6689356652982226
LiCl-NaCl,Li,li800,0.75,3+,0.0625734375,0.001277965970393726,3.6689356652982226
LiCl-NaCl,Li,li640,0.8,0,0.3988796875,0.0014822414765893845,3.6623742724757475
LiCl-NaCl,Li,li640,0.8,1,0.4096984375,0.002487686962980106,3.6623742724757475
LiCl-NaCl,Li,li640,0.8,2,0.1581984375,0.0009245789265423769,3.6623742724757475
LiCl-NaCl,Li,li640,0.8,3+,0.0332234375,0.0002328465788816216,3.6623742724757475
LiCl-NaCl,Li,li480,0.85,0,0.5099140625,0.0009325716816450718,3.690349369455803
LiCl-NaCl,Li,li480,0.85,1,0.372203125,0.0014646093562469952,3.690349369455803
LiCl-NaCl,Li,li480,0.85,2,0.1027828125,0.0004978101459454678,3.690349369455803
LiCl-NaCl,Li,li480,0.85,3+,0.0151,0.00025919374314279883,3.690349369455803
LiCl-NaCl,Li,li320,0.9,0,0.6531625,0.0006685829595705747,3.6259393792121584
LiCl-NaCl,Li,li320,0.9,1,0.2918359375,0.0017240242229981395,3.6259393792121584
LiCl-NaCl,Li,li320,0.9,2,0.05049375,0.0011191716427856923,3.6259393792121584
LiCl-NaCl,Li,li320,0.9,3+,0.0045078125,9.127594879334322e-05,3.6259393792121584
LiCl-NaCl,Li,li160,0.95,0,0.8085265625,0.000651901515520195,3.7205122043101237
LiCl-NaCl,Li,li160,0.95,1,0.175640625,0.001208427337848394,3.7205122043101237
LiCl-NaCl,Li,li160,0.95,2,0.0151546875,0.0005919586464124837,3.7205122043101237
LiCl-NaCl,Li,li160,0.95,3+,0.000678125,4.60208639844473e-05,3.7205122043101237
MgCl2-NaCl,Mg,cl4256,0.0149253731343283,0,2.349624060150376e-06,3.2173552485030907e-06,3.36046144
MgCl2-NaCl,Mg,cl4256,0.0149253731343283,1,0.0303195488721804,0.0005614046751693,3.36046144
MgCl2-NaCl,Mg,cl4256,0.0149253731343283,2,0.7324459586466165,0.0010028708423639,3.36046144
MgCl2-NaCl,Mg,cl4256,0.0149253731343283,3+,0.2372321428571428,0.0008289982653899,3.36046144
MgCl2-NaCl,Mg,cl4224,0.0588235294117647,0,2.959280303030303e-05,9.35806599244904e-06,3.37632537
MgCl2-NaCl,Mg,cl4224,0.0588235294117647,1,0.0537346117424242,0.0003591108290523,3.37632537
MgCl2-NaCl,Mg,cl4224,0.0588235294117647,2,0.7203776041666666,0.0017492475837509,3.37632537
MgCl2-NaCl,Mg,cl4224,0.0588235294117647,3+,0.2258581912878788,0.0014259494117201,3.37632537
MgCl2-NaCl,Mg,cl4192,0.1014492753623188,0,6.560114503816794e-05,2.1912181620794175e-05,3.39496007
MgCl2-NaCl,Mg,cl4192,0.1014492753623188,1,0.0787750477099236,0.0003919770211153,3.39496007
MgCl2-NaCl,Mg,cl4192,0.1014492753623188,2,0.7068654580152671,0.0011489173466092,3.39496007
MgCl2-NaCl,Mg,cl4192,0.1014492753623188,3+,0.2142938931297709,0.0009824744296623,3.39496007
MgCl2-NaCl,Mg,cl4128,0.1830985915492957,0,0.0003863856589147,6.371975987191199e-05,3.35308866
MgCl2-NaCl,Mg,cl4128,0.1830985915492957,1,0.1430038759689922,0.0006058381390645,3.35308866
MgCl2-NaCl,Mg,cl4128,0.1830985915492957,2,0.6864886143410853,0.0013896310447654,3.35308866
MgCl2-NaCl,Mg,cl4128,0.1830985915492957,3+,0.1701211240310077,0.0014277525660793,3.35308866
MgCl2-NaCl,Mg,cl4064,0.2602739726027397,0,0.0011417322834645,0.000100197049806,3.35967207
MgCl2-NaCl,Mg,cl4064,0.2602739726027397,1,0.2124483267716535,0.00075067614644,3.35967207
MgCl2-NaCl,Mg,cl4064,0.2602739726027397,2,0.6460482283464567,0.0013217127662345,3.35967207
MgCl2-NaCl,Mg,cl4064,0.2602739726027397,3+,0.1403617125984252,0.00070427337874,3.35967207
MgCl2-NaCl,Mg,cl4000,0.3333333333333333,0,0.0030675,0.0001747989917018,3.36253151
MgCl2-NaCl,Mg,cl4000,0.3333333333333333,1,0.28904375,0.0008498276479675,3.36253151
MgCl2-NaCl,Mg,cl4000,0.3333333333333333,2,0.59802875,0.0015136269045739,3.36253151
MgCl2-NaCl,Mg,cl4000,0.3333333333333333,3+,0.10986,0.000723970173764,3.36253151
MgCl2-NaCl,Mg,cl3936,0.4025974025974026,0,0.0068737296747967,0.0002358412710079,3.40862564
MgCl2-NaCl,Mg,cl3936,0.4025974025974026,1,0.3663401930894309,0.0009355084831624,3.40862564
MgCl2-NaCl,Mg,cl3936,0.4025974025974026,2,0.5380843495934959,0.0009049339711792,3.40862564
MgCl2-NaCl,Mg,cl3936,0.4025974025974026,3+,0.0887017276422764,0.0005316314769889,3.40862564
MgCl2-NaCl,Mg,cl3872,0.4683544303797468,0,0.0142884814049586,0.0004331467329638,3.39656719
MgCl2-NaCl,Mg,cl3872,0.4683544303797468,1,0.4549599690082644,0.0004727985807367,3.39656719
MgCl2-NaCl,Mg,cl3872,0.4683544303797468,2,0.4694266528925619,0.000618309477373,3.39656719
MgCl2-NaCl,Mg,cl3872,0.4683544303797468,3+,0.0613248966942148,0.0005881367137501,3.39656719
MgCl2-NaCl,Mg,cl3808,0.5308641975308642,0,0.0292791491596638,0.0003506478012781,3.36630346
MgCl2-NaCl,Mg,cl3808,0.5308641975308642,1,0.5407352941176471,0.0016242379250591,3.36630346
MgCl2-NaCl,Mg,cl3808,0.5308641975308642,2,0.391360294117647,0.0010640568679544,3.36630346
MgCl2-NaCl,Mg,cl3808,0.5308641975308642,3+,0.038625262605042,0.0005233727381436,3.36630346
MgCl2-NaCl,Mg,cl3744,0.5903614457831325,0,0.0525333867521367,0.0008966639936539,3.44133535
MgCl2-NaCl,Mg,cl3744,0.5903614457831325,1,0.6026268696581196,0.0021665177711233,3.44133535
MgCl2-NaCl,Mg,cl3744,0.5903614457831325,2,0.3182625534188034,0.0015282747042953,3.44133535
MgCl2-NaCl,Mg,cl3744,0.5903614457831325,3+,0.0265771901709401,0.0005625127775007,3.44133535
MgCl2-NaCl,Mg,cl3680,0.6470588235294118,0,0.0929714673913043,0.000167414793136,3.41830388
MgCl2-NaCl,Mg,cl3680,0.6470588235294118,1,0.6537010869565217,0.0007527805410254,3.41830388
MgCl2-NaCl,Mg,cl3680,0.6470588235294118,2,0.2391100543478261,0.0006171978752029,3.41830388
MgCl2-NaCl,Mg,cl3680,0.6470588235294118,3+,0.0142173913043478,0.0002339265953171,3.41830388
MgCl2-NaCl,Mg,cl3616,0.7011494252873564,0,0.1513799778761062,0.001227273343741,3.44997297
MgCl2-NaCl,Mg,cl3616,0.7011494252873564,1,0.6681042588495575,0.0027556456885264,3.44997297
MgCl2-NaCl,Mg,cl3616,0.7011494252873564,2,0.1729231194690265,0.0016282911309353,3.44997297
MgCl2-NaCl,Mg,cl3616,0.7011494252873564,3+,0.0075926438053097,0.0004074520273398,3.44997297
MgCl2-NaCl,Mg,cl3552,0.7528089887640449,0,0.2328828828828829,0.0007734915518322,3.41955799
MgCl2-NaCl,Mg,cl3552,0.7528089887640449,1,0.6489118806306307,0.0016424460635725,3.41955799
MgCl2-NaCl,Mg,cl3552,0.7528089887640449,2,0.1147663288288288,0.00086004023833,3.41955799
MgCl2-NaCl,Mg,cl3552,0.7528089887640449,3+,0.0034389076576576,0.0002306368784015,3.41955799
MgCl2-NaCl,Mg,cl3488,0.8021978021978022,0,0.3310192087155963,0.0007532693983405,3.47181263
MgCl2-NaCl,Mg,cl3488,0.8021978021978022,1,0.5938302752293578,0.0015344280029071,3.47181263
MgCl2-NaCl,Mg,cl3488,0.8021978021978022,2,0.0735378440366972,0.0008612705749896,3.47181263
MgCl2-NaCl,Mg,cl3488,0.8021978021978022,3+,0.0016126720183486,0.0001192898292509,3.47181263
MgCl2-NaCl,Mg,cl3424,0.8494623655913979,0,0.4545852803738318,0.0004510056490137,3.40450655
MgCl2-NaCl,Mg,cl3424,0.8494623655913979,1,0.5056980140186916,0.0011836898859496,3.40450655
MgCl2-NaCl,Mg,cl3424,0.8494623655913979,2,0.0392479556074766,0.0007287625730364,3.40450655
MgCl2-NaCl,Mg,cl3424,0.8494623655913979,3+,0.00046875,5.173186210256527e-05,3.40450655
MgCl2-NaCl,Mg,cl3360,0.8947368421052632,0,0.5895565476190476,0.0010592635698993,3.46782959
MgCl2-NaCl,Mg,cl3360,0.8947368421052632,1,0.3906934523809524,0.0018541526336127,3.46782959
MgCl2-NaCl,Mg,cl3360,0.8947368421052632,2,0.0195729166666666,0.0008184625269933,3.46782959
MgCl2-NaCl,Mg,cl3360,0.8947368421052632,3+,0.0001770833333333,3.466016279420272e-05,3.46782959
MgCl2-NaCl,Mg,cl3296,0.9381443298969072,0,0.7437105582524272,0.0006390608563246,3.43223406
MgCl2-NaCl,Mg,cl3296,0.9381443298969072,1,0.2498877427184466,0.001295477734309,3.43223406
MgCl2-NaCl,Mg,cl3296,0.9381443298969072,2,0.0063819781553398,0.0006625575578191,3.43223406
MgCl2-NaCl,Mg,cl3296,0.9381443298969072,3+,1.972087378640777e-05,1.6617796040812075e-05,3.43223406
MgCl2-NaCl,Mg,cl3264,0.9591836734693876,0,0.8244653799019608,0.0005970679464066,3.49964099
MgCl2-NaCl,Mg,cl3264,0.9591836734693876,1,0.1728170955882353,0.0008228862398653,3.49964099
MgCl2-NaCl,Mg,cl3264,0.9591836734693876,2,0.0027113970588235,0.0002794862483229,3.49964099
MgCl2-NaCl,Mg,cl3264,0.9591836734693876,3+,6.127450980392157e-06,6.4082416248014364e-06,3.49964099
MgCl2-NaCl,Mg,cl3232,0.9797979797979798,0,0.9107224628712872,0.0002123576517188,3.49684943
MgCl2-NaCl,Mg,cl3232,0.9797979797979798,1,0.08859375,0.0002790341584648,3.49684943
MgCl2-NaCl,Mg,cl3232,0.9797979797979798,2,0.0006837871287128,0.0001185271120629,3.49684943
MgCl2-NaCl,Mg,cl3232,0.9797979797979798,3+,0.0,0.0,3.49684943
