system,x_NaCl,distribution,value,probability,block_sd
cl4256,0.014925373134328358,Mg-Cl CN,0,0.0,0.0
cl4256,0.014925373134328358,Mg-Cl CN,1,0.0,0.0
cl4256,0.014925373134328358,Mg-Cl CN,2,2.3674242424242424e-05,2.6468607688207736e-05
cl4256,0.014925373134328358,Mg-Cl CN,3,0.024057765151515153,0.0005329728729066975
cl4256,0.014925373134328358,Mg-Cl CN,4,0.5393821022727273,0.0018352119418200057
cl4256,0.014925373134328358,Mg-Cl CN,5,0.3777888257575758,0.0013295727285442943
cl4256,0.014925373134328358,Mg-Cl CN,6,0.05787405303030303,0.0008516724395864785
cl4256,0.014925373134328358,Mg-Cl CN,7,0.0008688446969696969,6.515794954793034e-05
cl4256,0.014925373134328358,Mg-Cl CN,8,4.734848484848485e-06,6.483458303801682e-06
cl4256,0.014925373134328358,Mg-Cl CN,9+,0.0,0.0
cl4256,0.014925373134328358,n_Mg(Cl),0,2.349624060150376e-06,3.2173552485030907e-06
cl4256,0.014925373134328358,n_Mg(Cl),1,0.03031954887218045,0.0005614046751693805
cl4256,0.014925373134328358,n_Mg(Cl),2,0.7324459586466165,0.0010028708423639853
cl4256,0.014925373134328358,n_Mg(Cl),3+,0.23723214285714286,0.0008289982653899369
cl4224,0.058823529411764705,Mg-Cl CN,0,0.0,0.0
cl4224,0.058823529411764705,Mg-Cl CN,1,0.0,0.0
cl4224,0.058823529411764705,Mg-Cl CN,2,1.708984375e-05,1.391815704466721e-05
cl4224,0.058823529411764705,Mg-Cl CN,3,0.0219189453125,0.0005473189595472812
cl4224,0.058823529411764705,Mg-Cl CN,4,0.51952392578125,0.0014406003689263686
cl4224,0.058823529411764705,Mg-Cl CN,5,0.39143310546875,0.0012616248789728466
cl4224,0.058823529411764705,Mg-Cl CN,6,0.06601318359375,0.0006206648203203949
cl4224,0.058823529411764705,Mg-Cl CN,7,0.00109375,9.159341544093782e-05
cl4224,0.058823529411764705,Mg-Cl CN,8,0.0,0.0
cl4224,0.058823529411764705,Mg-Cl CN,9+,0.0,0.0
cl4224,0.058823529411764705,n_Mg(Cl),0,2.959280303030303e-05,9.35806599244904e-06
cl4224,0.058823529411764705,n_Mg(Cl),1,0.05373461174242424,0.0003591108290523748
cl4224,0.058823529411764705,n_Mg(Cl),2,0.7203776041666666,0.001749247583750959
cl4224,0.058823529411764705,n_Mg(Cl),3+,0.2258581912878788,0.0014259494117201826
cl4192,0.10144927536231885,Mg-Cl CN,0,0.0,0.0
cl4192,0.10144927536231885,Mg-Cl CN,1,0.0,0.0
cl4192,0.10144927536231885,Mg-Cl CN,2,1.5120967741935484e-05,1.3803491872610033e-05
cl4192,0.10144927536231885,Mg-Cl CN,3,0.019672379032258065,0.00035533380508093935
cl4192,0.10144927536231885,Mg-Cl CN,4,0.49984375,0.001463772289591585
cl4192,0.10144927536231885,Mg-Cl CN,5,0.40602318548387095,0.0017896916132053577
cl4192,0.10144927536231885,Mg-Cl CN,6,0.07319304435483871,0.0011157443113133405
cl4192,0.10144927536231885,Mg-Cl CN,7,0.0012399193548387098,0.00011466041498061824
cl4192,0.10144927536231885,Mg-Cl CN,8,1.2600806451612903e-05,1.7820231380709364e-05
cl4192,0.10144927536231885,Mg-Cl CN,9+,0.0,0.0
cl4192,0.10144927536231885,n_Mg(Cl),0,6.560114503816794e-05,2.1912181620794175e-05
cl4192,0.10144927536231885,n_Mg(Cl),1,0.07877504770992366,0.0003919770211153406
cl4192,0.10144927536231885,n_Mg(Cl),2,0.7068654580152671,0.0011489173466092567
cl4192,0.10144927536231885,n_Mg(Cl),3+,0.21429389312977098,0.0009824744296623405
cl4128,0.18309859154929578,Mg-Cl CN,0,0.0,0.0
cl4128,0.18309859154929578,Mg-Cl CN,1,0.0,0.0
cl4128,0.18309859154929578,Mg-Cl CN,2,2.1551724137931033e-05,2.2539332611370567e-05
cl4128,0.18309859154929578,Mg-Cl CN,3,0.020929418103448276,0.001259353244317475
cl4128,0.18309859154929578,Mg-Cl CN,4,0.5061422413793103,0.0010328380620702466
cl4128,0.18309859154929578,Mg-Cl CN,5,0.4019908405172414,0.0014133180890271784
cl4128,0.18309859154929578,Mg-Cl CN,6,0.06999461206896551,0.0007409996890135905
cl4128,0.18309859154929578,Mg-Cl CN,7,0.0009213362068965517,0.0001287055946723196
cl4128,0.18309859154929578,Mg-Cl CN,8,0.0,0.0
cl4128,0.18309859154929578,Mg-Cl CN,9+,0.0,0.0
cl4128,0.18309859154929578,n_Mg(Cl),0,0.00038638565891472866,6.371975987191199e-05
cl4128,0.18309859154929578,n_Mg(Cl),1,0.14300387596899225,0.0006058381390645119
cl4128,0.18309859154929578,n_Mg(Cl),2,0.6864886143410853,0.001389631044765478
cl4128,0.18309859154929578,n_Mg(Cl),3+,0.17012112403100776,0.0014277525660793351
cl4064,0.2602739726027397,Mg-Cl CN,0,0.0,0.0
cl4064,0.2602739726027397,Mg-Cl CN,1,0.0,0.0
cl4064,0.2602739726027397,Mg-Cl CN,2,2.8935185185185186e-05,1.771910982916072e-05
cl4064,0.2602739726027397,Mg-Cl CN,3,0.01939236111111111,0.0009782275328966729
cl4064,0.2602739726027397,Mg-Cl CN,4,0.4940653935185185,0.002614102220800228
cl4064,0.2602739726027397,Mg-Cl CN,5,0.41152777777777777,0.0019879230334888874
cl4064,0.2602739726027397,Mg-Cl CN,6,0.07403356481481481,0.0007406361823992473
cl4064,0.2602739726027397,Mg-Cl CN,7,0.0009519675925925926,0.00010797516294586392
cl4064,0.2602739726027397,Mg-Cl CN,8,0.0,0.0
cl4064,0.2602739726027397,Mg-Cl CN,9+,0.0,0.0
cl4064,0.2602739726027397,n_Mg(Cl),0,0.0011417322834645668,0.00010019704980604502
cl4064,0.2602739726027397,n_Mg(Cl),1,0.21244832677165354,0.0007506761464400305
cl4064,0.2602739726027397,n_Mg(Cl),2,0.6460482283464567,0.0013217127662345596
cl4064,0.2602739726027397,n_Mg(Cl),3+,0.1403617125984252,0.000704273378740088
cl4000,0.3333333333333333,Mg-Cl CN,0,0.0,0.0
cl4000,0.3333333333333333,Mg-Cl CN,1,0.0,0.0
cl4000,0.3333333333333333,Mg-Cl CN,2,1.25e-05,1.3072812914594932e-05
cl4000,0.3333333333333333,Mg-Cl CN,3,0.01845,0.0006926652555527826
cl4000,0.3333333333333333,Mg-Cl CN,4,0.493390625,0.0013562283984454955
cl4000,0.3333333333333333,Mg-Cl CN,5,0.4113625,0.0006117142600409956
cl4000,0.3333333333333333,Mg-Cl CN,6,0.07583125,0.0005411982149014357
cl4000,0.3333333333333333,Mg-Cl CN,7,0.000953125,0.00010423175050098704
cl4000,0.3333333333333333,Mg-Cl CN,8,0.0,0.0
cl4000,0.3333333333333333,Mg-Cl CN,9+,0.0,0.0
cl4000,0.3333333333333333,n_Mg(Cl),0,0.0030675,0.0001747989917018974
cl4000,0.3333333333333333,n_Mg(Cl),1,0.28904375,0.0008498276479675253
cl4000,0.3333333333333333,n_Mg(Cl),2,0.59802875,0.001513626904573914
cl4000,0.3333333333333333,n_Mg(Cl),3+,0.10986,0.000723970173764085
cl3936,0.4025974025974026,Mg-Cl CN,0,0.0,0.0
cl3936,0.4025974025974026,Mg-Cl CN,1,0.0,0.0
cl3936,0.4025974025974026,Mg-Cl CN,2,6.7934782608695655e-06,9.302353218498067e-06
cl3936,0.4025974025974026,Mg-Cl CN,3,0.015230978260869565,0.00046300432639643374
cl3936,0.4025974025974026,Mg-Cl CN,4,0.47885529891304346,0.0023382669599080266
cl3936,0.4025974025974026,Mg-Cl CN,5,0.4200441576086957,0.002451171544034158
cl3936,0.4025974025974026,Mg-Cl CN,6,0.08456182065217391,0.0015074883631417102
cl3936,0.4025974025974026,Mg-Cl CN,7,0.0013009510869565217,0.00011556403421334234
cl3936,0.4025974025974026,Mg-Cl CN,8,0.0,0.0
cl3936,0.4025974025974026,Mg-Cl CN,9+,0.0,0.0
cl3936,0.4025974025974026,n_Mg(Cl),0,0.006873729674796748,0.0002358412710079215
cl3936,0.4025974025974026,n_Mg(Cl),1,0.3663401930894309,0.0009355084831624674
cl3936,0.4025974025974026,n_Mg(Cl),2,0.5380843495934959,0.0009049339711792286
cl3936,0.4025974025974026,n_Mg(Cl),3+,0.08870172764227642,0.000531631476988921
cl3872,0.46835443037974683,Mg-Cl CN,0,0.0,0.0
cl3872,0.46835443037974683,Mg-Cl CN,1,0.0,0.0
cl3872,0.46835443037974683,Mg-Cl CN,2,3.7202380952380952e-06,8.318705273436717e-06
cl3872,0.46835443037974683,Mg-Cl CN,3,0.01488095238095238,0.0004225378233482351
cl3872,0.46835443037974683,Mg-Cl CN,4,0.4986904761904762,0.002035730126578756
cl3872,0.46835443037974683,Mg-Cl CN,5,0.40775669642857143,0.0028372761135289507
cl3872,0.46835443037974683,Mg-Cl CN,6,0.07778645833333334,0.0010396218503440214
cl3872,0.46835443037974683,Mg-Cl CN,7,0.0008779761904761905,0.0001671004068562181
cl3872,0.46835443037974683,Mg-Cl CN,8,3.7202380952380952e-06,8.318705273436719e-06
cl3872,0.46835443037974683,Mg-Cl CN,9+,0.0,0.0
cl3872,0.46835443037974683,n_Mg(Cl),0,0.014288481404958678,0.000433146732963845
cl3872,0.46835443037974683,n_Mg(Cl),1,0.45495996900826446,0.00047279858073675845
cl3872,0.46835443037974683,n_Mg(Cl),2,0.46942665289256197,0.0006183094773730689
cl3872,0.46835443037974683,n_Mg(Cl),3+,0.06132489669421488,0.0005881367137501035
cl3808,0.5308641975308642,Mg-Cl CN,0,0.0,0.0
cl3808,0.5308641975308642,Mg-Cl CN,1,0.0,0.0
cl3808,0.5308641975308642,Mg-Cl CN,2,8.223684210526316e-06,1.1260743369760817e-05
cl3808,0.5308641975308642,Mg-Cl CN,3,0.015538651315789473,0.000836181282734325
cl3808,0.5308641975308642,Mg-Cl CN,4,0.5264432565789474,0.0028577450539185477
cl3808,0.5308641975308642,Mg-Cl CN,5,0.3907483552631579,0.002033388031509559
cl3808,0.5308641975308642,Mg-Cl CN,6,0.06668174342105262,0.0015360771184002942
cl3808,0.5308641975308642,Mg-Cl CN,7,0.0005797697368421053,0.00016408774621081343
cl3808,0.5308641975308642,Mg-Cl CN,8,0.0,0.0
cl3808,0.5308641975308642,Mg-Cl CN,9+,0.0,0.0
cl3808,0.5308641975308642,n_Mg(Cl),0,0.029279149159663866,0.0003506478012781289
cl3808,0.5308641975308642,n_Mg(Cl),1,0.5407352941176471,0.0016242379250591057
cl3808,0.5308641975308642,n_Mg(Cl),2,0.39136029411764706,0.0010640568679544824
cl3808,0.5308641975308642,n_Mg(Cl),3+,0.03862526260504202,0.0005233727381436744
cl3744,0.5903614457831325,Mg-Cl CN,0,0.0,0.0
cl3744,0.5903614457831325,Mg-Cl CN,1,0.0,0.0
cl3744,0.5903614457831325,Mg-Cl CN,2,0.0,0.0
cl3744,0.5903614457831325,Mg-Cl CN,3,0.010730698529411765,0.0007996191471188105
cl3744,0.5903614457831325,Mg-Cl CN,4,0.5136764705882353,0.002944423902294583
cl3744,0.5903614457831325,Mg-Cl CN,5,0.40074448529411766,0.0026858451416035944
cl3744,0.5903614457831325,Mg-Cl CN,6,0.07392463235294118,0.0010662358946421568
cl3744,0.5903614457831325,Mg-Cl CN,7,0.0009145220588235295,0.00012202130558227715
cl3744,0.5903614457831325,Mg-Cl CN,8,9.191176470588234e-06,1.2585536707379735e-05
cl3744,0.5903614457831325,Mg-Cl CN,9+,0.0,0.0
cl3744,0.5903614457831325,n_Mg(Cl),0,0.05253338675213675,0.0008966639936539383
cl3744,0.5903614457831325,n_Mg(Cl),1,0.6026268696581196,0.0021665177711233555
cl3744,0.5903614457831325,n_Mg(Cl),2,0.31826255341880344,0.0015282747042953103
cl3744,0.5903614457831325,n_Mg(Cl),3+,0.026577190170940172,0.0005625127775007561
cl3680,0.6470588235294118,Mg-Cl CN,0,0.0,0.0
cl3680,0.6470588235294118,Mg-Cl CN,1,0.0,0.0
cl3680,0.6470588235294118,Mg-Cl CN,2,0.0,0.0
cl3680,0.6470588235294118,Mg-Cl CN,3,0.010348958333333333,0.00036947976870075944
cl3680,0.6470588235294118,Mg-Cl CN,4,0.54034375,0.0033596475180162283
cl3680,0.6470588235294118,Mg-Cl CN,5,0.385390625,0.002824470570934726
cl3680,0.6470588235294118,Mg-Cl CN,6,0.06346354166666666,0.000811063099083198
cl3680,0.6470588235294118,Mg-Cl CN,7,0.000453125,9.49717840042212e-05
cl3680,0.6470588235294118,Mg-Cl CN,8,0.0,0.0
cl3680,0.6470588235294118,Mg-Cl CN,9+,0.0,0.0
cl3680,0.6470588235294118,n_Mg(Cl),0,0.09297146739130435,0.0001674147931360149
cl3680,0.6470588235294118,n_Mg(Cl),1,0.6537010869565217,0.0007527805410254694
cl3680,0.6470588235294118,n_Mg(Cl),2,0.2391100543478261,0.0006171978752029241
cl3680,0.6470588235294118,n_Mg(Cl),3+,0.014217391304347826,0.00023392659531718893
cl3616,0.7011494252873564,Mg-Cl CN,0,0.0,0.0
cl3616,0.7011494252873564,Mg-Cl CN,1,0.0,0.0
cl3616,0.7011494252873564,Mg-Cl CN,2,0.0,0.0
cl3616,0.7011494252873564,Mg-Cl CN,3,0.008599759615384615,0.00036207620988923264
cl3616,0.7011494252873564,Mg-Cl CN,4,0.5406850961538462,0.002622286566018192
cl3616,0.7011494252873564,Mg-Cl CN,5,0.38717548076923075,0.0017901190688080853
cl3616,0.7011494252873564,Mg-Cl CN,6,0.06308894230769231,0.0013454024345149736
cl3616,0.7011494252873564,Mg-Cl CN,7,0.00045072115384615387,0.00010189798652531954
cl3616,0.7011494252873564,Mg-Cl CN,8,0.0,0.0
cl3616,0.7011494252873564,Mg-Cl CN,9+,0.0,0.0
cl3616,0.7011494252873564,n_Mg(Cl),0,0.1513799778761062,0.0012272733437410151
cl3616,0.7011494252873564,n_Mg(Cl),1,0.6681042588495575,0.0027556456885264222
cl3616,0.7011494252873564,n_Mg(Cl),2,0.17292311946902655,0.0016282911309353136
cl3616,0.7011494252873564,n_Mg(Cl),3+,0.007592643805309734,0.0004074520273398646
cl3552,0.7528089887640449,Mg-Cl CN,0,0.0,0.0
cl3552,0.7528089887640449,Mg-Cl CN,1,0.0,0.0
cl3552,0.7528089887640449,Mg-Cl CN,2,0.0,0.0
cl3552,0.7528089887640449,Mg-Cl CN,3,0.007585227272727273,0.0005950670473196992
cl3552,0.7528089887640449,Mg-Cl CN,4,0.5579048295454545,0.002191600716583571
cl3552,0.7528089887640449,Mg-Cl CN,5,0.37735795454545457,0.002358981156581673
cl3552,0.7528089887640449,Mg-Cl CN,6,0.05690340909090909,0.0016778132862416944
cl3552,0.7528089887640449,Mg-Cl CN,7,0.00024857954545454543,4.3492360489758124e-05
cl3552,0.7528089887640449,Mg-Cl CN,8,0.0,0.0
cl3552,0.7528089887640449,Mg-Cl CN,9+,0.0,0.0
cl3552,0.7528089887640449,n_Mg(Cl),0,0.2328828828828829,0.0007734915518322926
cl3552,0.7528089887640449,n_Mg(Cl),1,0.6489118806306307,0.0016424460635725098
cl3552,0.7528089887640449,n_Mg(Cl),2,0.11476632882882883,0.0008600402383300715
cl3552,0.7528089887640449,n_Mg(Cl),3+,0.0034389076576576577,0.00023063687840152629
cl3488,0.8021978021978022,Mg-Cl CN,0,0.0,0.0
cl3488,0.8021978021978022,Mg-Cl CN,1,0.0,0.0
cl3488,0.8021978021978022,Mg-Cl CN,2,0.0,0.0
cl3488,0.8021978021978022,Mg-Cl CN,3,0.006085069444444444,0.0004648354422045238
cl3488,0.8021978021978022,Mg-Cl CN,4,0.5354427083333333,0.0032390513381365216
cl3488,0.8021978021978022,Mg-Cl CN,5,0.3951909722222222,0.0037081317569017426
cl3488,0.8021978021978022,Mg-Cl CN,6,0.063046875,0.0017786138475921203
cl3488,0.8021978021978022,Mg-Cl CN,7,0.00022569444444444443,7.131804134181852e-05
cl3488,0.8021978021978022,Mg-Cl CN,8,8.680555555555556e-06,1.9410312304685675e-05
cl3488,0.8021978021978022,Mg-Cl CN,9+,0.0,0.0
cl3488,0.8021978021978022,n_Mg(Cl),0,0.3310192087155963,0.0007532693983405259
cl3488,0.8021978021978022,n_Mg(Cl),1,0.5938302752293578,0.0015344280029071624
cl3488,0.8021978021978022,n_Mg(Cl),2,0.07353784403669725,0.0008612705749896782
cl3488,0.8021978021978022,n_Mg(Cl),3+,0.001612672018348624,0.00011928982925095497
cl3424,0.8494623655913979,Mg-Cl CN,0,0.0,0.0
cl3424,0.8494623655913979,Mg-Cl CN,1,0.0,0.0
cl3424,0.8494623655913979,Mg-Cl CN,2,0.0,0.0
cl3424,0.8494623655913979,Mg-Cl CN,3,0.006495535714285714,0.000336213623468573
cl3424,0.8494623655913979,Mg-Cl CN,4,0.5634933035714286,0.003371016108149437
cl3424,0.8494623655913979,Mg-Cl CN,5,0.37800223214285716,0.004058036328186352
cl3424,0.8494623655913979,Mg-Cl CN,6,0.05185267857142857,0.0018293871286368553
cl3424,0.8494623655913979,Mg-Cl CN,7,0.00015625,7.275895541520813e-05
cl3424,0.8494623655913979,Mg-Cl CN,8,0.0,0.0
cl3424,0.8494623655913979,Mg-Cl CN,9+,0.0,0.0
cl3424,0.8494623655913979,n_Mg(Cl),0,0.4545852803738318,0.0004510056490137316
cl3424,0.8494623655913979,n_Mg(Cl),1,0.5056980140186916,0.0011836898859496762
cl3424,0.8494623655913979,n_Mg(Cl),2,0.03924795560747663,0.000728762573036415
cl3424,0.8494623655913979,n_Mg(Cl),3+,0.00046875,5.173186210256527e-05
cl3360,0.8947368421052632,Mg-Cl CN,0,0.0,0.0
cl3360,0.8947368421052632,Mg-Cl CN,1,0.0,0.0
cl3360,0.8947368421052632,Mg-Cl CN,2,0.0,0.0
cl3360,0.8947368421052632,Mg-Cl CN,3,0.0040625,0.0004453810254293508
cl3360,0.8947368421052632,Mg-Cl CN,4,0.535203125,0.0007686483672655836
cl3360,0.8947368421052632,Mg-Cl CN,5,0.398640625,0.003925188465817594
cl3360,0.8947368421052632,Mg-Cl CN,6,0.06196875,0.0035249009571635464
cl3360,0.8947368421052632,Mg-Cl CN,7,0.000125,6.987712429686842e-05
cl3360,0.8947368421052632,Mg-Cl CN,8,0.0,0.0
cl3360,0.8947368421052632,Mg-Cl CN,9+,0.0,0.0
cl3360,0.8947368421052632,n_Mg(Cl),0,0.5895565476190476,0.001059263569899319
cl3360,0.8947368421052632,n_Mg(Cl),1,0.3906934523809524,0.0018541526336127284
cl3360,0.8947368421052632,n_Mg(Cl),2,0.019572916666666666,0.000818462526993389
cl3360,0.8947368421052632,n_Mg(Cl),3+,0.00017708333333333335,3.466016279420272e-05
cl3296,0.9381443298969072,Mg-Cl CN,0,0.0,0.0
cl3296,0.9381443298969072,Mg-Cl CN,1,0.0,0.0
cl3296,0.9381443298969072,Mg-Cl CN,2,0.0,0.0
cl3296,0.9381443298969072,Mg-Cl CN,3,0.0046875,0.0008286407592029853
cl3296,0.9381443298969072,Mg-Cl CN,4,0.5385416666666667,0.0047637390963351095
cl3296,0.9381443298969072,Mg-Cl CN,5,0.39911458333333333,0.006509374916653326
cl3296,0.9381443298969072,Mg-Cl CN,6,0.057526041666666666,0.0027365442784054515
cl3296,0.9381443298969072,Mg-Cl CN,7,0.00013020833333333333,0.00013020833333333333
cl3296,0.9381443298969072,Mg-Cl CN,8,0.0,0.0
cl3296,0.9381443298969072,Mg-Cl CN,9+,0.0,0.0
cl3296,0.9381443298969072,n_Mg(Cl),0,0.7437105582524272,0.000639060856324678
cl3296,0.9381443298969072,n_Mg(Cl),1,0.2498877427184466,0.0012954777343090504
cl3296,0.9381443298969072,n_Mg(Cl),2,0.006381978155339806,0.0006625575578191651
cl3296,0.9381443298969072,n_Mg(Cl),3+,1.9720873786407766e-05,1.6617796040812075e-05
cl3264,0.9591836734693877,Mg-Cl CN,0,0.0,0.0
cl3264,0.9591836734693877,Mg-Cl CN,1,0.0,0.0
cl3264,0.9591836734693877,Mg-Cl CN,2,0.0,0.0
cl3264,0.9591836734693877,Mg-Cl CN,3,0.0034375,0.0006709204702077215
cl3264,0.9591836734693877,Mg-Cl CN,4,0.5133203125,0.012426848945208575
cl3264,0.9591836734693877,Mg-Cl CN,5,0.4175390625,0.012552076579787257
cl3264,0.9591836734693877,Mg-Cl CN,6,0.065625,0.0012807497117777347
cl3264,0.9591836734693877,Mg-Cl CN,7,7.8125e-05,0.00010697706201272776
cl3264,0.9591836734693877,Mg-Cl CN,8,0.0,0.0
cl3264,0.9591836734693877,Mg-Cl CN,9+,0.0,0.0
cl3264,0.9591836734693877,n_Mg(Cl),0,0.8244653799019608,0.0005970679464066741
cl3264,0.9591836734693877,n_Mg(Cl),1,0.1728170955882353,0.0008228862398653541
cl3264,0.9591836734693877,n_Mg(Cl),2,0.0027113970588235293,0.0002794862483229004
cl3264,0.9591836734693877,n_Mg(Cl),3+,6.127450980392157e-06,6.4082416248014364e-06
cl3232,0.9797979797979798,Mg-Cl CN,0,0.0,0.0
cl3232,0.9797979797979798,Mg-Cl CN,1,0.0,0.0
cl3232,0.9797979797979798,Mg-Cl CN,2,0.0,0.0
cl3232,0.9797979797979798,Mg-Cl CN,3,0.003046875,0.0008907620508587016
cl3232,0.9797979797979798,Mg-Cl CN,4,0.5153125,0.007631696918219603
cl3232,0.9797979797979798,Mg-Cl CN,5,0.41734375,0.011136581050753413
cl3232,0.9797979797979798,Mg-Cl CN,6,0.064140625,0.006863226780162338
cl3232,0.9797979797979798,Mg-Cl CN,7,0.00015625,0.00021395412402545552
cl3232,0.9797979797979798,Mg-Cl CN,8,0.0,0.0
cl3232,0.9797979797979798,Mg-Cl CN,9+,0.0,0.0
cl3232,0.9797979797979798,n_Mg(Cl),0,0.9107224628712871,0.00021235765171884218
cl3232,0.9797979797979798,n_Mg(Cl),1,0.08859375,0.00027903415846480925
cl3232,0.9797979797979798,n_Mg(Cl),2,0.0006837871287128712,0.0001185271120629824
cl3232,0.9797979797979798,n_Mg(Cl),3+,0.0,0.0
