model,model_code,atoms,sampled_span_ps,bin,k_cycles_per_A,k2_cycles2_per_A2,k_ang_per_A,n_vector_samples,mean_vectors_per_frame,n_contributing_frames,S,S_error,Szz,Szz_error,NaNa,NaNa_error,NaCl,NaCl_error,ClCl,ClCl_error
MACE-SR,SR,400,500.0,8,0.04246749197577352,0.0018034882198136597,0.26683112161494715,9,3.0,3,0.2135626794396299,0.1331913134334203,0.003980784193267972,0.00263442126169819,0.1144455179451882,0.07060946104499749,0.10479094762318096,0.06791286734755925,0.10309794568770965,0.059947431126724626
MACE-SR,SR,400,500.0,9,0.04319312459211721,0.001865699594122624,0.2713904058083681,3744,3.0,1248,0.10539789952911004,0.0027419845509344043,0.0037368752750265486,6.23320332209949e-05,0.05664129494203605,0.0012497891803073082,0.05083051212704174,0.0013826979787397774,0.05249347986210054,0.0014889843330006857
MACE-SR,SR,400,500.0,12,0.06108184168940145,0.0037311008123492822,0.3837885302383167,7506,6.0,1251,0.10761864018883573,0.0003117252322031271,0.006693621663981428,0.00011778570862076344,0.06071849635595733,0.0001468454589734798,0.05046250926242715,0.00018594132695991003,0.05359376549685984,0.00018187958236529588
MACE-SR,SR,400,500.0,15,0.07480967234424737,0.005596651218523923,0.4700430341082941,5004,4.0,1251,0.10988037809327547,0.0018880891251718218,0.010411710714332225,0.00012995668752864524,0.06583654825348739,0.001526102561282078,0.049734333689471624,0.0009483814558966626,0.054455540554120316,0.0005626931296211868
MACE-SR,SR,400,500.0,17,0.08637238437717107,0.007460395807291631,0.5426936964647089,3723,3.0,1241,0.115831584792253,0.0015436282859107068,0.014552480686965675,0.000303415568758476,0.07342369345938293,0.0012180813773863854,0.05063955205264368,0.000676410956410988,0.05696037201983576,0.000602769855671204
MACE-SR,SR,400,500.0,18,0.08767149217098892,0.0076863035648989655,0.5508562314672677,30,3.0,10,0.0826668075337615,0.027915448714733254,0.013269672542833169,0.004479337278635533,0.054400212753172715,0.010643783496332817,0.03469856749546417,0.014611166498939508,0.04153626732342196,0.017777458965503846
MACE-SR,SR,400,500.0,19,0.0965391808890159,0.009320048246494505,0.606573562929017,14508,12.0,1209,0.1199402370361285,0.001667483225742891,0.018855897837080682,0.0001449150967907757,0.07820393265373568,0.0006283875920881986,0.050542169599523915,0.0008735014433374769,0.06059220221947351,0.0010557180461439914
MACE-SR,SR,400,500.0,20,0.09772140028804298,0.009549510966917238,0.6140016664868466,504,12.0,42,0.09618706518717526,0.0030860763000791387,0.020936478661368395,0.00034099236822598245,0.06352263301285532,0.0017638223232807548,0.03762529326290343,0.001621247207123236,0.05360091083568833,0.0017335324960622322
MACE-SR,SR,800,500.0,7,0.03426693835298994,0.0011742418889154247,0.21530552358153504,3753,3.0,1251,0.10871860768659826,0.0013237481114428858,0.002817407951589454,4.6853218888067604e-05,0.0574774954546826,0.0003585531070730369,0.052950599867504396,0.0006809386439713496,0.05405852018350512,0.0009344682735654202
MACE-SR,SR,800,500.0,10,0.04846076895980114,0.0023484837778308494,0.3044879915028471,7506,6.0,1251,0.11183097989798467,0.001644733178727454,0.00435653530144876,6.608414931732946e-05,0.06056215947573645,0.0009263076418893995,0.05373722229826795,0.0008072878877304235,0.05562535572369697,0.0008739031472075714
MACE-SR,SR,800,500.0,12,0.059352078247209165,0.003522725666746274,0.3729201059934378,5004,4.0,1251,0.11058672355411961,0.003543866529550485,0.006307748793038617,9.295744786593356e-05,0.06204640247600555,0.001727672558126327,0.05213948738054051,0.0017958063129288702,0.05484806987115269,0.0017937097251880506
MACE-SR,SR,800,500.0,14,0.06853387670597988,0.004696967555661699,0.4306110471630701,3753,3.0,1251,0.11410425315400397,0.0015442885602743595,0.008628654227788458,0.00018151785439946176,0.0659247926337399,0.0009806217170657376,0.052737799463107755,0.0007043933643336874,0.05680811474805252,0.0009005538746050066
MACE-SR,SR,800,500.0,15,0.07661947306517525,0.005870634668727245,0.48141434740695116,14952,12.0,1246,0.11382307737828441,0.0013744450465636542,0.011023885744469875,2.5467505606660697e-05,0.0681812537737488,0.0008273020701819112,0.05139959581690729,0.0006916847111611606,0.056665709349005514,0.0005627201670726428
MACE-SR,SR,800,500.0,16,0.07755283738599553,0.0060144435863664835,0.4872788483937748,60,12.0,5,0.09067368192396212,0.0049418820640459256,0.011927431278325384,0.0018975461648352526,0.055287459366015736,0.0008041412080048904,0.03937312532281837,0.003406853659149498,0.047313653836271764,0.0038833277864706315
MACE-SR,SR,800,500.0,17,0.08393651401223236,0.007045451333492547,0.5273886715775318,15012,12.0,1251,0.11768040211162623,0.0013587892180622117,0.01336069955671442,0.00014909153306335126,0.07270163589333448,0.0008043024637034564,0.05215985127745591,0.0006412213196168603,0.058339465775006184,0.0006853167034053323
MACE-SR,SR,800,500.0,19,0.096869136354869,0.009383745659172974,0.6086467342640888,7026,6.0,1171,0.12439187107667116,0.0013528477447523446,0.01885812582791208,0.0002049822865575746,0.08051723516151756,0.0006350119583158423,0.052766872624379554,0.000776094208732785,0.06273276174306572,0.0005735244396594053
MACE-SR,SR,800,500.0,20,0.09768856582338575,0.009543083217175204,0.6137953614609433,480,6.0,80,0.112326264559603,0.007054320532096586,0.018319038222538366,0.0012404451704334976,0.07398626719511747,0.005417396538521644,0.04700361316853232,0.0033502849789862985,0.0566590355870239,0.003208479045427402
MACE-SR,SR,1600,500.0,5,0.0272041320840321,0.0007400706854608523,0.17092860300496326,3753,3.0,1251,0.10924453652730147,0.004120563918399876,0.0023924506177988285,4.2333705100633326e-05,0.05720224190896846,0.002276449743718794,0.05342604295475133,0.002069707750977364,0.054434745236131864,0.0018307693873183255
MACE-SR,SR,1600,500.0,8,0.03847245254582724,0.0014801413709217045,0.2417295485671056,7506,6.0,1251,0.10687928394466675,0.001095925572298253,0.003181516455509475,6.704823316115221e-05,0.05686159658531096,0.0007112815403298013,0.05184888374457865,0.0005475026538585194,0.05319920381486527,0.00041789516213513816
MACE-SR,SR,1600,500.0,9,0.047118294265829516,0.002220151071785232,0.29605297423042415,4996,4.0,1249,0.1086870913870618,0.0018076377919614636,0.004268622704854977,6.47692516340872e-05,0.059103883579564476,0.0007552939874815433,0.05220923434110341,0.0009327170892899589,0.05385183051235229,0.0010089358557135186
MACE-SR,SR,1600,500.0,10,0.047521541311025775,0.0022582969374119553,0.2985866501399649,8,4.0,2,0.10399447647288035,0.07374432127369902,0.005609210317431067,0.002212617656786551,0.04571281478136868,0.02941762783302747,0.04919263307772464,0.035765851808456234,0.06389087200894275,0.04653931109745812
MACE-SR,SR,1600,500.0,11,0.0544082641680642,0.002960282741843409,0.34185720600992653,3753,3.0,1251,0.11019189101791678,0.001740456634340608,0.005259951671550554,6.0325505081673204e-05,0.061431291085686276,0.00085337924092687,0.05246596967318311,0.0008646047106130759,0.05402055160378103,0.0009135975896165302
MACE-SR,SR,1600,500.0,12,0.060830288608778794,0.0037003534273042614,0.38220797561817266,15012,12.0,1251,0.11204554535198753,0.0012378044950624393,0.006683870791588131,2.616782204663257e-05,0.06368656773886537,0.0007160033197801696,0.0526808372801997,0.0006201009559343731,0.05504284840471031,0.0005537079264664017
MACE-SR,SR,1600,500.0,13,0.0666362425011554,0.004440424112765114,0.41868785980891543,15012,12.0,1251,0.11218602649448223,0.001303010871880796,0.008102887185068647,7.600534686620893e-05,0.06465927587267468,0.0007498762790741352,0.05204156965470679,0.00065018464583455,0.05562963780687618,0.0005962048541307013
MACE-SR,SR,1600,500.0,15,0.07694195575607612,0.005920110026825607,0.4834405659122393,7470,6.0,1245,0.1147214821788026,0.0014634160761805488,0.011069205127319163,8.115372181525984e-05,0.06883277447583509,0.0006138412198744866,0.05182613852574172,0.0007533916657245021,0.05695791283028666,0.0009375550547148021
MACE-SR,SR,1600,500.0,16,0.08160463080637502,0.006659400049690017,0.5127370172804302,18801,15.028776978417266,1251,0.11450351846910187,0.000978346239478089,0.012548388738476924,4.151694498251307e-05,0.069940547725779,0.0005808715371700925,0.050977564865312464,0.00048212578248383475,0.057111359481799795,0.0004251572458584786
MACE-SR,SR,1600,500.0,17,0.08602701915360456,0.007400706854608523,0.540523702766385,15012,12.0,1251,0.11808962612782471,0.001474589086161907,0.014285609961268635,9.309291689251671e-05,0.07330267960522256,0.0008361536571786474,0.05190200808327804,0.0007243773077660204,0.05907255648387077,0.0007141627494540564
MACE-SR,SR,1600,500.0,18,0.09022589887000357,0.008140777540069376,0.5669060421070776,15012,12.0,1251,0.1181857943719875,0.0009019090507529317,0.015971782824224054,0.00016280828345532837,0.07484654234853182,0.0007503928391583275,0.05110700577388172,0.00045902684760364164,0.05931103484767972,0.00024047032454650835
MACE-SR,SR,1600,500.0,19,0.09438903350762268,0.008909811255030917,0.5930637884939765,5256,4.201438848920863,1251,0.12171076871418696,0.0009032000876319677,0.018269812683603733,0.00016154542515658377,0.07869462291713808,0.0006200920034644405,0.0517204780152916,0.00048741737063822717,0.06128595848065261,0.000701567834962074
MACE-SR,SR,1600,500.0,20,0.09809776480818247,0.009623240599993824,0.6163664345099308,14760,12.0,1230,0.1218148372747449,0.0010749723619836076,0.019367473087057427,0.00016449377077422367,0.08002759023009272,0.0007947896994507467,0.051223682093843745,0.0005617660063658281,0.061154720131709625,0.0006111134334512803
MACE-SR,SR,2700,500.0,5,0.02285352699782823,0.0005222859202858474,0.14359294504998632,3753,3.0,1251,0.10632894520928811,0.00216171539931981,0.0021944830401394518,4.614879588174209e-05,0.05538817819752751,0.0011097951411629444,0.052067231084574325,0.0010764927227876126,0.05313525005190005,0.0010928245910942433
MACE-SR,SR,2700,500.0,6,0.03231878666367087,0.0010445082390602965,0.20306492551104838,7470,6.0,1245,0.10896564341456369,0.002161151043607302,0.0027992709584878346,1.2678685680304564e-05,0.05757911452215221,0.0010804881145945573,0.05308318622803794,0.0010848822905220005,0.05418579985089934,0.0010768889004144006
MACE-SR,SR,2700,500.0,7,0.032523359507268056,0.0010577691541868123,0.20435029459618614,36,6.0,6,0.06735260146693177,0.008467922448638695,0.002486391683472195,0.00017717040684695818,0.03570630575062185,0.005462960208869635,0.032433104891729785,0.004311633863551036,0.03413268739978212,0.002917836063970122
MACE-SR,SR,2700,500.0,8,0.03958346989238552,0.001566857760857542,0.24871027643502222,5004,4.0,1251,0.11026586337215112,0.0018136454979844699,0.003275539040564457,6.301588354455996e-05,0.0589371987827985,0.0009283027292963525,0.05349516216579335,0.0009104395730252301,0.054604203629917095,0.0009274701771228204
MACE-SR,SR,2700,500.0,9,0.04570705399565646,0.0020891436811433894,0.28718589009997264,3753,3.0,1251,0.10778182281575918,0.0026110646616294944,0.004065311948776015,8.079427386599088e-05,0.058554179497567235,0.0014414358577468605,0.05185825543349159,0.001324682227705445,0.05329295526696796,0.001159244912983068
MACE-SR,SR,2700,500.0,10,0.05110203989277061,0.002611429601429237,0.32108358622116134,15012,12.0,1251,0.10754376765170863,0.0014707957376223128,0.004783660286617608,1.9617549943510112e-05,0.05895206460524201,0.000640643794707145,0.051380053682545515,0.0007429201456561149,0.05337536333308423,0.0008336587815741213
MACE-SR,SR,2700,500.0,11,0.05597947996759869,0.003133715521715084,0.35172944603597006,15012,12.0,1251,0.10844865590880425,0.0011122430951715887,0.005668172860569431,5.619151741567751e-05,0.06049636966572577,0.0006877657073534113,0.051390241524117405,0.0005465490702950029,0.05362045910364789,0.0004621432542078955
MACE-SR,SR,2700,500.0,13,0.06463953565677673,0.004178287362286779,0.4061421807015705,7506,6.0,1251,0.11068236827540166,0.0022731022390971227,0.0074828763106997796,8.025207722457697e-05,0.06299336280991721,0.0014483134038140596,0.051599745982350946,0.0011131769535926807,0.055171881776184234,0.0010047120630586773
MACE-SR,SR,2700,500.0,14,0.07013466978125858,0.004922216380662103,0.44066912669349606,32745,26.17505995203837,1251,0.11133345956672014,0.0005518273830114887,0.008981097658511098,6.725160728625414e-05,0.06514009261373815,0.0002267055423313744,0.051176180954104526,0.0002834904288349561,0.05517446461149309,0.00033850293121626303
MACE-SR,SR,2700,500.0,15,0.07558856336701383,0.005714283420883117,0.47493695073843445,16044,12.824940047961631,1251,0.11430727511638071,0.0005512606191856654,0.010496697055248121,8.468937853505397e-05,0.06808065241875842,0.00022056395085609816,0.05190528903056629,0.0003097249969381472,0.05672331975287041,0.00031484796932677286
MACE-SR,SR,2700,500.0,16,0.08132640699704431,0.0066161489292502484,0.5109888855295359,15876,12.690647482014388,1251,0.11545720306742982,0.001061191667796897,0.012299235485364088,8.607657965044688e-05,0.07017809616362718,0.0005790235239702477,0.05157898379103286,0.000548670492503339,0.05757834238916672,0.0004777006803358039
MACE-SR,SR,2700,500.0,17,0.08515834972454459,0.007252869985631787,0.5350656917729193,34164,27.309352517985612,1251,0.11802077740609195,0.0009039348802973894,0.013764508939353786,0.00013002249534436149,0.0727952274067497,0.000438644549085056,0.05212813423336908,0.0004552953405447583,0.05899005893869605,0.0005284172138455532
MACE-SR,SR,2700,500.0,18,0.09141410799131292,0.008356574724573558,0.5743717801999453,3753,3.0,1251,0.11826614688937134,0.0016768844159764525,0.016541357947953434,0.00033804846371328617,0.0758033685978841,0.0012437770081753664,0.05086239447070895,0.0007753777448658903,0.059004136239440674,0.0006781681157340347
MACE-SR,SR,2700,500.0,19,0.09539380286521401,0.009101838096222488,0.5993769405586986,52434,41.9136690647482,1251,0.12147438408174278,0.0003480463111905503,0.018243379850870593,0.00010977942895890112,0.07812505772588989,0.0003925113731799457,0.0516155021154361,0.00015655245281110812,0.06159270620672348,0.0001786076533888967
MACE-SR,SR,2700,500.0,20,0.09958382281352297,0.009917003255714756,0.6257036123347028,14568,12.02972749793559,1211,0.12063085939008036,0.0006056062722718867,0.020152627262245957,0.00019270471846482488,0.07948797967810517,0.00042790246240878143,0.050239116063917205,0.0003207722468955305,0.06129550697422117,0.0002128684446108517
MACE-SR,SR,3200,500.0,4,0.02159487866932246,0.0004663404573009906,0.13568462436541273,3753,3.0,1251,0.10588017849799414,0.0017243760474741716,0.0021450142616276594,6.427187139820618e-05,0.05528990733158211,0.0007376507717609672,0.05186758211818324,0.0008641327472096665,0.0527352854280397,0.0009952618171000282
MACE-SR,SR,3200,500.0,6,0.03053977029195728,0.0009326809146019812,0.19188703598306558,7506,6.0,1251,0.10724625768552032,0.0011646785861881544,0.0025343754697745905,2.635199816929394e-05,0.05617879493730488,0.0005670596410749897,0.05235594110787288,0.0005876977551242183,0.05360183821799007,0.0006261893892124833
MACE-SR,SR,3200,500.0,7,0.03739174066774767,0.0013981460194985938,0.23493923557346158,4592,4.0,1148,0.10896549663307536,0.0021226262321597453,0.003172025682705998,1.686774973803915e-05,0.05788144089388279,0.0013054138578524987,0.052896735475184684,0.0010562254757789742,0.05425608142189857,0.0008797168259522916
MACE-SR,SR,3200,500.0,8,0.03753367901605919,0.0014087777268566234,0.23583106051809785,412,4.0,103,0.11082327438964248,0.004855278554920197,0.0033110838755641206,9.466469132796823e-05,0.05881439867450882,0.0027524784127373942,0.053756095257039185,0.0024032481647418315,0.05531995959069779,0.0023613658356410293
MACE-SR,SR,3200,500.0,9,0.04318975733864492,0.0018653618292039625,0.27136924873082546,3753,3.0,1251,0.11134529499948541,0.002334673538353433,0.003660943629304407,5.451718777143568e-05,0.05994922888405374,0.0011039142353840134,0.05384217568509049,0.0011508845677102436,0.05505700974473606,0.0012774050340708905
MACE-SR,SR,3200,500.0,10,0.04828761667046523,0.002331702286504953,0.3034000435825872,15012,12.0,1251,0.10774946768411876,0.00041979177049364077,0.004389546126623445,1.9630618618975175e-05,0.05873480697867798,0.00021497838434872624,0.05167996077874767,0.00020276330387667925,0.05340420683206424,0.00027866388422504785
MACE-SR,SR,3200,500.0,11,0.05289643379715261,0.002798042743805944,0.33235809563646695,15012,12.0,1251,0.10958974194415091,0.0004332693875414025,0.005066804548128802,3.201210045440931e-05,0.06018987465976766,0.00031686165229492406,0.05226146869801106,0.00020277666337041784,0.05446667183251207,0.00023857033687580976
MACE-SR,SR,3200,500.0,12,0.06107954058391456,0.003730723658407925,0.38377407196613117,7506,6.0,1251,0.10923689346304091,0.0010056846224121639,0.00658639632055119,0.00010453894440907242,0.06176229129470019,0.000611708109708743,0.05132524857124487,0.0005168299919809808,0.05406099848889191,0.00039644638121587306
MACE-SR,SR,3200,500.0,13,0.06478463600796738,0.004197064115708916,0.40705387309623825,18765,15.0,1251,0.1104759865581971,0.0007456178935273497,0.007513344050151768,4.686052153126693e-05,0.06306251592668381,0.00045381442624643477,0.051481321254022674,0.0003687540651790699,0.054926814681665076,0.0003110712210335494
MACE-SR,SR,3200,500.0,14,0.06995555616471849,0.004896574801660402,0.43954372264973557,30024,24.0,1251,0.11141815756830557,0.0005926839399359759,0.00894062755420156,1.60890338137453e-05,0.06510880137667611,0.00029479488741297147,0.05123876500705201,0.00030029822662755375,0.05524998374583103,0.0003028129398998968
MACE-SR,SR,3200,500.0,15,0.0748509507728154,0.005602800413885036,0.4703023941241762,5088,4.067146282973621,1251,0.11200893199866732,0.0007515340484205827,0.010462821227711118,0.00019000679859690198,0.06593461435762846,0.00041848685674969796,0.0507730553854781,0.00044309968482288955,0.056537138868749975,0.0006177435895874243
MACE-SR,SR,3200,500.0,16,0.07982528400303338,0.006374011924258412,0.501557051589297,44952,35.932853717026376,1251,0.11461235991975237,0.0002816950102410982,0.012022540032874314,6.208794586773658e-05,0.06970153335780185,0.00018283774728876942,0.05129490994343905,0.00011901093333264747,0.056933366594824855,0.00023501372978194343
MACE-SR,SR,3200,500.0,17,0.08637951467728984,0.00746144731681585,0.5427384974616509,3753,3.0,1251,0.11610747873402201,0.002846166810520232,0.014364769741801389,0.0001900497763425125,0.07152668979841689,0.001841363059579505,0.050871354496110306,0.001415705733366002,0.05894555867740649,0.001252221886651025
MACE-SR,SR,3200,500.0,18,0.09014425650452464,0.00812764797010298,0.5663930679958571,52542,42.0,1251,0.11841174514209489,0.0006790086067101097,0.01600690248238669,4.303808061360091e-05,0.07488281780605179,0.00043285999823402155,0.051202421329854114,0.0003577220652936298,0.05953582981842981,0.0002190518378821694
MACE-SR,SR,3200,500.0,19,0.09535256357926458,0.009093638917369319,0.5991178264831426,30024,24.0,1251,0.12152459632995954,0.0006897891941531919,0.01812720227521671,0.00013188617036322134,0.07844722270719175,0.00038183502513144875,0.05169869702737142,0.0003468447172475919,0.061204575897984524,0.0003456866259823184
MACE-SR,SR,3200,500.0,20,0.09896016612555741,0.009793149603320804,0.6217850617961533,30024,24.0,1251,0.12304447937375369,0.00021947362130946173,0.020105556011521204,0.00013811427668019232,0.08066232407644616,0.00028314472144733144,0.051469461681116234,0.00011192739648949179,0.06248771130882872,0.00010565498501134914
MACE-SR,SR,4800,500.0,4,0.01886400129260095,0.00035585142190298273,0.118526015756287,3753,3.0,1251,0.10387370342979896,0.0015380180140169145,0.002039893825430321,1.8866038503373885e-05,0.053982072272275604,0.000677406223006098,0.05091690480218432,0.0007764033718056959,0.051931524982953677,0.0008581590658919496
MACE-SR,SR,4800,500.0,5,0.026677726468619857,0.0007117028438059654,0.16762109897658822,7506,6.0,1251,0.11156195320445107,0.002057654647786596,0.002372836576737102,1.810547295762995e-05,0.05836512035911646,0.0009749527505785453,0.05459455831385698,0.0010310694032594923,0.05556966942207171,0.0010870404771172542
MACE-SR,SR,4800,500.0,6,0.032484959352565346,0.0010552725841378226,0.20410901930836467,4,4.0,1,0.12053108856484251,nan,0.004192095709400226,nan,0.06278126632368551,nan,0.05816949642772115,nan,0.06194191795055722,nan
MACE-SR,SR,4800,500.0,7,0.03267355943228603,0.001067564091054205,0.2052940285581986,5000,4.0,1250,0.10636697733968685,0.0007466451081722547,0.0026903716762088975,3.2946795363954425e-05,0.056028642983238376,0.00025941682941638664,0.051838302831738965,0.0003850736248538881,0.053028706032657365,0.00048414519228147455
MACE-SR,SR,4800,500.0,8,0.04129055189136008,0.001708086825134317,0.2594361889691299,18765,15.0,1251,0.10854142904000598,0.0010603529209519324,0.0035453824738252214,3.289952368520415e-05,0.05826161125572882,0.0005303587071138615,0.05249802328309038,0.0005310791722147168,0.05382520025810238,0.0005311523895305663
MACE-SR,SR,4800,500.0,9,0.04620717767407464,0.0021351085314178964,0.2903282598479824,15012,12.0,1251,0.10716583082645033,0.0013068272523717125,0.004080143608151089,3.505186057025127e-05,0.058089761920155455,0.0006276949356383287,0.051542843609149604,0.0006568668791200802,0.053156212514445925,0.0006782523705605224
MACE-SR,SR,4800,500.0,11,0.05566727503764195,0.0031009909622974207,0.34976780460723683,26271,21.0,1251,0.10936954096465198,0.0006250858991056455,0.005548383760784161,3.472852217766284e-05,0.06075402639818561,0.00030519206107439926,0.05191057860193391,0.0003021719207883293,0.05416389832725054,0.0003899145436119971
MACE-SR,SR,4800,500.0,12,0.060202257385057696,0.003625547770759295,0.37826193906083827,18696,14.94484412470024,1251,0.10921096859671887,0.0002924336270811174,0.006464481885072008,7.488953534665447e-05,0.061528641983679876,0.0002587143206703278,0.051373243355823425,0.0001636802702022642,0.054146808498111,5.4048902603596175e-05
MACE-SR,SR,4800,500.0,13,0.06344544754082772,0.004026928576908745,0.3986395037959619,16332,13.05515587529976,1251,0.11151161186434831,0.0006041885748554876,0.007343807522153653,6.699526181162656e-05,0.06376360037925194,0.0002623599281850601,0.052083902171097346,0.0003187011599541088,0.055091819007250055,0.00039197172393721683
MACE-SR,SR,4800,500.0,14,0.06972679449401291,0.00486330276600743,0.43810637068151237,45036,36.0,1251,0.11232733083546131,0.0006648809039175316,0.00881272256600079,3.6184790657726856e-05,0.06542983296383646,0.0004103574173515394,0.05175730413473025,0.0003344920975535688,0.05571022043762564,0.0002573136337840145
MACE-SR,SR,4800,500.0,15,0.07566144495501002,0.005725033696627139,0.47539487926129603,4185,3.3453237410071943,1251,0.11465674413667201,0.0031209182756962183,0.010236719088476382,0.00010473799759207207,0.06757145714092312,0.0020449327147993536,0.05221001252409782,0.0015404761073317347,0.057322006084225274,0.0011907109041101557
MACE-SR,SR,4800,500.0,16,0.07951819675810248,0.006326187857559205,0.49962756552392495,66822,53.41486810551559,1251,0.1150400906497236,0.0002724874941416989,0.011905291953634833,3.288273276995052e-05,0.06947847860674738,0.0001670966835418332,0.051567399348044385,0.00014617803547486278,0.057466903996611064,0.00013117915573090274
MACE-SR,SR,4800,500.0,17,0.08572999793666115,0.007350676606240082,0.5386574634201656,45336,36.23980815347722,1251,0.11771454546256949,0.0006334487422161333,0.014085847234076304,3.071856203226743e-05,0.07297790024604209,0.0004543815005474326,0.051814349114246594,0.0003208777351202871,0.05882249245060371,0.00019533738449382956
MACE-SR,SR,4800,500.0,18,0.09011884715826175,0.008125078462907616,0.5662334163647531,26040,20.81534772182254,1251,0.12026035678765137,0.0011153760151223424,0.015722635345928992,0.00016227252459588334,0.07570663550425182,0.0005882241091697281,0.0522688607208612,0.0005567265037360978,0.06027635662932858,0.0005702167823986024
MACE-SR,SR,4800,500.0,19,0.09546001330866362,0.009113831153428086,0.599792953044163,67801,54.19744204636291,1251,0.12211154002086322,0.0005992334864615981,0.018200579679683717,5.026311378126336e-05,0.07876936542040779,0.00041757525502730575,0.05195548017058975,0.0003078547494175192,0.06154275428013919,0.00018458933094948974
MACE-SR,SR,4800,500.0,20,0.0980206782968581,0.009608076819487846,0.6158820856745957,20000,16.0,1250,0.12223763583908606,0.0010716080187703628,0.019565512567591124,0.00013968573158837494,0.08002293686369265,0.0005820804254568229,0.051336061635747464,0.000559770645162796,0.061780211542984534,0.0006369777659922831
MACE-SR,SR,6400,500.0,3,0.017138327617877983,0.00029372283915968955,0.10768328827828107,3753,3.0,1251,0.10990995891633003,0.0012198968822802424,0.0020605095182048504,2.427577377624931e-05,0.05713942180789591,0.0005359070173542604,0.05392472469906259,0.000603853728213651,0.054831046626638985,0.0007133023439258757
MACE-SR,SR,6400,500.0,5,0.024237255353596422,0.0005874456783193791,0.1522871667240768,7506,6.0,1251,0.10994433466665744,0.0006481697180716611,0.0022772994326076277,3.4020111140270004e-05,0.057500886343730954,0.0003855530903723268,0.0538335176170249,0.00031189196586546976,0.05472074775553412,0.0003383849145575927
MACE-SR,SR,6400,500.0,6,0.029684454190925552,0.0008811685174790687,0.18651292642406891,5004,4.0,1251,0.11013049045734986,0.0012735302598216721,0.002574249069841152,2.5429389561418476e-05,0.05774653741411211,0.0006722154946250259,0.053778120693754344,0.0006345456155494197,0.054958202113078884,0.000618848155567857
MACE-SR,SR,6400,500.0,7,0.034276655235755966,0.0011748913566387582,0.21536657655656213,3753,3.0,1251,0.10571748196473782,0.0007974486421348823,0.0028485765132332647,4.104089566686623e-05,0.05592720484940959,0.0004260924437930369,0.05143445272575229,0.00039177917361014533,0.05263885362856151,0.0004244795558979534
MACE-SR,SR,6400,500.0,8,0.040151311641343494,0.0016154756153782925,0.2522781313688781,30024,24.0,1251,0.10792246293479509,0.0006922204283337723,0.003386265336493083,1.104695473612314e-05,0.05759077312498371,0.00044783197758899287,0.052268098799151015,0.00034440526647697546,0.05371795514630448,0.00025529044122489167
MACE-SR,SR,6400,500.0,10,0.05057484795465077,0.0025595847412487236,0.31777114158150327,26271,21.0,1251,0.10935056809504587,0.0005623320917651933,0.004714931189643241,4.29915689216106e-05,0.05988230709715388,0.00033571890707654873,0.05231781845270132,0.00026935839893313173,0.05418319218753523,0.000308225948792774
MACE-SR,SR,6400,500.0,11,0.05551877640067451,0.003084089811176741,0.34883476015330683,30024,24.0,1251,0.11017535067475362,0.0002334128804980899,0.005558409297678195,2.2245636858548697e-05,0.06134618669039419,0.00016535588585129806,0.052308470688537695,0.00011686276257334257,0.0543875732820376,0.0001440789007292157
MACE-SR,SR,6400,500.0,12,0.06118706634693252,0.0037449661992860423,0.38444967626046894,20016,16.0,1251,0.11037802620362315,0.0005782209986810592,0.006740902799070197,2.791230579893977e-05,0.06246501843627637,0.0004256781267254826,0.05181856170227647,0.00028289521176748996,0.05465391056641698,0.0002165125837542708
MACE-SR,SR,6400,500.0,13,0.064125750128385,0.004112119748235654,0.40291397101853815,30024,24.0,1251,0.11184819453633824,0.0007036008357762561,0.007339022922757746,2.7830033541607286e-05,0.06363096200873361,0.0004054275796256598,0.05225458580679024,0.00034238067503930504,0.055556255450362364,0.0003405242514257462
MACE-SR,SR,6400,500.0,14,0.07045869108770442,0.004964929997822079,0.44270501260536965,34281,27.402877697841728,1251,0.11197082743645863,0.0004379658101679399,0.0090425498947227,6.309724748677482e-05,0.06549454659400611,0.0002244945787926551,0.051464138770867966,0.00019291244982980884,0.05551883073717524,0.00034244501083738544
MACE-SR,SR,6400,500.0,15,0.07442356409432993,0.005541554824110235,0.467617044425432,52038,41.597122302158276,1251,0.1129135063848975,0.00044312707076266187,0.010227000973958641,6.628501557035293e-05,0.06689013604960999,0.0003217603487606139,0.05134325270546943,0.0002187593004486278,0.05625037130924617,0.00018022285163242328
MACE-SR,SR,6400,500.0,16,0.07915374971455605,0.0062660872354067115,0.4973376772146689,45036,36.0,1251,0.11452478104286058,0.0005362769653307576,0.011795424179438425,8.385290343795378e-05,0.06911454882687743,0.0002272751481339396,0.051364678431711094,0.00028734702274623857,0.05720565639542159,0.000374138259094446
MACE-SR,SR,6400,500.0,17,0.08618910820680108,0.007430398375935098,0.541542138323884,70641,56.46762589928058,1251,0.11750193379547526,0.0004366504232627923,0.0143080884462349,7.236153458347279e-05,0.07290763258628018,0.00034933314561636213,0.05159692267462018,0.00020665917408304883,0.05890238965542999,0.00020341693329525018
MACE-SR,SR,6400,500.0,18,0.09082759235797973,0.00825304834659521,0.5706865937901551,71028,56.776978417266186,1251,0.1192277269187214,0.0006702388482202889,0.016351921902985816,6.24462811932924e-05,0.07564097969070317,0.00038064105489185926,0.0514379025078678,0.00033428711577960233,0.05993866913100405,0.0003304250670938046
MACE-SR,SR,6400,500.0,19,0.09437946556493533,0.00890912709523831,0.5930036713370633,39726,31.755395683453237,1251,0.12199987928107467,0.0005865332673458994,0.01795325939037202,8.636557406778307e-05,0.07847072917386312,0.00024549178707737476,0.05202330994535132,0.0002931619181361376,0.06148240949758356,0.000468028981703493
MACE-SR,SR,6400,500.0,20,0.09902497669293656,0.009806439863486475,0.6221922786008599,50592,40.44124700239808,1251,0.12341288803731405,0.00021319112834086308,0.01973168267646916,0.00012943639863747573,0.08078174262301478,0.0002032156597488078,0.05184060268042244,0.00014633313414473317,0.06236282809076843,0.00016268272045666108
MACELES,LR,400,500.0,8,0.042424204430094294,0.0017998177746707624,0.2665591379439516,15,3.0,5,0.16123562772348995,0.04415025383178792,0.00480262201472975,0.0007751282538314097,0.07709891793407521,0.017089013030358483,0.07821650285438012,0.021854853339057245,0.08893933180414451,0.028163863914124388
MACELES,LR,400,500.0,9,0.04315232898823253,0.0018621774771705288,0.27113407946944235,3738,3.0,1246,0.1082355052836747,0.0012421720537710594,0.0031647552464485773,5.3574111787072416e-05,0.05795133069630412,0.0007568971693038501,0.05253537501861308,0.0006227059920468417,0.053448929833819166,0.0005526122241938121
MACELES,LR,400,500.0,12,0.06102249330112485,0.0037238564755041285,0.3834156333170924,7506,6.0,1251,0.11198637104281649,0.0009242453275072564,0.0065801236755544555,4.833826576650843e-05,0.06280825269198981,0.0006380736669264516,0.05270312368363102,0.00044023293190304966,0.05575824202638115,0.0004704131325648052
MACELES,LR,400,500.0,15,0.07473698571008026,0.005585784713256193,0.46958633051646703,5004,4.0,1251,0.11574411476754386,0.002611961732787888,0.010002775220081597,0.00016836297814418167,0.06824064458840708,0.0014512739513751376,0.05287066977373114,0.0012818249472898182,0.0575062453992184,0.0012368972795670419
MACELES,LR,400,500.0,17,0.08628704630637585,0.007445663955434385,0.5421575015521453,3720,3.0,1240,0.11844270042274674,0.0017406968881219743,0.014688566266361391,0.0002818820309609328,0.0742461683621138,0.000989476318927583,0.051877067078192673,0.0008105275863032576,0.05888509832699434,0.001028490169277836
MACELES,LR,400,500.0,18,0.08762804209730396,0.007678690633881065,0.5505832266026945,33,3.0,11,0.07888949613548299,0.010127673472905819,0.01335669489088673,0.0026906410807946866,0.05187312982445053,0.009118946037960471,0.03276640062229813,0.004843110389485366,0.0403730612019192,0.003658632332854645
MACELES,LR,400,500.0,19,0.09645049921991501,0.009302941031478306,0.6060163595687061,14604,12.0,1217,0.1252043054781749,0.001121339247786966,0.01896990757729095,0.00017102372460127993,0.08063423031058876,0.0006122999112649628,0.05311719895044197,0.0005811918706276471,0.06353998274487707,0.0005095880296320746
MACELES,LR,400,500.0,20,0.09772116372739578,0.009549467406766593,0.6140001801324639,408,12.0,34,0.09019084139840104,0.007509029067731867,0.01894807967912213,0.0008887570610991307,0.06144060715721621,0.0037489944582702046,0.03562138085963945,0.003676793936592794,0.04769831392030696,0.004451446402857561
MACELES,LR,800,500.0,7,0.034238049686216576,0.0011722618391658251,0.21512401073492063,3753,3.0,1251,0.11281989583645988,0.0014482361724285273,0.0019996281481267906,1.773454453537073e-05,0.0587272419126745,0.0009137878703534642,0.055410133844166556,0.0007237093654318407,0.05609228207191217,0.0006155168496236683
MACELES,LR,800,500.0,10,0.04841991421545138,0.0023445236783316502,0.3042312935734201,7506,6.0,1251,0.11153046332856562,0.0014641762509824,0.0040418400925572185,3.485789200295074e-05,0.06047412001193211,0.0008977379100853403,0.0537443116180042,0.0007305206119391526,0.05509818340919073,0.0005853839399208819
MACELES,LR,800,500.0,12,0.05930204160859477,0.0035167855174974747,0.37260571652087515,5004,4.0,1251,0.11001505908113944,0.0024805885646211378,0.006228833066473269,2.468443033069653e-05,0.061590142390184933,0.0014179734793018923,0.0518931130073331,0.0012364159104502434,0.05465374975742779,0.001128222246855303
MACELES,LR,800,500.0,14,0.06847609937243315,0.0046890473566633005,0.43024802146984126,3753,3.0,1251,0.11247985453672532,0.0033531723116969926,0.008261804838060056,8.829263807710922e-05,0.06585754840315908,0.0015927821743234388,0.052109024849332636,0.0017048754021609554,0.05488411097162631,0.001712703539337321
MACELES,LR,800,500.0,15,0.07655773024250236,0.005861174134719524,0.48102640581070905,15000,12.0,1250,0.11532941643326383,0.0015934008724871349,0.010820956250158898,0.00011430697952101527,0.06907925990147902,0.0007922624403572071,0.05225423009155246,0.0008039656730336779,0.05707111278194369,0.0008093638109435726
MACELES,LR,800,500.0,16,0.07765394763198842,0.006030135582831601,0.48791414280580264,12,12.0,1,0.1562103293417774,nan,0.01600106742576599,nan,0.10935109282656776,nan,0.0701046309580057,nan,0.0628603039409756,nan
MACELES,LR,800,500.0,17,0.08386575151928834,0.00703357103499495,0.5269440577215665,15012,12.0,1251,0.11977857032558373,0.0009726274155396577,0.013148481311046954,0.00011644259074918902,0.07338724302988478,0.0005374154849281017,0.0533150445072684,0.0004394379332957596,0.05953980860674593,0.0005698319531566828
MACELES,LR,800,500.0,19,0.09680363707546806,0.00937106171521725,0.608235190154126,7182,6.0,1197,0.12204261240509699,0.001334946934193562,0.01885143734692893,0.00010523035960205406,0.07943940867449728,0.0008168382409566745,0.051595587529084025,0.000688159175528902,0.06145464107752863,0.0006565357094196436
MACELES,LR,800,500.0,20,0.09764207014303873,0.009533992838083859,0.6135032204853396,324,6.0,54,0.11907497529912786,0.0046074865621357625,0.018600068842230342,0.000645314844278792,0.07741208102832345,0.0025571106821121185,0.05023745322844876,0.0025250437403208027,0.06026296311303477,0.002812421510776395
MACELES,LR,1600,500.0,5,0.027177090281377193,0.0007385994849195665,0.1707586943478423,3753,3.0,1251,0.10761432322315156,0.0007785195627963902,0.0013179435613375594,1.2687960497799295e-05,0.05547983172077537,0.0004949546178795197,0.053148189830906994,0.0003904341307085819,0.053452435063713735,0.0002906474453440434
MACELES,LR,1600,500.0,8,0.038434209661761656,0.001477198969839133,0.24148926143984054,7506,6.0,1251,0.11077009994626595,0.002118704032056589,0.0024863800012296976,3.5977595956127856e-05,0.05843340022578105,0.0012015349704059901,0.05414185997251812,0.0010552303665058377,0.0548230797217146,0.0009675209026148833
MACELES,LR,1600,500.0,9,0.047072101169231655,0.002215798454758699,0.29576273444458734,5004,4.0,1251,0.11020629610191918,0.0016262181782000721,0.00372759342773926,6.916569337807099e-05,0.05943346142446293,0.0009209808129927005,0.05323935133708996,0.0008394602679620195,0.054500428105195516,0.0006784613598874694
MACELES,LR,1600,500.0,11,0.05435418056275439,0.002954397939678266,0.3415173886956846,3753,3.0,1251,0.10853588127251543,0.001445314208171981,0.005122092859454427,2.435346176477541e-05,0.05990898437517448,0.0007556633801797648,0.05170689420653049,0.0007124225246526614,0.053748989756795366,0.0007697982974596015
MACELES,LR,1600,500.0,12,0.06076982129980829,0.0036929974245978317,0.3818280483108845,15012,12.0,1251,0.1118441779955464,0.0009999406780366465,0.0064689802142088235,0.00011055971933621383,0.06309736927227781,0.0005364645405356623,0.05268759889066879,0.000515088740736306,0.055215788937477396,0.0004739881410454168
MACELES,LR,1600,500.0,13,0.06657000388292583,0.004431596909517398,0.4182716702960876,15012,12.0,1251,0.1147366727352876,0.0014231362555034402,0.007864935231583475,4.72191954768207e-05,0.06577721890066199,0.0007193293290780013,0.053435868751852064,0.0007177638578590164,0.056824389066209104,0.0007086648180945644
MACELES,LR,1600,500.0,15,0.07686732575262879,0.005908627077578385,0.48297165177110424,7494,6.0,1249,0.11731327831752339,0.0018019915660092173,0.011002261332799735,0.0001049584925843469,0.07047648138582978,0.0009310578413770764,0.05315550849236183,0.0009374587091721459,0.057839058264493336,0.0008239128614795032
MACELES,LR,1600,500.0,16,0.08152872736019039,0.006646990710002592,0.5122601018625985,18777,15.009592326139089,1251,0.11958210382803545,0.0006093019013102363,0.0125619337618456,6.620338996437648e-05,0.07243326300761736,0.00039792407564295817,0.053510085033094935,0.00031306295518371014,0.05971077458226369,0.00028827563845830196
MACELES,LR,1600,500.0,17,0.08594150546517827,0.007385994849195663,0.5399864044157022,15012,12.0,1251,0.1190534311999502,0.0009107250344685712,0.01438558927696941,6.230811604801287e-05,0.07374677459685676,0.00040439343351379665,0.0523339209614904,0.00047207267005894055,0.05969224588006285,0.0004802182306069708
MACELES,LR,1600,500.0,18,0.09013621135694241,0.00812459433411523,0.5663425188427743,15012,12.0,1251,0.12412075672099643,0.000707636439632125,0.016002579712113732,0.00011967429528503787,0.07813516890430963,0.0005099861919539591,0.054059088504441334,0.00034839332524046093,0.06198816752880053,0.0002638381056970877
MACELES,LR,1600,500.0,19,0.09441438119607408,0.008914935133914644,0.5932230527176252,5460,4.364508393285372,1251,0.12406553600503988,0.0011783435864787225,0.018062666430850537,0.00019138334857828144,0.07962858528275342,0.0008615160463317244,0.05300143478709467,0.000675928891867516,0.062499617153137,0.0005611527444935485
MACELES,LR,1600,500.0,20,0.09800747566589228,0.009605523297488256,0.6157991310976952,14556,12.0,1213,0.12368321463098644,0.0014673192298295386,0.01939984974152632,7.633471089633001e-05,0.08010884275717312,0.000759369291101388,0.05214168244473006,0.0007228426896113726,0.06297422161533964,0.0007718675942594207
MACELES,LR,2700,500.0,5,0.02282261672047736,0.0005208743497678362,0.1433987300494945,3753,3.0,1251,0.11776619892965308,0.0029259870569249865,0.0009055510386011152,1.9018527418116806e-05,0.06039999713304157,0.0014931615746565945,0.05843032394552598,0.0014581822950051387,0.05827175283521263,0.0014644296539869173
MACELES,LR,2700,500.0,6,0.032276054094942046,0.0010417486995356723,0.2027964288630734,7506,6.0,1251,0.11393165720973722,0.0020442513430249487,0.001796017156025143,1.3866739073428914e-05,0.0594122013207717,0.0010424732870154805,0.05606782002685603,0.0010226305519957647,0.056315473044990655,0.0010185073384198753
MACELES,LR,2700,500.0,8,0.03952993172153776,0.0015626230493035083,0.2483738861865783,5004,4.0,1251,0.11181313305981501,0.0011352561720722875,0.002709267060483641,3.402317387269781e-05,0.05943379857294203,0.0007220451584181793,0.054551932999665695,0.0005751354955924743,0.055088601547356626,0.0004962295758273928
MACELES,LR,2700,500.0,9,0.04564523344095472,0.0020834973990713447,0.286797460098989,3753,3.0,1251,0.11130320055584118,0.001754094469505145,0.0035064102766533866,3.680436970134128e-05,0.05974082665305818,0.000911891079229628,0.053898395139593894,0.000870466334477338,0.05506878417943638,0.0008822688058952774
MACELES,LR,2700,500.0,10,0.05103292241141069,0.0026043717488391806,0.32064930827781146,15012,12.0,1251,0.11262833685963394,0.0012054075426596582,0.004501802867675441,5.133510463836678e-05,0.061539545726796714,0.0007575696732297428,0.05406326699597925,0.0006066202130653358,0.05559059400051264,0.0004686819001134755
MACELES,LR,2700,500.0,11,0.05590376556028114,0.0031252460986070166,0.35125371838437064,15012,12.0,1251,0.1132980822767386,0.0007090820508858381,0.005468803016257008,3.097216548447503e-05,0.06282854690656385,0.0003824425229195578,0.0539146396302408,0.0003629741362039556,0.05593833838643175,0.0003320814557894838
MACELES,LR,2700,500.0,13,0.06455210818988409,0.004166994798142689,0.4055928577261468,7506,6.0,1251,0.11471725944535095,0.001140693057842274,0.007297653851093375,0.00011645756742775218,0.0656136256882032,0.0005081086831857221,0.05370980279712881,0.0005984830019060634,0.05640128760824113,0.0006162814404474633
MACELES,LR,2700,500.0,14,0.07008766522595528,0.004915663586305977,0.4403737883622438,33417,26.712230215827336,1251,0.11429205889217303,0.00034076387304864553,0.008878648930499927,5.447794951580885e-05,0.06655938000377097,0.0001903659226881665,0.052706704980836544,0.0001805935435009718,0.056611327818902,0.00022038590785610358
MACELES,LR,2700,500.0,15,0.07562039399409859,0.005718697307439764,0.47513694846685167,15372,12.287769784172662,1251,0.11457748704562726,0.0005541189181455391,0.010612967589522975,5.461504370001325e-05,0.06862749588870885,0.0001863518356719657,0.05198225972805214,0.0002780191838375284,0.05656295874644138,0.0004825302473540351
MACELES,LR,2700,500.0,16,0.08136973172414488,0.0066230819360596814,0.5112611028182918,18192,14.541966426858513,1251,0.11821215740131572,0.0014444688874783534,0.012519540477054423,2.496615763473801e-05,0.07158351233083607,0.000792953710799612,0.05284630846213064,0.0007269635077702387,0.059148185547534066,0.0006937803821822182
MACELES,LR,2700,500.0,17,0.08523387389913344,0.007265271026794973,0.5355402241570328,31848,25.45803357314149,1251,0.12021799942129313,0.0004894714505377859,0.013782524158532396,9.66165641506059e-05,0.07418934893918087,0.0002466054651638999,0.05321773763138035,0.00024734241905790145,0.059811174640644615,0.0003755451140486852
MACELES,LR,2700,500.0,18,0.09129046688190944,0.008333989596285379,0.573594920197978,3753,3.0,1251,0.12391680272646494,0.0008681790981309018,0.016246767139616206,0.00011397125368192308,0.07849325671610685,0.0007380539458435881,0.053835017793424374,0.0004216654226797732,0.06167031314997431,0.0006483417767122748
MACELES,LR,2700,500.0,19,0.09526924634579169,0.009078095810239429,0.5985943288659509,52542,42.0,1251,0.12329766517038863,0.0005586238335351235,0.018415367111237233,6.219517120128028e-05,0.07988222698287366,0.0003216725218173426,0.05244114902957568,0.0002674700680322122,0.061830805298752185,0.0002777747100246539
MACELES,LR,2700,500.0,20,0.09947558119806153,0.009895436200292259,0.6250235102068101,14856,12.0,1238,0.12653067306823615,0.0007959581784188799,0.019979362030168625,0.00010125642790477233,0.08265995937218275,0.0005863821809467127,0.05327565551903376,0.00043758134150143405,0.06385007572622203,0.0003702548355888611
MACELES,LR,3200,500.0,4,0.02156928887651998,0.000465236160586063,0.13552383895526243,3753,3.0,1251,0.11094853602303294,0.0027045857887460483,0.0008218138674470689,1.5053891625745383e-05,0.05672982333082786,0.0013667155105600286,0.05506336107779294,0.0013497333110105056,0.05504052655965215,0.0013451527855634583
MACELES,LR,3200,500.0,6,0.030503580859917695,0.000930472321172126,0.1916596510753993,7506,6.0,1251,0.10816254082912707,0.002163372809631512,0.0015998649752594653,1.3605622778254042e-05,0.05606798632130505,0.0011395508782826714,0.05328133792693381,0.0010825584020897245,0.05369441948308149,0.0010235632472680703
MACELES,LR,3200,500.0,7,0.037353493121917124,0.0013952884203247591,0.2346989191554634,4848,4.0,1212,0.11243073959189587,0.0017986066460522973,0.0023777468446271382,2.21753035680209e-05,0.05911232362383213,0.0009922538739074748,0.055026496373634354,0.0008938963809495464,0.055696162812690866,0.000830639001194145
MACELES,LR,3200,500.0,8,0.03753347979569869,0.0014087626986124728,0.23582980877965587,156,4.0,39,0.1052815381056848,0.006575825437794236,0.002558670029090381,0.0002090029077530629,0.05587739904346867,0.0031786688553716845,0.05136143403829722,0.0032826038055422855,0.05196280909130652,0.0035165585138217754
MACELES,LR,3200,500.0,9,0.04313857775303996,0.001860944642344252,0.27104767791052486,3753,3.0,1251,0.10851879289837073,0.001955061039543352,0.0031571038099074532,8.612079723791869e-05,0.0579730168434719,0.0010360884415078202,0.05268084454423162,0.0010105407125184636,0.05370287986480625,0.0008641349266361054
MACELES,LR,3200,500.0,10,0.048233773793202823,0.0023265208882956696,0.30306173880727577,15024,12.009592326139089,1251,0.11245323714784802,0.0010766832220058034,0.004000503014727311,2.0832235363150695e-05,0.060718085919961785,0.000556959866762832,0.05422636706656035,0.0005422352771879723,0.055735654242613564,0.0005185359142694311
MACELES,LR,3200,500.0,11,0.0528340515035329,0.002791448522942908,0.3319661361257675,15000,12.0,1250,0.11065818590911412,0.001494433028594809,0.0048073739254661935,4.733840573933704e-05,0.06090999619045482,0.0008530497154038258,0.05292540599182398,0.0007660236713225357,0.05455556364412552,0.000607152402934257
MACELES,LR,3200,500.0,12,0.06100716171983539,0.003721889284688504,0.3833193021507986,7506,6.0,1251,0.11112441629481357,0.0018670651284210479,0.006524739992238532,6.750771850222107e-05,0.06310762373334919,0.0009230861470780416,0.05229983815128752,0.0009435473492541608,0.05454153255370289,0.0009448738466817537
MACELES,LR,3200,500.0,13,0.06470786662955995,0.004187125445274567,0.4065715168657873,18765,15.0,1251,0.11411998610891855,0.0011298016820254096,0.007410061611743083,6.071785430516768e-05,0.0650256490697693,0.0005448854319868206,0.05335496224858773,0.0005656178160921235,0.05650439865089232,0.0006111336763783676
MACELES,LR,3200,500.0,14,0.0698726592790703,0.004884979686153661,0.43902286615581987,30024,24.0,1251,0.113838358964695,0.0005187274239463991,0.00879545871131492,7.416568289085455e-05,0.06640889971229556,0.00023306277831096895,0.05252145012669004,0.0002814734278241973,0.056224917963714365,0.00030142014376937656
MACELES,LR,3200,500.0,15,0.07509703594162785,0.005640478349227613,0.4718485928411734,5808,4.642685851318944,1251,0.11707109038843046,0.0013937606704969043,0.01056944481465577,0.00015296687319644813,0.06938670847365429,0.0007564885709298667,0.05325082278688734,0.0007528050482027305,0.058253826729431954,0.0005371871932612408
MACELES,LR,3200,500.0,16,0.07976760726581342,0.006364752615074946,0.5011946579614305,44232,35.357314148681056,1251,0.11642287252542315,0.0006254084562121674,0.011969416283552217,9.44493321003926e-05,0.0705820212224211,0.0004732216575666877,0.05222672812093546,0.0002948803276529383,0.05781026758655425,0.0003360224992389567
MACELES,LR,3200,500.0,17,0.08627715550607992,0.007443778569377008,0.5420953558210497,3753,3.0,1251,0.11805009753306887,0.0022197046786176775,0.014332793070843208,0.0002542789437525803,0.07319262652667606,0.001419351336243641,0.051858652231112835,0.0011567599161183264,0.05919026407723603,0.0008605624624769768
MACELES,LR,3200,500.0,18,0.09003743613838101,0.008108401655928526,0.5657218958407959,52542,42.0,1251,0.12060045774347784,0.00042870692706113364,0.01600858313865351,9.416247257417761e-05,0.07645641146422859,0.00014869369442224823,0.05229593730241216,0.0002608158187696815,0.06015262941790274,0.00021252317296328142
MACELES,LR,3200,500.0,19,0.095239571402622,0.009072105131428228,0.5984078756990356,30024,24.0,1251,0.12200387476827404,0.000593370994884595,0.01828799664006243,8.136306746038476e-05,0.0788028587956602,0.0005974094792622231,0.05185793906410582,0.0002860327692062192,0.061489012612676294,0.00011479507632946711
MACELES,LR,3200,500.0,20,0.09884289896302181,0.009769959372307322,0.621048250483495,30024,24.0,1251,0.12549022922678468,0.0009710893535151666,0.020152330134394356,5.558396161696212e-05,0.08238895322369572,0.0006284775894049388,0.05266894954619515,0.0004933663447854156,0.06325360613748329,0.0003548071565016945
MACELES,LR,4800,500.0,4,0.018841606120927026,0.00035500699738694706,0.11838530274267364,3753,3.0,1251,0.11285143101137736,0.0024146767871702393,0.0006404730716860203,1.2055539712489145e-05,0.057412357563922975,0.0012555092305762384,0.05610547896984567,0.0012058628117719698,0.05607954651914041,0.0011827439145422887
MACELES,LR,4800,500.0,5,0.02664605491310692,0.0007100139947738941,0.1674221007243338,7506,6.0,1251,0.1112960867971286,0.0025639176240598374,0.0012317335299995757,1.7704084813350152e-05,0.05734909900549321,0.001356657060748499,0.0550321766335645,0.001284931306893106,0.05517872132163497,0.0012065548712524123
MACELES,LR,4800,500.0,6,0.0324819984391878,0.0010550803200867166,0.20409041534093506,32,4.0,8,0.13549679356829814,0.016706473983687145,0.002327417010012882,0.0004017345351180776,0.07267662800437757,0.010593356374550045,0.06658468827914263,0.008174204746564589,0.06514758257393344,0.0065797703936292485
MACELES,LR,4800,500.0,7,0.03264730501047262,0.0010659057657724388,0.20512906716081203,4984,3.996792301523657,1247,0.10613324624186463,0.0013034544514883787,0.0018703189594479976,2.113076554486577e-05,0.055299052157883014,0.0006232655943081488,0.052131463641208305,0.0006571665264300794,0.0527045130434296,0.0007235422763047912
MACELES,LR,4800,500.0,8,0.04124392855042849,0.001704224305794131,0.2591432458784169,18753,14.990407673860911,1251,0.1112454633441621,0.001428810902339629,0.002886359673641171,1.958750821411803e-05,0.05903249563836647,0.0007459668241603149,0.05417955183526045,0.0007168725125146537,0.05509932737943676,0.000688333818401143
MACELES,LR,4800,500.0,9,0.046152320930771484,0.0021300419843216824,0.2899835847644603,15012,12.0,1251,0.11358688740822083,0.001143354745555616,0.0036635020255164747,1.8819304503780217e-05,0.06091457540143248,0.0005806622695631349,0.05496169269135218,0.0005715766733233895,0.056335814032304816,0.0005694910863321242
MACELES,LR,4800,500.0,11,0.055601187352333284,0.003093632405800539,0.3493525634339199,26271,21.0,1251,0.11139952354273991,0.0005969936269968454,0.005327010659797828,1.4997076040786173e-05,0.061612287406941926,0.0002651372552497939,0.053036256441471044,0.00029495571928512426,0.05511424679559578,0.0003453402236745465
MACELES,LR,4800,500.0,12,0.06056024069321058,0.0036693650518317853,0.38051121452284,22920,18.321342925659472,1251,0.11305522139551143,0.0003868814631701739,0.00639669762534353,6.381875278913794e-05,0.06340230178082497,0.00024117955196917767,0.05332926188508395,0.00020049006154219105,0.05604961724002998,0.00024570069789977964
MACELES,LR,4800,500.0,13,0.06368726027484732,0.004057836069651199,0.4001588580134428,12108,9.678657074340528,1251,0.11280997203306004,0.0013985783174173465,0.007374015002914321,7.543365685394023e-05,0.06409424586484623,0.000742999930585483,0.05271797851507286,0.0007232021052269362,0.05608974117112811,0.0006648289807297504
MACELES,LR,4800,500.0,14,0.06964401547440065,0.00485176229762161,0.4375862547617419,45036,36.0,1251,0.11434203709261836,0.0009708755240992998,0.008789630813642297,2.0940332096880827e-05,0.06651596202448484,0.0005455649417867422,0.052776203139488026,0.0004778140104498263,0.0566157058817758,0.0004579133668862843
MACELES,LR,4800,500.0,15,0.07604923779329731,0.005784443745319031,0.47783145352505213,5601,4.477218225419664,1251,0.1127002414096696,0.0015645558035876906,0.010703484497633234,0.0001797103668575629,0.06729416500770359,0.0010149859066573416,0.050998378456018185,0.000795606369883334,0.05610956089959924,0.0006666118914242298
MACELES,LR,4800,500.0,16,0.07947986228162873,0.006320092447316645,0.49938670290458664,65706,52.52278177458034,1251,0.11767866184351719,0.0006581070523842802,0.011948108674469982,2.961094198248232e-05,0.07121914602067786,0.0002966154548880235,0.0528652765845236,0.0003278121949409179,0.05840762449730931,0.00040453763718083653
MACELES,LR,4800,500.0,17,0.08564946557024021,0.007336811279330239,0.5381514636387171,45036,36.0,1251,0.11960533600706044,0.0009324716903586789,0.014159946367008135,9.225549940614883e-05,0.0738942942726528,0.0007211493022215098,0.05272269482002616,0.00042235684159804227,0.05987098810141578,0.0003329894989152166
MACELES,LR,4800,500.0,18,0.09023683062355575,0.008146507380420278,0.5669747283403784,28692,22.93525179856115,1251,0.12161828783822637,0.0002578134944274614,0.015872063575094724,0.00016421231964889696,0.07668844539504904,0.0002646888645260143,0.052873112131565814,0.00012660918568300282,0.060801906018272026,0.00021448759259543919
MACELES,LR,4800,500.0,19,0.09546819457792384,0.009115088429087911,0.5998443574749729,65261,52.16706634692246,1251,0.12313490405454745,0.0011665857421312474,0.018445958493694202,7.899556522092083e-05,0.07984172794294138,0.0006671707845121958,0.052344472780426615,0.0005753292735209076,0.061739134605300276,0.0005466596381754953
MACELES,LR,4800,500.0,20,0.0979068041117669,0.009585764736679539,0.6151665930679637,19888,16.0,1243,0.12464939959481701,0.0013598085164156766,0.019295908697638853,0.00010441898163819024,0.08097590135649066,0.0007044116470503338,0.052676745448589087,0.0006637064311720176,0.0629694069359652,0.0007270591662364686
MACELES,LR,6400,500.0,3,0.017120148557307386,0.0002931000574598282,0.10756906587200556,3753,3.0,1251,0.11536444371909095,0.004185556160939224,0.000523112500901179,6.769826163285786e-06,0.05881770668331366,0.0021664081875530762,0.05742066560909489,0.002091712055296761,0.05706984953667847,0.0020322334388727377
MACELES,LR,6400,500.0,5,0.02421154627958628,0.0005862001149196564,0.1521256318479951,7506,6.0,1251,0.11194548364667638,0.0010327030611671994,0.0010291218644094228,1.0085220922518656e-05,0.05742219013895675,0.0004818159792033737,0.05545818089113349,0.0005161170854199774,0.055552415372129044,0.0005533325376333815
MACELES,LR,6400,500.0,6,0.029652967134383406,0.0008793001723794845,0.18631508741303698,5004,4.0,1251,0.11112836137451888,0.0013255853167217682,0.0015149407721439878,1.717889039242814e-05,0.0572436871969381,0.0006516461964371911,0.05480671030118745,0.0006688354065318314,0.055399614949724764,0.0006980080005187548
MACELES,LR,6400,500.0,7,0.03424029711461477,0.0011724002298393128,0.2151381317440111,3753,3.0,1251,0.10633084449091007,0.0023608942180328423,0.001988350151495387,5.9130186262488084e-05,0.05548832749045306,0.0012779251323444887,0.05217124716970733,0.0011525923334893406,0.0528308671519524,0.0011429598294182084
MACELES,LR,6400,500.0,8,0.04010872212254147,0.0016120503160290548,0.2520105335301014,30024,24.0,1251,0.11101323012594393,0.0008809818716615141,0.0027478581399905627,2.446980798411236e-05,0.05873020535811068,0.0005097124656022403,0.05413268599297668,0.0004320518669595005,0.05503088290782381,0.0004096211948455044
MACELES,LR,6400,500.0,10,0.05052120192542227,0.0025541576435785026,0.3174340736388662,26271,21.0,1251,0.11028259174747927,0.0009185376803762497,0.0043763747935594965,3.599026453989799e-05,0.06004760470694318,0.000530715942417087,0.05295310847695989,0.0004554866535773776,0.05461136183409561,0.0004078970659510138
MACELES,LR,6400,500.0,11,0.05545988622063498,0.003077550603328196,0.3484647422393453,30024,24.0,1251,0.11235786896189957,0.0006042977469159454,0.005322395618201175,4.782987278299896e-05,0.06197969970411184,0.00036842144894577407,0.0535177366718492,0.0003120812628031075,0.055700564875988914,0.00025968982942916637
MACELES,LR,6400,500.0,12,0.06112216366739117,0.0037370257326128087,0.3840418806979781,20016,16.0,1251,0.11149109207327895,0.001010684813744903,0.006514993927228192,1.9822851703098853e-05,0.06270962669065866,0.0005373684459808841,0.052488049073025386,0.0005038987299161467,0.055296459309848486,0.0004928445995856716
MACELES,LR,6400,500.0,13,0.06405773031211642,0.004103400804437594,0.40248658990836234,30024,24.0,1251,0.11382255354482072,0.0009345626138020191,0.007255646029180736,3.923955296824134e-05,0.06490459591399823,0.0004974477284444375,0.05328345375781998,0.00046335832692469676,0.05617360366000321,0.0005017719505271001
MACELES,LR,6400,500.0,14,0.07047116959984993,0.004966841234026749,0.4427834174095378,35775,28.597122302158272,1251,0.11449130745178444,0.0005842863714822494,0.008980241324422092,2.421877285876151e-05,0.06665625239087533,0.00038154072951155114,0.052755533063681165,0.0002920873735473272,0.056815296385331185,0.00023652665451713063
MACELES,LR,6400,500.0,15,0.07439996083569159,0.005538009127922895,0.467468740777554,50544,40.402877697841724,1251,0.11579221559497019,0.0007292887527049004,0.010140390648934088,5.847947105025422e-05,0.06848810991835107,0.0005010522297429694,0.05282591247301805,0.00034911783550316814,0.05744449632555321,0.00029455449246770484
MACELES,LR,6400,500.0,16,0.07906978931640436,0.006252801225809668,0.4968101384746173,45036,36.0,1251,0.11697114273643316,0.0003835434294724923,0.011773959615871597,2.164086005563903e-05,0.07054932209330347,0.00022832577451588912,0.05259859156028077,0.00019945815440747475,0.05819578025900129,0.00019261493591961622
MACELES,LR,6400,500.0,17,0.08620269368266552,0.007432724187414662,0.5416274983862265,76617,61.24460431654676,1251,0.11897628825610485,0.000347915164903311,0.014316307583833704,4.337446936064792e-05,0.07387777756289045,0.0003462838039436055,0.052329990336135564,0.0001561581719444733,0.05941481827704811,9.117130575858844e-05
MACELES,LR,6400,500.0,18,0.09107274369141316,0.008296842907160753,0.5722269250464195,66924,53.49640287769784,1251,0.12215931966805875,0.0007791433723312712,0.016388399587156363,8.100399465399774e-05,0.07716394159017678,0.00048418568990520495,0.05288546004045119,0.00037319171720533634,0.06138377766503833,0.0003455227892970173
MACELES,LR,6400,500.0,19,0.0943700354508853,0.00890725042290209,0.5929444201830192,37854,30.258992805755394,1251,0.12161191799845691,0.0007239766154837309,0.0178836761807065,3.7073516892946253e-05,0.07832345610297797,0.00040750764842096497,0.051864120908875204,0.00035787043399770473,0.061172138076185434,0.0003624971122517081
MACELES,LR,6400,500.0,20,0.09902602240335098,0.009806691123581047,0.6221988489931715,56496,45.16067146282974,1251,0.12466494943422733,0.0004987763170990878,0.02005310517971194,5.6628066289903424e-05,0.08181944646498414,0.0002995728222222622,0.052305922127257695,0.00026293388589933563,0.0628986081489551,0.00024817308491669723
