tag,x_LiCl,split,k2cut_cycles2_per_A2,k_max_cycles_per_A,n_Li,n_Cl,n_Na,box_L,n_fit_points,fit_converged,fit_status,fit_nfev,fit_cost,fit_rmse,n_starts,n_starts_converged,best_start_factor,n_basins,selection_rule,alt_S0_NN,alt_cost,kappa_calculated,kappa_used,S0_LiLi,S0_LiCl,S0_LiNa,S0_ClCl,S0_ClNa,S0_NaNa,S0_NN,S0_ZZ
li160,0.05,0,0.015,0.1224744871391589,160,3200,3040,58.23133182188903,253,1,2,48,386.40593699463375,0.847999882189231,4,4,0.75,1,lowest-cost,,,7.531104378638589,5.250545287459378,0.9461774773302156,0.0496987586311306,-0.1660781498524629,0.055334985627377,0.0453708201828152,0.0846504199521845,0.110669971254754,-1.3690622048122445e-18
li160,0.05,1,0.015,0.1224744871391589,160,3200,3040,58.21805745136067,253,1,2,32,436.1292839023158,0.9193315865816856,4,4,0.3,1,lowest-cost,,,7.533680289948036,5.13691978531936,0.9611995114062248,0.0538415620576283,-0.1652740141917084,0.055073669526005,0.0441522912313848,0.0832157542538844,0.1101473390520101,-6.555141144300042e-18
li160,0.05,2,0.015,0.1224744871391589,160,3200,3040,58.244901785861714,253,1,2,42,453.1044650640385,0.9167842600430842,4,4,0.75,1,lowest-cost,,,7.528472623946451,4.789421809668846,0.9017575577124306,0.0476108608566771,-0.1580296593128335,0.0557852942787692,0.0463118237110732,0.0837694188377136,0.1115705885575385,-2.5249511065332764e-17
li160,0.05,3,0.015,0.1224744871391589,160,3200,3040,58.22789639284036,253,1,2,55,438.20988695390395,0.9111887407072784,4,4,1.0,1,lowest-cost,,,7.531770887940023,5.546635523375094,0.854699729577817,0.0443087996000734,-0.1506216965035108,0.0555024176925039,0.0467791432637226,0.0825493753578514,0.1110048353850079,6.927714369642643e-18
li160,0.05,4,0.015,0.1224744871391589,160,3200,3040,58.235064097658366,253,1,2,58,441.8372127917702,0.913408362336652,4,4,0.75,1,lowest-cost,,,7.530380389360197,4.968315406784241,0.86196466806091,0.0461282843341251,-0.1504216357480477,0.0538719719108083,0.0446889227619256,0.0803589572868899,0.1077439438216168,-5.764978097143774e-18
li320,0.1,0,0.015,0.1224744871391589,320,3200,2880,58.02987134561754,253,1,2,69,405.98922460603393,0.8594114309271464,4,4,1.0,1,lowest-cost,,,7.5703566438926355,5.344190977642881,0.8729217528303909,0.0718322767673255,-0.2152560495766817,0.0572925025197268,0.0364475080153158,0.1101710633141076,0.1145850050394537,4.284131212933797e-18
li320,0.1,1,0.015,0.1224744871391589,320,3200,2880,58.042147214990045,253,1,2,32,458.0243672591176,0.9269698433046936,4,4,0.75,1,lowest-cost,,,7.567955083998225,3.898471284832522,0.848083567304329,0.0714637532718247,-0.2073651122736842,0.056254826346475,0.0354765424534282,0.1065172633113918,0.11250965269295,8.744523845232695e-18
li320,0.1,2,0.015,0.1224744871391589,320,3200,2880,58.01680259074246,253,1,2,43,467.6129458209763,0.9258255695001568,4,4,0.5,1,lowest-cost,,,7.572914714196941,5.868061858956693,0.8611232694607951,0.0706242721014181,-0.2125965705096091,0.0570414596804033,0.0365855538497721,0.1094300833778769,0.1140829193608066,-1.1805557058114477e-18
li320,0.1,3,0.015,0.1224744871391589,320,3200,2880,58.031268603442086,253,1,2,43,452.6648405151466,0.9331849476191236,4,4,0.5,1,lowest-cost,,,7.57008323069736,5.896826104294517,0.7964986232070164,0.0655375972172502,-0.1964168478752642,0.056774810049213,0.0380000387538931,0.1055278405040777,0.1135496200984261,2.4846579007772553e-18
li320,0.1,4,0.015,0.1224744871391589,320,3200,2880,58.0312783748312,253,1,2,53,468.0340385483252,0.9361476419345044,4,4,0.75,1,lowest-cost,,,7.570081318705386,5.4674030042098,0.8946195091028132,0.0723348043953125,-0.2219589243702889,0.0569410885453183,0.0359095759524057,0.1118383247302337,0.1138821770906366,1.602195535728512e-18
li480,0.15,0,0.015,0.1224744871391589,480,3200,2720,57.83415285511007,253,1,2,49,402.3159662526277,0.878228705641033,4,4,1.0,1,lowest-cost,,,7.608817783073333,4.137812541621275,0.8497064311160045,0.087136695846291,-0.2624350812149731,0.0590471531917709,0.0274408959394256,0.1400086158681486,0.1180943063835418,-1.0923541709916798e-17
li480,0.15,1,0.015,0.1224744871391589,480,3200,2720,57.82173780995633,253,1,2,40,450.3961101408969,0.9304015009584234,4,4,0.75,1,lowest-cost,,,7.61126847610969,3.9041327366374583,0.7698390332270331,0.0799152083985022,-0.2367168661177555,0.0584832616526197,0.0298629012057441,0.1318318381052422,0.1169665233052395,5.980510802041285e-18
li480,0.15,2,0.015,0.1224744871391589,480,3200,2720,57.837499710409894,253,1,2,589,445.0300369405537,0.9366342566703254,4,4,0.75,1,lowest-cost,,,7.608157348826219,5.359144816501606,0.7852975760477412,0.0789937968415957,-0.2442101641641306,0.0575260683794466,0.029211749606591,0.1342733798380815,0.1150521367588932,-1.2346382049965972e-17
li480,0.15,3,0.015,0.1224744871391589,480,3200,2720,57.83483959017603,253,1,2,206,465.7010461728977,0.9508120131647452,4,4,0.5,1,lowest-cost,,,7.608682261997078,3.928345304563118,0.7925810530068621,0.0863308327382256,-0.2393117037021915,0.0589436844167223,0.0276671985139226,0.1305403139716217,0.1178873688334446,1.3418542332131319e-17
li480,0.15,4,0.015,0.1224744871391589,480,3200,2720,57.843556480432206,253,1,2,40,469.3070217497022,0.95566184788377,4,4,0.5,1,lowest-cost,,,7.606962410551445,3.93747807451213,0.8367116701243532,0.08961451148835,-0.2542886213028688,0.0598304477019407,0.0272496073542751,0.1363789365953119,0.1196608954038814,-8.305729962317148e-18
li640,0.2,0,0.015,0.1224744871391589,640,3200,2560,57.64203885135636,238,1,2,199,377.4499664243143,0.8811187066134349,4,4,0.75,1,lowest-cost,,,7.6468883762459505,4.768950245132052,0.7917221983925979,0.093962844093421,-0.290807445820247,0.0607364999413559,0.0209240492454314,0.1687975211487924,0.1214729998827118,-2.1962881071746428e-17
li640,0.2,1,0.015,0.1224744871391589,640,3200,2560,57.6292494591519,238,1,2,34,357.311174230613,0.9540375077690448,4,4,0.3,1,lowest-cost,,,7.649434075209432,5.8880204901345214,0.7672729067508263,0.0882176059419921,-0.2850061715261213,0.0599695538764854,0.0229391965530826,0.1681498871840215,0.1199391077529708,2.4316039448842617e-18
li640,0.2,2,0.015,0.1224744871391589,640,3200,2560,57.64454794952201,238,1,2,962,436.1171599248695,0.934397311915209,4,4,0.5,1,lowest-cost,,,7.646389111731982,8.376694595974937,0.743172315596565,0.08959617546021,-0.2714145883717684,0.0602088171728808,0.0225174162916039,0.1608825309387281,0.1204176343457616,-5.4317516020190595e-18
li640,0.2,3,0.015,0.1224744871391589,640,3200,2560,57.64787157249,238,1,2,307,421.48948544769326,0.9315811561880996,4,4,0.3,1,lowest-cost,,,7.645727855362645,6.469244738174057,0.7314207019460421,0.0886498069431609,-0.2665968537144507,0.060201699208583,0.022982642424113,0.158993802238669,0.1204033984171661,1.0238697381062877e-17
li640,0.2,4,0.015,0.1224744871391589,640,3200,2560,57.645476973558914,238,1,2,93,437.34724850946145,0.9495471722918654,4,4,0.3,1,lowest-cost,,,7.6462042667701855,3.762443337644587,0.8760225766409651,0.1032009001030431,-0.3226291743356977,0.0607990803725855,0.0163749882897656,0.1796223806411884,0.121598160745171,1.9930084667677597e-17
li800,0.25,0,0.015,0.1224744871391589,800,3200,2400,57.4420915878288,238,1,2,39,399.5570630108115,0.909494189721517,4,4,1.0,1,lowest-cost,,,7.686849599571195,7.08350067084324,0.7773438821033325,0.103940250256277,-0.3287798366550705,0.0619748169167619,0.011552422994642,0.2031607162484241,0.1239496338335239,1.0650787903249079e-17
li800,0.25,1,0.015,0.1224744871391589,800,3200,2400,57.43609372644328,238,1,2,56,400.4032244992535,0.9579876199679298,4,4,0.5,1,lowest-cost,,,7.688053699441586,8.65531283120003,0.7207120714387995,0.0969512636288395,-0.3041536321446339,0.0620866025731802,0.0157165952630049,0.1937511424053874,0.1241732051463604,-8.230722325916289e-18
li800,0.25,2,0.015,0.1224744871391589,800,3200,2400,57.43614109555411,238,1,2,2512,435.07634822119735,0.9228490430936276,4,4,1.0,1,lowest-cost,,,7.688044188630472,8.635790464933255,0.6829421356987154,0.0912510553065563,-0.2889291831964358,0.0592112018226815,0.015687385277655,0.184927573921072,0.118422403645363,5.013492163363145e-18
li800,0.25,3,0.015,0.1224744871391589,800,3200,2400,57.44943750022355,238,1,2,39,430.62100363200807,0.9603885777529892,4,4,0.3,1,lowest-cost,,,7.685375300054131,3.718806528624668,0.7740926594730064,0.1093320247585654,-0.3206768574736443,0.0635912210359809,0.0103059432410365,0.1970431481942227,0.1271824420719619,1.2563266439335324e-17
li800,0.25,4,0.015,0.1224744871391589,800,3200,2400,57.447844856741845,238,1,2,60,431.4466279952052,0.9590025822746971,4,4,0.75,1,lowest-cost,,,7.685694898145408,6.730159451794583,0.866061547126668,0.1132027870127642,-0.369305548258695,0.0621518914074526,0.0064091629146389,0.2206193215684739,0.1243037828149054,7.6859282030877e-18
li960,0.3,0,0.015,0.1224744871391589,960,3200,2240,57.25420214745463,238,1,2,5115,363.9866184296632,0.844353012745452,4,4,0.3,1,lowest-cost,,,7.724719190250452,6.821900345738458,0.6817877349819544,0.1045270835026448,-0.3214010826969677,0.0639420779864576,0.0079963620462993,0.2199638792454206,0.1278841559729152,4.786131844343919e-18
li960,0.3,1,0.015,0.1224744871391589,960,3200,2240,57.26249948522982,238,1,2,52,433.5134437116549,0.9244576753902972,4,4,1.0,1,lowest-cost,,,7.723040283032833,5.481527456439998,0.6434315868468714,0.1005728099231423,-0.3010173504374732,0.0644930592373293,0.011243590314353,0.2105007742260311,0.1289861184746588,-2.4029190893372477e-18
li960,0.3,2,0.015,0.1224744871391589,960,3200,2240,57.25724283441502,238,1,2,41,437.5978315595093,0.9403515727762476,4,4,0.75,1,lowest-cost,,,7.724103858287904,6.678756063262519,0.6529237240779312,0.1040258617307981,-0.3031042266086263,0.0653953195879981,0.0100614446575138,0.2104540210623349,0.1307906391759963,3.3276778898801547e-17
li960,0.3,3,0.015,0.1224744871391589,960,3200,2240,57.24482974468419,238,1,2,5983,441.0659838114507,0.9333985378357328,4,4,0.3,1,lowest-cost,,,7.726616360960059,7.547138513529724,0.3434164174576912,0.062552433289787,-0.1500543604186259,0.0577066414403496,0.0280224487332322,0.1317268702833567,0.1154132828806993,1.5613136845646148e-17
li960,0.3,4,0.015,0.1224744871391589,960,3200,2240,57.2517249088151,238,1,2,7465,424.14499710222253,0.9482094148276892,4,4,0.5,1,lowest-cost,,,7.725220559769528,8.784931321517227,0.3266989973013091,0.0652031079163967,-0.1359420778007223,0.0596330887561072,0.0285897198052389,0.1231662312799879,0.1192661775122145,-1.5307724252493367e-17
li1120,0.35,0,0.015,0.1224744871391589,1120,3200,2080,57.05083036784284,229,1,2,33,360.62862909905334,0.8505296004146178,4,4,1.0,1,lowest-cost,,,7.766060983874357,4.0617019512478105,0.6583492232728247,0.1088370553772606,-0.3481005028452932,0.0657761857765117,0.0017207530729887,0.2575702666586144,0.1315523715530234,-6.1742287628764326e-18
li1120,0.35,1,0.015,0.1224744871391589,1120,3200,2080,57.06264384926646,229,1,2,84,434.9298946705176,0.959631034247188,4,4,1.0,1,lowest-cost,,,7.763649437656635,10.27517285866982,0.6942685980408468,0.1110716731481528,-0.3716864157637784,0.0670754917846946,0.0016925826841734,0.2748426540024986,0.1341509835693894,1.6257347098577926e-18
li1120,0.35,2,0.015,0.1224744871391589,1120,3200,2080,57.0466435444103,229,1,2,989,437.0823665133302,0.944992226559008,4,4,0.75,1,lowest-cost,,,7.766915961152786,4.852713829966447,0.6191217471680621,0.1079367180170761,-0.3204321360319598,0.0653039657204754,0.0017957031816381,0.2373602002558577,0.1306079314409508,1.0230440907269797e-17
li1120,0.35,3,0.015,0.1224744871391589,1120,3200,2080,57.05813862954133,229,1,2,47,397.5713629915331,0.9471131831452496,4,4,0.75,1,lowest-cost,,,7.764568963893755,3.3946999887000286,0.6225956148149177,0.1038266570220164,-0.3280791612239209,0.0648587353726418,0.0042594231347784,0.246027451149091,0.1297174707452837,-1.6477244024650227e-17
li1120,0.35,4,0.015,0.1224744871391589,1120,3200,2080,57.03555431028065,229,1,2,61,419.0369963514139,0.9232096095443632,4,4,0.3,1,lowest-cost,,,7.769181214912021,4.76676195592532,0.613666897025045,0.1033674073798749,-0.3220969026693079,0.0645808210750424,0.0042517099786542,0.2416281065038585,0.1291616421500848,2.1858518390943322e-17
li1280,0.4,0,0.015,0.1224744871391589,1280,3200,1920,56.853441665641114,229,1,2,2213,390.28955438865114,0.8860448667603742,4,4,0.75,1,lowest-cost,,,7.8065403926951555,3.151893314023828,0.6329332712681454,0.1177794090712652,-0.3647352886594546,0.0682083354254582,-0.0081099024185996,0.2873352771319306,0.1364166708509165,6.054209124093464e-18
li1280,0.4,1,0.015,0.1224744871391589,1280,3200,1920,56.85829376629243,229,1,2,28,430.97620394549347,0.965700899839698,4,4,1.0,1,lowest-cost,,,7.805541137113304,2.832279302535991,0.6198853764506553,0.1174938265350721,-0.3544504126215506,0.0690364392174654,-0.0068076478557667,0.2806189144231746,0.1380728784349308,-3.282342658106227e-17
li1280,0.4,2,0.015,0.1224744871391589,1280,3200,1920,56.8444575323307,229,1,3,1571,429.59910718628225,0.9454006510382172,4,4,0.75,1,lowest-cost,,,7.808391173942464,10.945928681295811,0.4782352991242114,0.0938226831340465,-0.2693529235223144,0.0636258115638468,0.0055346695328219,0.2270709687613174,0.1272516231276937,1.0173496645207613e-17
li1280,0.4,3,0.015,0.1224744871391589,1280,3200,1920,56.85303737998885,229,1,2,1928,402.0156826755623,0.9665895662584916,4,3,1.0,1,lowest-cost,,,7.806623662069075,2.7472687792432793,0.6079841703833834,0.1126984750643611,-0.3509238906871316,0.068333370630101,-0.0037999174189523,0.2816224846183761,0.1366667412602022,2.2008205807784685e-17
li1280,0.4,4,0.015,0.1224744871391589,1280,3200,1920,56.85603297393006,229,1,2,703,440.0058579401217,0.9477884611375108,4,4,1.0,1,lowest-cost,,,7.806006704678069,7.668639008056953,0.620645956891918,0.1179470223866254,-0.3544863506228167,0.0687787427468309,-0.0075103654320989,0.2797410531882598,0.1375574854936619,-1.990127738359498e-18
li1440,0.45,0,0.015,0.1224744871391589,1440,3200,1760,56.64788697672505,229,1,2,108,348.4079745632861,0.8840032522829017,4,4,1.0,1,lowest-cost,,,7.849069581719768,5.554429201716445,0.5910414216138244,0.1159317519892761,-0.3782947387032259,0.0681713085374642,-0.0129420415848321,0.3247294206263353,0.1363426170749284,-1.7894905091562984e-17
li1440,0.45,1,0.015,0.1224744871391589,1440,3200,1760,56.64328844929929,229,1,2,111,414.33994780215494,0.9682639885212108,4,4,1.0,1,lowest-cost,,,7.850025429145386,35.691405562787466,0.417721226789042,0.0838338785587218,-0.2648014874554105,0.0656981126891654,0.0127567207420424,0.2567231163261514,0.1313962253783313,4.051096493603488e-18
li1440,0.45,2,0.015,0.1224744871391589,1440,3200,1760,56.65503236544105,229,1,2,49,399.54704373683023,0.965983812809145,4,4,0.75,1,lowest-cost,,,7.847584729911941,5.0428527041125815,0.613355633071067,0.1188872759132036,-0.3944934747561855,0.0691004129503676,-0.0143626094267506,0.3374662354024176,0.1382008259007353,-3.943515600721096e-18
li1440,0.45,3,0.015,0.1224744871391589,1440,3200,1760,56.654359529064344,229,1,2,299,402.86131161122967,0.9147285924761118,4,4,0.75,1,lowest-cost,,,7.847724529113531,4.179255914248818,0.5495983854381221,0.1086495518488799,-0.3506274186872329,0.0664412182330853,-0.0086878970079088,0.3054396754270003,0.1328824364661707,-2.3223818549241162e-17
li1440,0.45,4,0.015,0.1224744871391589,1440,3200,1760,56.63858202573732,229,1,2,24,426.7573760218273,0.9332649353790444,4,4,1.0,1,lowest-cost,,,7.851003904704285,3.978072826205724,0.5900662820143903,0.1174642862553241,-0.3753462229651171,0.0688749681866764,-0.0133794565088955,0.3214725776289319,0.1377499363733528,2.7892879881298296e-18
li1600,0.5,0,0.015,0.1224744871391589,1600,3200,1600,56.44825074200895,228,1,2,38,344.47560421184073,0.823866258738627,4,4,0.3,1,lowest-cost,,,7.89074518628853,4.658760633489441,0.5547231759867695,0.1156309207808983,-0.3911963595887339,0.0689074995361787,-0.0181810003876165,0.3654845422630562,0.1378149990723576,3.2662114549015713e-17
li1600,0.5,1,0.015,0.1224744871391589,1600,3200,1600,56.46114262688455,228,1,2,36,413.7291990856833,0.958327527192558,4,4,1.0,1,lowest-cost,,,7.888042776275747,3.4027224679577692,0.5569792153249695,0.11767453452859,-0.3905622926486964,0.070544903556867,-0.0179089751621665,0.3652351770861575,0.141089807113734,1.2266347333466993e-18
li1600,0.5,2,0.015,0.1224744871391589,1600,3200,1600,56.4516595302011,228,1,2,41,390.59387257643874,0.93096879654382,4,4,0.5,1,lowest-cost,,,7.890030482597276,3.8667673290719544,0.5382480544207341,0.1162215968813113,-0.373885895870525,0.0698438676920131,-0.0174474519426742,0.3492114727043423,0.1396877353840262,-1.7557692007854553e-17
li1600,0.5,3,0.015,0.1224744871391589,1600,3200,1600,56.43995171100938,228,1,2,56,421.6521550167026,0.9465048730531342,4,4,1.0,1,lowest-cost,,,7.892485654099293,2.3457985842711797,0.5347896606952253,0.1137441795420887,-0.3739310993458031,0.0688075527320824,-0.0164356052746752,0.3506876434605466,0.1376151054641649,-3.918009395674997e-17
li1600,0.5,4,0.015,0.1224744871391589,1600,3200,1600,56.439753945613475,228,1,2,35,404.8451787842716,0.920479178327918,4,4,1.0,1,lowest-cost,,,7.892527137144705,1.809193376371919,0.5120114647391204,0.1066626378883661,-0.3611677156389026,0.0666860515113349,-0.0123543194199253,0.3436960695613548,0.1333721030226697,-1.019788360777436e-17
li1760,0.55,0,0.015,0.1224744871391589,1760,3200,1440,56.24484669214875,228,1,2,55,348.8320556231167,0.84327890199144,4,4,0.5,1,lowest-cost,,,7.933588037823997,4.976144535730262,0.52818246090254,0.1162064701132395,-0.410697303487761,0.0689130476710899,-0.0257415804395942,0.4156696702190667,0.1378260953421799,3.956165414783277e-18
li1760,0.55,1,0.015,0.1224744871391589,1760,3200,1440,56.245522836835896,228,1,2,23,416.1417860513076,0.9265566758994062,4,4,1.0,1,lowest-cost,,,7.933444980109981,1.5798402335204118,0.4907244583901635,0.1110389762961335,-0.3769891685434195,0.068171243010282,-0.0211345181720486,0.3852717278259215,0.1363424860205641,-4.767178758452781e-18
li1760,0.55,2,0.015,0.1224744871391589,1760,3200,1440,56.25047901002486,228,1,2,25,429.1135428066912,0.9323569548253622,4,4,1.0,1,lowest-cost,,,7.932396491406823,1.487636178462187,0.5074709401003478,0.1141964897415867,-0.3907961575378944,0.0692718934336495,-0.0229845278509964,0.3977780968848948,0.1385437868672991,-3.123148505683679e-18
li1760,0.55,3,0.015,0.1224744871391589,1760,3200,1440,56.24224020464618,228,1,2,46,409.7741132325445,0.9399967981933068,4,4,0.3,1,lowest-cost,,,7.934139554910931,5.439618943956931,0.5306683927171816,0.1135389741340072,-0.4174220727417994,0.0670040295794759,-0.0256383488240463,0.423258070964716,0.134008059158952,2.8492133833486456e-17
li1760,0.55,4,0.015,0.1224744871391589,1760,3200,1440,56.24187550321344,228,1,2,44,421.8484290651023,0.9528594114653164,4,4,0.3,1,lowest-cost,,,7.934216728637665,5.335708639729025,0.5185238476232555,0.1142352967134487,-0.4029577565518319,0.0699634150892228,-0.021996570952785,0.4126960096670508,0.1399268301784456,7.714933442153907e-18
li1920,0.6,0,0.015,0.1224744871391589,1920,3200,1280,56.048695993795846,228,1,2,69,350.25974245237234,0.8479995295369535,4,4,0.3,1,lowest-cost,,,7.975271600648016,4.940235396933363,0.487592397173954,0.1166306514999913,-0.4127670359036777,0.0709970137507547,-0.0305866570103346,0.4571725592210302,0.1419940275015094,-1.635154818469339e-17
li1920,0.6,1,0.015,0.1224744871391589,1920,3200,1280,56.051619059651344,228,1,2,25,416.8129178947101,0.9186068204212102,4,4,1.0,1,lowest-cost,,,7.974647748726467,1.2381333845467308,0.4694581655112039,0.1138896257266114,-0.39489117096265,0.0697778182467107,-0.0291573171049429,0.4375391701386216,0.1395556364934216,2.401718014021463e-18
li1920,0.6,2,0.015,0.1224744871391589,1920,3200,1280,56.03589096125322,228,1,2,184,410.4389925024851,0.9470006947871176,4,4,1.0,1,lowest-cost,,,7.97800545866112,38.39940126783314,0.414079318171498,0.1031905610930425,-0.3439829182374839,0.0685537589750569,-0.017989100211027,0.3928480500957408,0.1371075179501139,-1.8816058830816677e-17
li1920,0.6,3,0.015,0.1224744871391589,1920,3200,1280,56.04741069393669,228,1,2,32,418.6186036299979,0.968081781567668,4,4,1.0,1,lowest-cost,,,7.975545940018175,3.032587519893854,0.4811567180621423,0.11995702748639,-0.3996255086820096,0.0721320084625171,-0.032866034729289,0.4374735285341717,0.1442640169250342,-4.01821523639084e-18
li1920,0.6,4,0.015,0.1224744871391589,1920,3200,1280,56.06063766228985,228,1,2,25,431.9494492906998,0.9411272846007248,4,4,1.0,1,lowest-cost,,,7.972723476465437,1.2678908980784347,0.4731678411530703,0.1121820603070991,-0.4021344751692522,0.0712385619059574,-0.0247563465943957,0.4533689151818682,0.142477123811915,3.9713398410083035e-18
li2080,0.65,0,0.015,0.1224744871391589,2080,3200,1120,55.8343114485319,228,1,2,42,363.5478722033034,0.847500636205429,4,4,1.0,1,lowest-cost,,,8.021249113019374,5.186501438454988,0.4461084319242057,0.1139894508176113,-0.4152659774305756,0.0712927019466519,-0.0348347759272593,0.5070306173761968,0.1425854038933038,-8.126431645992637e-18
li2080,0.65,1,0.015,0.1224744871391589,2080,3200,1120,55.82240942750983,228,1,2,137,409.6207229258142,0.9151498019859112,4,4,1.0,1,lowest-cost,,,8.023814592505802,1.502273985072152,0.4145125341535076,0.1083633260949152,-0.3817179132282852,0.0692033746442886,-0.0306992680382834,0.4683025964458349,0.1384067492885772,-3.515476221454183e-18
li2080,0.65,2,0.015,0.1224744871391589,2080,3200,1120,55.82993430879381,228,1,2,45,428.816884475627,0.9539523140140922,4,4,1.0,1,lowest-cost,,,8.022192446112205,1.9031688314151567,0.4536581955304899,0.115947032277201,-0.4222456543535695,0.0711749012721943,-0.0377016292586707,0.5116964471234172,0.1423498025443887,1.255389683022497e-17
li2080,0.65,3,0.015,0.1224744871391589,2080,3200,1120,55.83867220768407,228,1,2,50,446.3644026744424,0.9627741673398594,4,4,0.3,1,lowest-cost,,,8.020309493992785,8.0491672263863,0.4444441128985845,0.1149393271554845,-0.4113923088563023,0.0730873793330113,-0.0330956807196452,0.504691304366817,0.1461747586660227,5.696068193534161e-18
li2080,0.65,4,0.015,0.1224744871391589,2080,3200,1120,55.84582920015778,228,1,2,44,424.5444472154808,0.9302674421172143,4,4,1.0,1,lowest-cost,,,8.01876776411651,2.1612170868371523,0.4276558036171481,0.1109416219497424,-0.3952710549137629,0.0704901099012628,-0.0320379134679596,0.4845096914793865,0.1409802198025258,1.0394461802473209e-17
li2240,0.7,0,0.015,0.1224744871391589,2240,3200,960,55.623590134767795,228,1,2,49,361.7241334602027,0.8834114919319954,4,4,0.5,1,lowest-cost,,,8.066873135531212,7.399131483210102,0.4069689942539139,0.1126007262802962,-0.4160755479722595,0.0718341766781335,-0.0408497872740696,0.5609847312700516,0.1436683533562671,-1.972639346033458e-17
li2240,0.7,1,0.015,0.1224744871391589,2240,3200,960,55.622695244238905,228,1,2,43,444.3308361451199,0.950080045583044,4,4,0.75,1,lowest-cost,,,8.067067813190324,5.3568962362223935,0.4115444557623716,0.1149086964518875,-0.4188509231227821,0.0720886655409959,-0.0439106389756633,0.5596358617659717,0.1441773310819918,-1.0420352837819669e-17
li2240,0.7,2,0.015,0.1224744871391589,2240,3200,960,55.63446134034631,228,1,2,46,429.5457847539858,0.9415677104666637,4,4,1.0,1,lowest-cost,,,8.06450880010202,8.109574390055617,0.3985055410353336,0.108310487735948,-0.4109802777266977,0.071169195188406,-0.0355104241885958,0.562949876089952,0.1423383903768121,-3.588951938530204e-18
li2240,0.7,3,0.015,0.1224744871391589,2240,3200,960,55.6187634005779,228,1,2,35,381.575255650596,0.9693844731329524,4,4,1.0,1,lowest-cost,,,8.067923253191083,6.4485144783906145,0.3970227950252544,0.1127021963848743,-0.4006972194741454,0.0723979505653179,-0.0399754798345932,0.5390902061578696,0.1447959011306358,-2.267154613354807e-17
li2240,0.7,4,0.015,0.1224744871391589,2240,3200,960,55.61863436076096,228,1,2,74,431.9444981184918,0.9452075331282812,4,4,0.3,1,lowest-cost,,,8.067951330577971,9.034907799355816,0.3984010861945554,0.1103909879465221,-0.4070222640010882,0.0711504100471127,-0.0387227375734789,0.5510390552479378,0.1423008200942254,1.7600089996642498e-17
li2400,0.75,0,0.015,0.1224744871391589,2400,3200,800,55.416325901085145,228,1,2,11545,344.9469941324666,0.8195926146438143,4,2,1.0,1,lowest-cost,,,8.112172150623328,12.535692622433618,0.2936406186393979,0.0953633013965057,-0.3178738678563822,0.0694029550472263,-0.0263681731017982,0.4978373433220928,0.1388059100944526,3.5792240536990636e-17
li2400,0.75,1,0.015,0.1224744871391589,2400,3200,800,55.42269179822539,228,1,2,14364,442.5910118482216,0.951385722952946,4,4,0.5,1,lowest-cost,,,8.110774534351869,14.681293422910263,0.3198609598659209,0.1035626084281141,-0.3468902169892962,0.0721028000903833,-0.035170099381088,0.5304912817118772,0.1442056001807667,5.254467183686049e-17
li2400,0.75,2,0.015,0.1224744871391589,2400,3200,800,55.42315996548802,228,1,2,850,448.57973008320175,0.9589988653041756,4,4,1.0,1,lowest-cost,,,8.110671765281273,2.5469894604210506,0.3613213801549459,0.1070546159947382,-0.4117177562997988,0.0706126966858508,-0.0441986407159605,0.6247187908575915,0.1412253933717017,8.494093077864943e-18
li2400,0.75,3,0.015,0.1224744871391589,2400,3200,800,55.413543637731586,228,1,2,8182,407.09841549312654,0.8998268285894575,4,4,1.0,1,lowest-cost,,,8.112783115410519,13.652147372772548,0.2739467386456483,0.0943402690368371,-0.2858091318283808,0.0696115357896502,-0.0241790675922185,0.4466778024094692,0.1392230715793005,3.504550331863321e-17
li2400,0.75,4,0.015,0.1224744871391589,2400,3200,800,55.40724042625812,228,1,2,10171,409.22213374124703,0.9003560747861319,4,4,0.5,1,lowest-cost,,,8.114167538498664,8.809487714533697,0.1706140566404854,0.0714936983444011,-0.1525248178979527,0.0642752513711276,0.0047197847887451,0.2736203035919344,0.1285505027422554,7.958326663705643e-18
li2560,0.8,0,0.015,0.1224744871391589,2560,3200,640,55.20408389657236,222,1,2,41,380.4996129978727,0.9003913069679745,4,4,0.5,1,lowest-cost,,,8.159000140124594,5.757876620584423,0.3145320532590582,0.1060493956312256,-0.3919304489139266,0.0730731816248657,-0.0487021898170629,0.6749594907438025,0.1461463632497315,-8.917784822180586e-18
li2560,0.8,1,0.015,0.1224744871391589,2560,3200,640,55.20587567528709,222,1,2,1994,415.14272412722727,0.9397932602173904,4,4,1.0,1,lowest-cost,,,8.158602926857405,7.418928340410464,0.2488655997126551,0.0939514209262298,-0.2876494356515641,0.0711986963164852,-0.0286977169794342,0.511128825338063,0.1423973926329706,1.9805781689365997e-17
li2560,0.8,2,0.015,0.1224744871391589,2560,3200,640,55.193151938442014,222,1,2,36,436.9057153373271,0.9622070715165496,4,4,1.0,1,lowest-cost,,,8.16142430674404,5.291374141571885,0.3222174513812086,0.1052638087891541,-0.4090578707393287,0.0711168469095919,-0.0515055135430148,0.7029459119804402,0.1422336938191839,-1.0551945729613359e-17
li2560,0.8,3,0.015,0.1224744871391589,2560,3200,640,55.207297445447075,222,1,2,50,439.646123198676,0.9774673320132484,4,4,1.0,1,lowest-cost,,,8.158287762448643,5.627052003464919,0.3227875852183247,0.107585174902642,-0.4050074059831376,0.0737438714046598,-0.0502740404204617,0.6975986400825507,0.1474877428093196,-1.4758087117688282e-17
li2560,0.8,4,0.015,0.1224744871391589,2560,3200,640,55.2107555816427,222,1,2,770,410.1991767819042,0.9600682670551358,4,4,0.75,1,lowest-cost,,,8.157521280588439,9.639790299388494,0.2007860822040205,0.0879199100586736,-0.2049772689411791,0.0710311660606668,-0.0170093042846181,0.3719205772519746,0.1420623321213337,-4.19452482133936e-18
li2720,0.85,0,0.015,0.1224744871391589,2720,3200,480,54.99669878474258,222,1,2,158,331.7101383148289,0.8174575336079135,4,4,1.0,1,lowest-cost,,,8.205193347733278,5.126339772292655,0.2472211789480832,0.0955211753782065,-0.3418695041926057,0.0710034357940213,-0.0440557962220823,0.7000606219829526,0.1420068715880427,-8.604318275479183e-18
li2720,0.85,1,0.015,0.1224744871391589,2720,3200,480,55.00174805208336,222,1,2,35,413.5707876158562,0.9345310969228996,4,4,0.5,1,lowest-cost,,,8.20406349462666,6.853538027856413,0.2430662858234953,0.0941812135388879,-0.3354386468255987,0.07099821845405,-0.0408795201451384,0.6929532290087107,0.1419964369081001,-1.6394688909446578e-17
li2720,0.85,2,0.015,0.1224744871391589,2720,3200,480,54.99121022004631,222,1,2,5324,406.5574167062101,0.9252771481594864,4,4,0.75,1,lowest-cost,,,8.206421794735332,4.161759773852431,0.2439266758253889,0.0934986139456611,-0.3392492492697813,0.0696516969921022,-0.042731311563301,0.6972429723348349,0.1393033939842045,-1.6560411704000348e-17
li2720,0.85,3,0.015,0.1224744871391589,2720,3200,480,54.988824038594416,222,1,2,48,404.68946951786813,0.9276535661503252,4,4,0.3,1,lowest-cost,,,8.206955963930136,8.171875176598679,0.2353500798803355,0.0948281689561582,-0.3153999709600568,0.0715504242532659,-0.0409937928387414,0.644956588350365,0.1431008485065319,-2.0727366930409458e-18
li2720,0.85,4,0.015,0.1224744871391589,2720,3200,480,55.00567529705634,222,1,2,42,407.966735968661,0.930565995717034,4,4,0.75,1,lowest-cost,,,8.203184890959559,5.464234827862206,0.2414261101827172,0.0935664626564055,-0.3331215277959272,0.0707228004623128,-0.0401272465324238,0.6893797445543293,0.1414456009246258,9.889264252576208e-18
li2880,0.9,0,0.015,0.1224744871391589,2880,3200,320,54.771436923655294,210,1,2,48,354.5639478844102,0.8884034731120096,4,4,1.0,1,lowest-cost,,,8.255864363939837,4.297383491687264,0.2020789931552919,0.089771439473189,-0.3223547618986523,0.0711274099825336,-0.0443896988061635,0.826691732819623,0.1422548199650672,-6.096820004677036e-18
li2880,0.9,1,0.015,0.1224744871391589,2880,3200,320,54.76766641235646,210,1,2,26,401.69401494365104,0.9364850433955724,4,4,0.75,1,lowest-cost,,,8.256716948165241,0.8256716985738043,0.1988836771219816,0.0872129424724419,-0.320859491707792,0.0695766120979713,-0.04161826130971,0.83096997712863,0.1391532241959427,-1.4701050637072455e-17
li2880,0.9,2,0.015,0.1224744871391589,2880,3200,320,54.75877306250158,210,1,2,210,400.5521622198391,0.9523738964040044,4,4,1.0,1,lowest-cost,,,8.258728484848243,5.294007828477031,0.1938274481780041,0.0875708690166194,-0.3045589417612256,0.0709937636515205,-0.038210614243381,0.7928442534805213,0.141987527303041,-2.2827898956654537e-17
li2880,0.9,3,0.015,0.1224744871391589,2880,3200,320,54.77460015357448,222,1,2,67,420.42547831778,0.9647073385636904,4,4,0.3,1,lowest-cost,,,8.255149210747021,3.936190456188635,0.2007147001227086,0.090401204926774,-0.3162703895758847,0.0720084000620691,-0.0434930599195734,0.8112740369716224,0.1440168001241383,-1.1797226155057565e-17
li2880,0.9,4,0.015,0.1224744871391589,2880,3200,320,54.784676844848,222,1,2,32,398.9880731500516,0.9530871055991804,4,4,1.0,1,lowest-cost,,,8.252871728166232,3.9995597412424417,0.2014317818513561,0.089143005476032,-0.3224004107769445,0.0702895506612756,-0.0451539406286706,0.824411934612219,0.1405791013225513,2.7195430442741746e-17
li3040,0.95,0,0.015,0.1224744871391589,3040,3200,160,54.56373781362934,210,1,2,48,311.15441801753957,0.8441725279131381,4,4,0.3,1,lowest-cost,,,8.30304862547061,4.373659191883124,0.1357908095421933,0.07983541823505,-0.2348635718846027,0.0698847553983077,-0.0354603928787646,0.8651628773924493,0.1397695107966154,-8.91459460168921e-18
li3040,0.95,1,0.015,0.1224744871391589,3040,3200,160,54.55411536060263,210,1,2,67,342.3171982587304,0.9226118555801583,4,4,0.5,1,lowest-cost,,,8.30524550515105,4.311272890031256,0.1334556565382959,0.0788070408626197,-0.2292839193454624,0.069595008107001,-0.0322735891158331,0.8550935555240009,0.1391900162140021,-2.4085084916352722e-17
li3040,0.95,2,0.015,0.1224744871391589,3040,3200,160,54.56403834350846,210,1,2,43,384.40500855648304,0.9284748915792708,4,4,0.5,1,lowest-cost,,,8.302980027796036,3.931488966133158,0.1382969037858423,0.0809729380503092,-0.240700240170313,0.0710740731418165,-0.0350999361570897,0.8922163360820528,0.142148146283633,-9.82077934517677e-18
li3040,0.95,3,0.015,0.1224744871391589,3040,3200,160,54.57475507251604,210,1,2,1963,372.2322812809381,0.922153180669724,4,4,0.3,1,lowest-cost,,,8.300534489971545,6.066765597711374,0.1259644482418205,0.0755176919874979,-0.2113409147890822,0.0676731619134454,-0.0265304072413072,0.8025661020764188,0.1353463238268909,-1.3877785149695881e-17
li3040,0.95,4,0.015,0.1224744871391589,3040,3200,160,54.5619266170756,210,1,2,25,376.0076794025797,0.913531610010786,4,4,1.0,1,lowest-cost,,,8.30346206150895,4.720736462746711,0.1310695595983097,0.0792855750308283,-0.2167430940552292,0.0702934685841349,-0.0312358609831492,0.8050702267089651,0.1405869371682698,-5.384826931153997e-18
