tag,x_MgCl2,k2cut_cycles2_per_A2,n_blocks,all_converged,S0_NN,S0_NN_err,S0_NN_blockmean,S0_MgMg,S0_MgMg_err,S0_MgMg_blockmean,S0_MgCl,S0_MgCl_err,S0_MgCl_blockmean,S0_MgNa,S0_MgNa_err,S0_MgNa_blockmean,S0_ClCl,S0_ClCl_err,S0_ClCl_blockmean,S0_ClNa,S0_ClNa_err,S0_ClNa_blockmean,S0_NaNa,S0_NaNa_err,S0_NaNa_blockmean
cl3232,0.0202020202020202,0.01,4,1,0.1080173567585812,0.0009977692779152,0.1079586830502464,0.8277249670782805,0.0776393931761455,0.7521958447856274,0.075721825816107,0.0073999813346627,0.0689678003412819,-0.1604414287684841,0.0149815359738076,-0.1456426058826102,0.0600318287828655,0.0002649740408877,0.0594262657903774,0.0395110533966359,0.0019039194458234,0.0408327737789313,0.0863935776595637,0.0026010204390939,0.0834923004564813
cl3264,0.0408163265306122,0.01,4,1,0.1083354636285139,0.0013205725961528,0.1089328587297362,0.7176117460130157,0.0196538725547438,0.7020661519959717,0.0853584019891957,0.0041298580249262,0.0822665734742058,-0.2071474850550349,0.0051030590705805,-0.2039545721953802,0.0629736925515081,0.0002167552407754,0.0628066677903977,0.0303825252098089,0.0016877370442951,0.0314841291703053,0.1171115293308241,0.0018387298917697,0.1169417577237997
cl3296,0.0618556701030927,0.01,4,1,0.1130799002643004,0.0034619370480429,0.1131935024502233,0.5960754529821525,0.1125588006486913,0.4193635424361866,0.0892603216132657,0.0134225759024236,0.0771076412144472,-0.2111526696773785,0.0453868426524692,-0.1333309607126561,0.0677559052589786,0.0013643018223261,0.0674514113863277,0.0262451580286995,0.006521200512113,0.0321622496618817,0.1363600382584006,0.0175748441508575,0.1026896498408872
cl3360,0.1052631578947368,0.01,4,1,0.1161936580928265,0.0012329412323294,0.1163394166949642,0.4726354308011652,0.08044103394752,0.3350864995255556,0.0917025773895292,0.0131465088168825,0.0715433427451368,-0.2223035142706886,0.0408122369432122,-0.1503514624856853,0.0723771186173762,0.0025291660529695,0.0695002271531149,0.017535220756905,0.0064292373681775,0.0281668555393896,0.171988260919138,0.020880859336347,0.1344459620179796
cl3424,0.1505376344086021,0.01,4,1,0.1189479930141701,0.0012811889248589,0.117424179255292,0.3241962025238783,0.0250498863530414,0.311717206515106,0.079153551921576,0.0060007083232657,0.0762083188802238,-0.1808344247202913,0.0143085993453035,-0.1737555372922821,0.0736100225056709,0.0016499059732842,0.0722408027285098,0.0190249043894779,0.0034185080815119,0.0199111120999489,0.1743926820824878,0.0081556434658009,0.1694640613777368
cl3488,0.1978021978021978,0.01,4,1,0.1233969568209938,0.0019886987662207,0.1252868740522406,0.1719367318601368,0.0360594160721518,0.154234237434235,0.058097260115957,0.0082219786890432,0.0568412022675595,-0.0997633393979858,0.0263440498775832,-0.0837173472160876,0.0731148609666831,0.0023924871243678,0.074202206570572,0.0316444102497615,0.005780063658949,0.0342205123100807,0.1377454157334354,0.0194619757947523,0.1249575627852026
cl3552,0.247191011235955,0.01,4,1,0.131247487513311,0.0009806224217084,0.1306638087456623,0.2166485708096062,0.0108784315235202,0.2005822516834262,0.0763608942363801,0.0046614634727706,0.0727219329214472,-0.1500035287451165,0.0069271861600045,-0.1362745424006821,0.0823811056542346,0.001898151644947,0.0812942203766443,0.0185221242937901,0.0029918388678357,0.0212935914107713,0.1957521640781502,0.0048027642583181,0.1835852981315822
cl3616,0.2988505747126437,0.01,4,1,0.1345180326767863,0.002670325988007,0.1338669528176865,0.1585974608589737,0.0043590107685613,0.1452010914081503,0.0654059104242862,0.0022662764640179,0.0604813818468829,-0.1180639248284318,0.0038699087173907,-0.1072744820907339,0.0817719972725538,0.0020160575397578,0.0798923212155466,0.0258936955516519,0.0013648489748262,0.029765441694344,0.1894016624092042,0.0032627739714353,0.1805832590377498
cl3680,0.3529411764705882,0.01,4,1,0.1377654751825254,0.0024908862556863,0.1361475330672232,0.1484418348252554,0.0073896426699628,0.1358342720295972,0.0707573808985095,0.0034835403217465,0.0649194871664609,-0.116948117530978,0.0069440685396149,-0.1067670934949752,0.0863566530138648,0.0022174104139018,0.0834937051773246,0.02035593579768,0.0029194931436155,0.0248392605896139,0.202178452381722,0.0065082622694447,0.193622960180571
cl3744,0.4096385542168674,0.01,4,1,0.1471013659301446,0.0055117776702826,0.1459525261974904,0.1376087447652016,0.0026472921632657,0.1290334545249162,0.0743661837289141,0.0022820987715247,0.0708420701322874,-0.114340953755192,0.0049930244636104,-0.1055002261935794,0.0929553196866319,0.0034852478446316,0.0911876038230479,0.0197448906455493,0.0025307261532185,0.0228844768095485,0.2210009784096263,0.0044510687983804,0.2111238501867288
cl3808,0.4691358024691358,0.01,4,1,0.1467549778028107,0.0034482426731316,0.1453410386469473,0.1286320810040517,0.0042127868681556,0.1243583513627165,0.0747981920887371,0.0031928322667341,0.0722857572017285,-0.1174133551843751,0.0027547484224278,-0.1135577873877335,0.0936605858077679,0.0027698286681794,0.0919879197184393,0.015180061738897,0.0021413655590989,0.017121177117787,0.2460052014337413,0.0040659196018383,0.2419854057036349
cl3872,0.5316455696202531,0.01,4,1,0.1606069276194812,0.003201317286322,0.1583793889034104,0.1173590165336924,0.0040145128953283,0.1123629800008062,0.0763831175373545,0.002112605601003,0.0735163888538326,-0.1119445997188647,0.0058223090936183,-0.1064829334291491,0.1011841956266275,0.0021436670352948,0.0990083086021254,0.0202190689327575,0.001568368545663,0.0223928005498974,0.2751015836398829,0.0122913432656736,0.2673945199516793
cl3936,0.5974025974025974,0.01,4,1,0.1736991337956169,0.0028058520986124,0.1741630552917093,0.1167938545798087,0.0020114302628106,0.1128963813911753,0.0813388601324514,0.0016321396642181,0.0802751022918429,-0.1225226646422577,0.0025296433926335,-0.1151462293821155,0.1094317906718892,0.0014122585950587,0.1093342418421279,0.0198146477616285,0.003292341559041,0.022211955489982,0.3379692881680607,0.0067939717556747,0.32477343388964
cl4000,0.6666666666666666,0.01,4,1,0.1903007291780699,0.0057489237190285,0.1883052401216073,0.1231311950919333,0.0032091828143331,0.120597505573206,0.0919362695202931,0.0035291003166018,0.0908383836402156,-0.1426918638553217,0.0015061953884086,-0.1379804551542589,0.121952774414683,0.0041393650088717,0.1207135837455738,0.012659655176755,0.0022606236552383,0.0129940308066312,0.4319013877559137,0.0022252676903754,0.4193231982284852
cl4064,0.7397260273972602,0.01,4,1,0.2010621498379553,0.0029862087963577,0.1974277887949265,0.1106436892970344,0.0033767210597547,0.107561495274356,0.0926509812089589,0.0029554882772649,0.0906764397599371,-0.1335199481586259,0.004529587245698,-0.1282326349813572,0.1278120261919455,0.0027040554073365,0.1254212685723827,0.018051030021913,0.003226803504019,0.0185275824986295,0.4968592449778632,0.0117545874144179,0.4802640351238502
cl4128,0.8169014084507042,0.01,4,1,0.2306350386960216,0.004053934267953,0.2275439836138663,0.115090967100329,0.0037463110748178,0.1112973789875496,0.1057825405278607,0.0028084659340955,0.1032959956947755,-0.1529737444609996,0.0081998152797334,-0.1447806860403755,0.1473873628006697,0.0025934574582141,0.1449483840314337,0.0174084321949555,0.0071746575830122,0.0202297618557501,0.7010712777540323,0.0208676587609326,0.6753473881878509
cl4192,0.8985507246376812,0.01,4,1,0.2479568682204679,0.0086896991964659,0.2482335596524306,0.0939151390454319,0.003737638685511,0.0936795257130385,0.1062604063063634,0.0041566043571717,0.1069800987968009,-0.09931815892181,0.0103663674905363,-0.0948023529677046,0.1566303351125733,0.0056850897678419,0.1572589366786687,0.0451008274692372,0.0074788735069348,0.0435364117647731,0.7862668296146615,0.0297148218792261,0.7526202283420692
cl4224,0.9411764705882352,0.01,4,1,0.2652120205300486,0.0131050047368535,0.2625856337508822,0.0917946916731588,0.0043467902992106,0.0896715103937996,0.1145996594457496,0.0059921765463848,0.1128401953182291,-0.0760326104272383,0.0065542011690376,-0.0691545120972426,0.1691294297504576,0.0085632030735483,0.167166808015862,0.0547773290087593,0.007855862110242,0.0575786385230815,0.9229326815187494,0.01686451569588,0.8840001928761512
cl4256,0.9850746268656716,0.01,4,1,0.265308764665815,0.0081146312530222,0.2608752454225372,0.0889447024897056,0.0025052376542708,0.086997587086932,0.1220191093268101,0.0036066393342509,0.1197287106100064,-0.0379873417731587,0.0049495401609487,-0.0327646277206709,0.1746612086270418,0.0052590089395623,0.171622575080836,0.0317154608112565,0.0078882410832154,0.0338868035118549,0.9829817839349916,0.0111800696819593,0.9231638704664388
