tag,x_MgCl2,split,k2cut_cycles2_per_A2,k_max_cycles_per_A,n_Mg,n_Cl,n_Na,box_L,n_fit_points,fit_converged,fit_status,fit_nfev,fit_cost,fit_rmse,n_starts,n_starts_converged,best_start_factor,n_basins,selection_rule,alt_S0_NN,alt_cost,kappa_calculated,kappa_used,S0_MgMg,S0_MgCl,S0_MgNa,S0_ClCl,S0_ClNa,S0_NaNa,S0_NN,S0_ZZ
cl3232,0.0202020202020202,0,0.015,0.1224744871391589,64,3232,3104,58.402717026746025,259,1,2,33,390.3883696321055,0.8788130730409761,4,4,0.75,1,lowest-cost,,,7.609616772821247,4.854686841363245,0.8414734831563224,0.0767036306251522,-0.1633879287757975,0.0593363662575067,0.038519438386179,0.0862279090096334,0.1064709262551051,7.467212700371059e-18
cl3232,0.0202020202020202,1,0.015,0.1224744871391589,64,3232,3104,58.4169553938313,259,1,2,43,470.5655702427247,0.9418577022256468,4,4,1.0,1,lowest-cost,,,7.606834825854179,5.114840479336906,0.8197986029625006,0.074816292823088,-0.1590891248178071,0.0589772796223485,0.0386950345260741,0.0851725445640877,0.1060653046525656,7.5084097956167205e-19
cl3232,0.0202020202020202,2,0.015,0.1224744871391589,64,3232,3104,58.38546360494601,259,1,2,48,447.7198754419111,0.9526456836607102,4,4,0.3,1,lowest-cost,,,7.612990085769758,4.875765059508235,0.826067729089111,0.0730518834788299,-0.1626899343282287,0.0591762666847878,0.0394047918011672,0.086930880401065,0.1070314891492967,1.462747909387463e-17
cl3232,0.0202020202020202,3,0.015,0.1224744871391589,64,3232,3104,58.41154378697968,259,1,2,275,460.6420578888499,0.940466632569727,4,4,0.5,1,lowest-cost,,,7.607891966709277,4.5572592868161435,0.7857895178941439,0.0705491880239429,-0.153676482329282,0.0591568446989471,0.0401037056555546,0.0850555467139873,0.1073008743383644,3.1671486561272793e-17
cl3232,0.0202020202020202,4,0.015,0.1224744871391589,64,3232,3104,58.39587555433205,259,1,2,40,462.4923141434564,0.9314340044709288,4,4,1.0,1,lowest-cost,,,7.610954089220712,5.029543861383969,0.7850168449133371,0.0749260392484359,-0.148988399653608,0.0585631644506063,0.038240949816443,0.0818084326483658,0.1048497786297259,-8.188920927928192e-18
cl3264,0.0408163265306122,0,0.015,0.1224744871391589,128,3264,3008,58.39218195969234,259,1,2,41,393.1005401195963,0.9023985627349528,4,4,0.3,1,lowest-cost,,,7.721730287848875,4.457319496524657,0.7058949908371615,0.0867739796893757,-0.2008389357617634,0.0625324457116548,0.0293388624952244,0.1134216534556376,0.1066291196127519,-1.7937675830032666e-17
cl3264,0.0408163265306122,1,0.015,0.1224744871391589,128,3264,3008,58.408524704242915,259,1,2,28,484.1488368537007,0.9509721084443664,4,4,1.0,1,lowest-cost,,,7.718489696552487,4.846026292435197,0.7311085072842161,0.0932006455436457,-0.204546680839114,0.062822990431791,0.0269900785149445,0.1125046606508241,0.1051298554294747,9.228853224694068e-18
cl3264,0.0408163265306122,2,0.015,0.1224744871391589,128,3264,3008,58.38680709037884,259,1,2,40,444.8222752571305,0.9617790490322818,4,4,0.75,1,lowest-cost,,,7.722796562450554,5.509878915342782,0.6456609056097985,0.0802637388257021,-0.1827698659892575,0.0627483787501963,0.0322497168702945,0.1089991160547248,0.108494949696933,-1.1655801899356284e-17
cl3264,0.0408163265306122,3,0.015,0.1224744871391589,128,3264,3008,58.38351322818848,259,1,2,50,440.7104829750651,0.9592352900938128,4,4,0.3,1,lowest-cost,,,7.723450125031239,3.727133935387468,0.6681977026256489,0.0779871466730339,-0.1944393290189604,0.0609504175423614,0.0313160589397909,0.1128409919968793,0.1061975429208073,1.487317272724017e-17
cl3264,0.0408163265306122,4,0.015,0.1224744871391589,128,3264,3008,58.3896635490812,259,1,2,40,487.88831878861754,0.9541894460657242,4,4,0.3,1,lowest-cost,,,7.722229863355826,5.061698021083189,0.7009825151705154,0.0835496116796435,-0.2021709768980035,0.0627153501533504,0.0308596638666809,0.1155554067267621,0.1082065759859734,4.996992915502292e-18
cl3296,0.0618556701030927,0,0.015,0.1224744871391589,192,3296,2912,58.38460780332274,259,1,2,2015,411.0691923663928,0.8658079692282852,4,4,0.3,1,lowest-cost,,,7.831761430405489,5.039890539337075,0.6142398023605433,0.0921530088324222,-0.2174035089306432,0.0667936394812803,0.0237358632703007,0.1369005520410204,0.1102043419647935,-7.419489719910928e-18
cl3296,0.0618556701030927,1,0.015,0.1224744871391589,192,3296,2912,58.38158294569838,259,1,2,35,481.9248263333269,0.9551495014923947,4,4,1.0,1,lowest-cost,,,7.832370105323128,1.2481821105254964,0.5625236974872648,0.0880915123026733,-0.1951655666529728,0.0664110875978766,0.0254146610986597,0.1272662602786864,0.1098841459916678,3.913097453931868e-18
cl3296,0.0618556701030927,2,0.015,0.1224744871391589,192,3296,2912,58.38928531792577,259,1,2,554,491.6575310267012,0.9434290176664984,4,4,0.3,1,lowest-cost,,,7.83082035591076,11.217323183212333,0.4783883387438984,0.0735423770581762,-0.1674363570619059,0.0645516661576723,0.0309081819066147,0.1188703707054172,0.1107633923976177,-2.816036178167778e-18
cl3296,0.0618556701030927,3,0.015,0.1224744871391589,192,3296,2912,58.387832182381025,259,1,2,9837,451.13208080045615,0.9455086686605476,4,4,0.3,1,lowest-cost,,,7.831112693726158,10.204248890083582,0.1230035448000846,0.0419992797682871,-0.0184860530089656,0.06597119053432,0.0486174431735865,0.0612173136960262,0.1187090480752086,-4.480895923039046e-18
cl3296,0.0618556701030927,4,0.015,0.1224744871391589,192,3296,2912,58.37966280308538,259,1,2,42,464.8740920678972,0.9431774827546084,4,4,0.5,1,lowest-cost,,,7.832756525624477,5.036393910064998,0.6085348319172406,0.0881867934674346,-0.218693334998938,0.064728952043291,0.0235761171131781,0.1373929927557924,0.1077519077382185,4.673502618329108e-19
cl3360,0.1052631578947368,0,0.015,0.1224744871391589,320,3360,2720,58.379254921539875,259,1,2,36,355.01371742157096,0.782337686397166,4,4,1.0,1,lowest-cost,,,8.045533541677974,4.227105350659815,0.4728121051036473,0.0938830678080768,-0.2200012322367882,0.0711492217981455,0.0146746856564921,0.1672296014617342,0.1122107891877692,1.1534405858709868e-17
cl3360,0.1052631578947368,1,0.015,0.1224744871391589,320,3360,2720,58.3764895111863,259,1,2,2071,421.41412204744114,0.9295520249378884,4,4,0.5,1,lowest-cost,,,8.046105247824686,6.117702556499557,0.4346000821147537,0.0879328206703221,-0.2004013306726245,0.0690211310947168,0.0163912809397174,0.1556920689018388,0.1096873984402473,-1.7631493846121202e-17
cl3360,0.1052631578947368,2,0.015,0.1224744871391589,320,3360,2720,58.394850038636086,259,1,2,2010,451.0171023481022,0.9024349067144048,4,4,0.3,1,lowest-cost,,,8.042310757646856,8.06544380096417,0.3760617165850988,0.0752673963058349,-0.174321175370449,0.0681685290544847,0.024132076187261,0.1464046428714889,0.1131781489934315,-5.538322435522772e-17
cl3360,0.1052631578947368,3,0.015,0.1224744871391589,320,3360,2720,58.38228936707715,259,1,2,53,450.16787888793266,0.8943094714887901,4,4,0.3,1,lowest-cost,,,8.044906294535462,0.8044906294661934,0.4777501727509972,0.0988411974001825,-0.2178780657505262,0.0724742040822478,0.0127460722914749,0.1636295873560158,0.1120269201431975,2.094561213641864e-17
cl3360,0.1052631578947368,4,0.015,0.1224744871391589,320,3360,2720,58.36392080055984,259,1,2,211,453.4632124935453,0.8970594945967737,4,4,0.5,1,lowest-cost,,,8.048704489226902,4.444206867946418,0.4487071208956739,0.0876058471913031,-0.2104420901424831,0.0693586083636284,0.0169906679095513,0.1632461544445221,0.1113133556772855,-3.4141045774510696e-18
cl3424,0.1505376344086021,0,0.015,0.1224744871391589,448,3424,2528,58.37636020305407,259,1,2,69,249.9836546450568,0.6361016863574981,4,4,0.3,1,lowest-cost,,,8.25336243699846,7.5158624899073745,0.3289914646209646,0.0811439841156791,-0.1825552764776007,0.0725835467881438,0.0161544700998566,0.1725009224065788,0.1155462493751669,-2.31012758978788e-18
cl3424,0.1505376344086021,1,0.015,0.1224744871391589,448,3424,2528,58.37634030957153,259,1,2,501,401.95735623100825,0.828533489062994,4,4,1.0,1,lowest-cost,,,8.253366655868673,5.9911961055940965,0.2890009986394579,0.0697431370870962,-0.1621540613712306,0.069492548332322,0.0221559804011378,0.1623089075972846,0.1149573488600182,-1.7632867077459652e-17
cl3424,0.1505376344086021,2,0.015,0.1224744871391589,448,3424,2528,58.39158467868759,259,1,2,57,412.2061050628988,0.8643582082753986,4,4,0.75,1,lowest-cost,,,8.250134790619764,6.753348902079225,0.3382949444191149,0.0827016832633851,-0.1885753858533254,0.07330909324109,0.0156873738615382,0.1770258788243146,0.1165443784595397,-7.282594393813173e-18
cl3424,0.1505376344086021,3,0.015,0.1224744871391589,448,3424,2528,58.36470610714511,259,1,2,106,371.7284453523838,0.811510834594054,4,4,0.5,1,lowest-cost,,,8.255834571748492,5.967850652310794,0.3187866669329781,0.0807789789189491,-0.1743882555082124,0.071954468439131,0.0157296607311229,0.1651303983294662,0.1137682291290191,8.724613661245985e-18
cl3424,0.1505376344086021,4,0.015,0.1224744871391589,448,3424,2528,58.37248135860813,259,1,2,93,410.13751608332507,0.8442114786797822,4,4,0.3,1,lowest-cost,,,8.25418510309355,10.56668725237332,0.3343735384113376,0.0827951962042237,-0.185164972053919,0.0722462715092678,0.01437172979455,0.1726233729629866,0.1139230550263736,3.8035665516638855e-18
cl3488,0.1978021978021978,0,0.015,0.1224744871391589,576,3488,2336,58.41759332503768,259,1,2,973,193.50041523479135,0.5459308968238735,4,4,0.5,1,lowest-cost,,,8.446564841479468,5.733255474337093,0.2399489939338429,0.0692381600319048,-0.1536945857342005,0.0721582551720692,0.0194111609010239,0.1763576327992582,0.1175630548159247,-3.299185347049398e-17
cl3488,0.1978021978021978,1,0.015,0.1224744871391589,576,3488,2336,58.43182262765156,259,1,2,221,362.65974467943545,0.7839681543595647,4,4,0.5,1,lowest-cost,,,8.443479671334323,4.352645166127272,0.2358452986121356,0.0706803419644404,-0.1478568271864643,0.0725310450933155,0.0184344199376628,0.1693664726019745,0.1167287906020149,-1.2014851397926797e-17
cl3488,0.1978021978021978,2,0.015,0.1224744871391589,576,3488,2336,58.40393221215227,259,1,2,97,346.9468823709755,0.7600770450037407,4,4,0.5,1,lowest-cost,,,8.449528586011034,4.868807263783495,0.2556269199228817,0.0722972474523562,-0.1655267204204497,0.0729449348579193,0.017334378048952,0.1855707306499902,0.1179790168007666,1.0217804460832324e-17
cl3488,0.1978021978021978,3,0.015,0.1224744871391589,576,3488,2336,58.41925802520098,259,1,2,84,346.5821735503662,0.7729110018425566,4,4,0.75,1,lowest-cost,,,8.446203807339968,9.251670039265289,0.218154473020069,0.0643147021620671,-0.1380660540638502,0.0718858609172865,0.0239679292509819,0.1664046373465043,0.1193693675158189,7.627481608608267e-18
cl3488,0.1978021978021978,4,0.015,0.1224744871391589,576,3488,2336,58.41565966040565,259,1,2,178,348.6468967874194,0.7601880676563442,4,4,0.75,1,lowest-cost,,,8.446984239949463,6.236649631645692,0.1813921367221857,0.0569981134440244,-0.1104968551651474,0.0699581865362267,0.0288787185993046,0.145025636427788,0.1183401153678831,3.990513819208369e-18
cl3552,0.247191011235955,0,0.015,0.1224744871391589,704,3552,2144,58.44124142160074,259,1,2,167,170.93632798684587,0.5053048401194253,4,4,0.3,1,lowest-cost,,,8.638541476868383,8.356533585609945,0.2172853762371541,0.0759879720451886,-0.1512133414173085,0.0805916394506355,0.016646227615175,0.1947241388642872,0.1277134920465834,-4.0074254365996865e-19
cl3552,0.247191011235955,1,0.015,0.1224744871391589,704,3552,2144,58.43662125336027,259,1,2,142,315.89865201566886,0.717959331654695,4,4,0.5,1,lowest-cost,,,8.639565979217823,6.898802154658636,0.2140323324677651,0.0755351959568973,-0.1480679713702973,0.0800710320171412,0.0164950400616802,0.1909247856708386,0.1266474017939087,5.240094125313816e-18
cl3552,0.247191011235955,2,0.015,0.1224744871391589,704,3552,2144,58.43151340126165,259,1,2,89,328.4081051232906,0.7415247905612004,4,4,1.0,1,lowest-cost,,,8.640698859072666,7.996625391674986,0.2208454816786116,0.0789060120817134,-0.1515374923672616,0.0813856599090121,0.0143240164829432,0.1921066332321054,0.1269838369273186,-1.3583197403162156e-18
cl3552,0.247191011235955,3,0.015,0.1224744871391589,704,3552,2144,58.443616794171106,259,1,2,96,343.828934665824,0.7648446990125796,4,4,1.0,1,lowest-cost,,,8.638014827070785,10.297058516122362,0.1985450962304149,0.0715809741364445,-0.1354084263545507,0.0799054278559676,0.0208136249256452,0.1819749033480147,0.1284842482457342,-1.086480273780276e-17
cl3552,0.247191011235955,4,0.015,0.1224744871391589,704,3552,2144,58.45202274873874,259,1,2,178,297.4827004014146,0.7040464008168927,4,4,0.75,1,lowest-cost,,,8.636151551528252,7.678673387953583,0.2184854294490707,0.0773417646230224,-0.1508461498079295,0.0806678373687424,0.0151927893169226,0.192432547309554,0.1266766608494634,2.240852604157752e-17
cl3616,0.2988505747126437,0,0.015,0.1224744871391589,832,3616,1952,58.48056214748911,259,1,2,71,130.8003212156155,0.4328720819781951,4,4,1.0,1,lowest-cost,,,8.822341071452955,7.877152428132016,0.1638263614734813,0.066241862978336,-0.1237536577867814,0.0798110611055421,0.0221332377718605,0.1917127158313988,0.1298598459278129,-1.3498284225449217e-18
cl3616,0.2988505747126437,1,0.015,0.1224744871391589,832,3616,1952,58.48323235876517,259,1,2,100,281.46706062739935,0.6714520334797631,4,4,0.75,1,lowest-cost,,,8.8217368663305,8.123614580774099,0.1583618027743341,0.0659403090970165,-0.117028876463407,0.0808438697980986,0.0239326892404075,0.1853811447621647,0.131810505378247,9.139926871821838e-18
cl3616,0.2988505747126437,2,0.015,0.1224744871391589,832,3616,1952,58.49062485114025,259,1,2,30,285.020657677748,0.6763685443053258,4,4,0.75,1,lowest-cost,,,8.820064481344158,6.5219860989369804,0.1613551599212089,0.0667469643199563,-0.1198394793604433,0.0823606375201623,0.0249438170445449,0.1904272157154103,0.1347530690206038,2.641914088059034e-18
cl3616,0.2988505747126437,3,0.015,0.1224744871391589,832,3616,1952,58.478142271950425,259,1,2,125,280.29210259283326,0.6718383832613959,4,4,0.75,1,lowest-cost,,,8.822888691145923,9.160553572120778,0.1447177893560256,0.0595180725101592,-0.1079545353211753,0.0770251826401768,0.0271209378990235,0.1778719178590795,0.128368681673269,-9.634270650065866e-18
cl3616,0.2988505747126437,4,0.015,0.1224744871391589,832,3616,1952,58.46914537010029,259,1,2,131,302.24061742889154,0.7074230437050572,4,4,0.3,1,lowest-cost,,,8.824925193901176,7.276698124589784,0.1659136124938661,0.0661293416098897,-0.1266321811185517,0.0777357419539473,0.0194555451563323,0.1918268005752015,0.1255629479147693,6.715602344078506e-19
cl3680,0.3529411764705882,0,0.015,0.1224744871391589,960,3680,1760,58.521455434859696,259,1,2,134,123.05655381703733,0.4200298052640855,4,4,0.75,1,lowest-cost,,,9.001296650663555,6.877226027525935,0.1523699258933369,0.0708989761705679,-0.1225455461411311,0.0850389724309617,0.0182414227449511,0.2073888215584166,0.1351576867199719,-1.1243948156871005e-17
cl3680,0.3529411764705882,1,0.015,0.1224744871391589,960,3680,1760,58.49937141812505,259,1,2,108,251.19576405596337,0.6309291294788569,4,4,1.0,1,lowest-cost,,,9.006394232242885,9.26040744485394,0.1344520565454312,0.0653084791470803,-0.1041629444427074,0.0832692619798496,0.0239401370277868,0.1884762465832963,0.134967019280203,2.9116352990436474e-18
cl3680,0.3529411764705882,2,0.015,0.1224744871391589,960,3680,1760,58.5405048204268,259,1,2,110,267.1853519454718,0.654876351990662,4,4,0.5,1,lowest-cost,,,8.996903404798207,5.037246877912424,0.1538320128772783,0.0727878939467671,-0.1219738211509803,0.086556149172212,0.0176451402232899,0.2056821046790222,0.1366475303140216,5.52755088379552e-18
cl3680,0.3529411764705882,3,0.015,0.1224744871391589,960,3680,1760,58.52168592150224,259,1,2,173,264.95965147338694,0.658424305103266,4,4,0.5,1,lowest-cost,,,9.001243473540372,5.464761015736011,0.1520275702029201,0.0709002025375541,-0.1220380799488547,0.08487167120769,0.0179976941116991,0.2062868132942642,0.1347200998978739,1.0291941126990377e-17
cl3680,0.3529411764705882,4,0.015,0.1224744871391589,960,3680,1760,58.522728155971585,259,1,2,163,290.2420909548016,0.6965199101436674,4,4,0.75,1,lowest-cost,,,9.001003019154306,7.327955832989736,0.1538833507607723,0.0702699826269585,-0.1256905459835149,0.0827493152330207,0.0158596689439965,0.2085902838890809,0.1308573890041104,-1.7252466288977512e-17
cl3744,0.4096385542168674,0,0.015,0.1224744871391589,1088,3744,1568,58.56326814538606,259,1,2,251,103.0048711592914,0.3815081127680538,4,4,0.3,1,lowest-cost,,,9.175806953608284,7.712684526755161,0.1412781728402715,0.0761011953448768,-0.1177731676323373,0.0934078846159052,0.0175537048790581,0.2233330998546915,0.1465955788167747,5.290171568742148e-18
cl3744,0.4096385542168674,1,0.015,0.1224744871391589,1088,3744,1568,58.564513466799845,259,1,2,246,257.91950553790616,0.6403060633672295,4,4,0.5,1,lowest-cost,,,9.175514282309589,8.009117468710723,0.1362771632216212,0.0713615593195289,-0.1167654117930898,0.0888621691226177,0.0184256689421439,0.2230015829659273,0.1410871413938194,1.65798341191981e-17
cl3744,0.4096385542168674,2,0.015,0.1224744871391589,1088,3744,1568,58.563438870235686,259,1,2,117,244.50892246390228,0.6220316631970118,4,4,0.75,1,lowest-cost,,,9.175766829501397,7.733726262685229,0.1393585477399481,0.0780872326088942,-0.1115062018032747,0.0961075397713369,0.0184165991320904,0.2142257964078383,0.1500811930712431,3.1815318417208762e-18
cl3744,0.4096385542168674,3,0.015,0.1224744871391589,1088,3744,1568,58.5531076847575,259,1,2,241,259.0631019642482,0.6400635492401124,4,4,0.3,1,lowest-cost,,,9.178195412735112,7.077759455772605,0.1377032369158659,0.0739766879056003,-0.1151002394491261,0.0913117480287307,0.0178540788106327,0.2193441869299706,0.1437627927611735,-7.340776302944071e-18
cl3744,0.4096385542168674,4,0.015,0.1224744871391589,1088,3744,1568,58.571233547475515,259,1,2,230,250.22643720722613,0.6336160813530178,4,4,0.5,1,lowest-cost,,,9.173935219760596,6.669383105378916,0.1398270570123958,0.0772260538750294,-0.1136174564185219,0.0960089486098593,0.0196989644286641,0.2197246749350625,0.1510164510930716,-4.0418869741610315e-18
cl3808,0.4691358024691358,0,0.015,0.1224744871391589,1216,3808,1376,58.595360509393345,259,1,2,151,109.5209223257485,0.3959769478232732,4,4,1.0,1,lowest-cost,,,9.34864636188526,7.68018476494251,0.1300393538370524,0.0755018976893104,-0.1188885505475544,0.0954012580232453,0.0167527225774372,0.2513949788778467,0.1502187343431101,1.2731180725869961e-17
cl3808,0.4691358024691358,1,0.015,0.1224744871391589,1216,3808,1376,58.62416085198134,259,1,2,190,269.8806214857523,0.6615339843185706,4,4,0.75,1,lowest-cost,,,9.341758131588003,6.990269531614063,0.1304311887428764,0.0744879494867556,-0.1213120172933814,0.0939875732088029,0.0163073218840824,0.2552104560119777,0.1482922886368488,1.6125413186943373e-17
cl3808,0.4691358024691358,2,0.015,0.1224744871391589,1216,3808,1376,58.60195034005445,259,1,2,216,263.2046555994516,0.6531544409669471,4,4,0.5,1,lowest-cost,,,9.34706951339807,7.638146772760971,0.129672565606161,0.0776409048495318,-0.1146405683160739,0.0984284402571895,0.0177670223077586,0.245095577305863,0.1544769525843321,-8.150497184168095e-18
cl3808,0.4691358024691358,3,0.015,0.1224744871391589,1216,3808,1376,58.57719214536555,259,1,2,261,243.1576832300217,0.6261449772890528,4,4,0.75,1,lowest-cost,,,9.352996078222414,8.307529362492108,0.1256996743732821,0.0729270145676275,-0.1150128751733568,0.0934301579736595,0.018314784976434,0.2467067998021839,0.1481659795476809,-9.718739295139701e-18
cl3808,0.4691358024691358,4,0.015,0.1224744871391589,1216,3808,1376,58.57776499004191,259,1,2,170,260.3361442129375,0.6558022792588449,4,4,0.5,1,lowest-cost,,,9.352858881090189,7.640136606176415,0.127985383975696,0.0750196819509072,-0.115829019236921,0.0938987423537709,0.0151598207230341,0.2429927738308693,0.1469010326089713,1.7822802182003272e-18
cl3872,0.5316455696202531,0,0.015,0.1224744871391589,1344,3872,1184,58.65745338359904,259,1,2,126,115.35710516647336,0.4081272477590254,4,4,0.3,1,lowest-cost,,,9.51048680637923,6.502389400248496,0.1218269103438178,0.0773944305153089,-0.1196361838489946,0.0996981397805462,0.0153767413701911,0.2827344184242805,0.1565070375935781,1.2986004378914273e-17
cl3872,0.5316455696202531,1,0.015,0.1224744871391589,1344,3872,1184,58.664346837457025,259,1,2,143,236.7472250844133,0.6116184791918187,4,4,1.0,1,lowest-cost,,,9.508810536731852,7.32964616557096,0.1149258660266013,0.0752980288293631,-0.1087221725490097,0.0986592551241211,0.0179651607197118,0.2641591179712604,0.1555326892782043,4.093126934257503e-18
cl3872,0.5316455696202531,2,0.015,0.1224744871391589,1344,3872,1184,58.63634405800661,259,1,2,238,246.48124892032428,0.6223495994874074,4,4,0.3,1,lowest-cost,,,9.515622990258446,5.775679163958769,0.1184814282621514,0.0751931067913856,-0.1164882978833056,0.0962449759894745,0.0138227788147393,0.2732165631397498,0.1505863957965947,4.2169172517709826e-17
cl3872,0.5316455696202531,3,0.015,0.1224744871391589,1344,3872,1184,58.664205512393416,259,1,2,104,276.32369364831436,0.6655994859216484,4,4,1.0,1,lowest-cost,,,9.508844897567004,6.534772639584039,0.1274697799781355,0.0778584196761961,-0.1308212446961372,0.0997306363119198,0.014446814383254,0.3048864851151985,0.1571091432662208,9.723925180128902e-18
cl3872,0.5316455696202531,4,0.015,0.1224744871391589,1344,3872,1184,58.66525538011173,259,1,2,146,252.4551016794609,0.6330967827591706,4,4,0.5,1,lowest-cost,,,9.508589644660464,6.595157886072325,0.1173732835172005,0.0760046406173588,-0.1126594340296936,0.0999492527467255,0.0187922912017438,0.2740446225325715,0.1581609802879963,4.278543175668267e-18
cl3936,0.5974025974025974,0,0.015,0.1224744871391589,1472,3936,992,58.737153781243144,259,1,2,186,137.7863685344115,0.4510047051878059,4,4,0.75,1,lowest-cost,,,9.664241110699637,5.673547308956321,0.12186591888649,0.0826105497821946,-0.1323465550940414,0.1079464834004312,0.0137578375230634,0.3498384072892139,0.1692987309719457,-2.605034398691321e-18
cl3936,0.5974025974025974,1,0.015,0.1224744871391589,1472,3936,992,58.74582896474226,259,1,2,112,276.6797220150146,0.6835845843062973,4,4,0.75,1,lowest-cost,,,9.662100465877163,6.418045786004354,0.1233396246861398,0.0848031791834944,-0.1315693816945188,0.1118673748923974,0.0162260666134373,0.3528615043236364,0.1759844988132003,6.598364104805154e-18
cl3936,0.5974025974025974,2,0.015,0.1224744871391589,1472,3936,992,58.7525001189556,259,1,2,244,300.78786729895876,0.7036410664943292,4,4,0.3,1,lowest-cost,,,9.660454862736785,4.852032956037954,0.1204778387933627,0.0805579724901712,-0.1330533646254382,0.1033228212007998,0.0095485391637377,0.3431758145951304,0.1606931476103006,2.1637341708983393e-17
cl3936,0.5974025974025974,3,0.015,0.1224744871391589,1472,3936,992,58.727672230368306,259,1,2,182,281.63823264964014,0.6778593765730699,4,4,0.75,1,lowest-cost,,,9.666581634902164,5.7843331993232905,0.1131760054199881,0.07901623186308,-0.118335041292835,0.1061091497331931,0.0188547996829357,0.3258551050662609,0.1681874788032198,-4.4857891478771255e-18
cl3936,0.5974025974025974,4,0.015,0.1224744871391589,1472,3936,992,58.72287242681587,259,1,2,164,269.2679867309781,0.6540202526419028,4,4,0.75,1,lowest-cost,,,9.667766828312429,5.957074207097534,0.1190581148672674,0.0823658438744513,-0.1259933790858015,0.1101233371825565,0.018690127573515,0.3441849838787477,0.1743761303446081,6.091526288949608e-18
cl4000,0.6666666666666666,0,0.015,0.1224744871391589,1600,4000,800,58.84728692718652,259,1,2,158,151.59498314036549,0.4951533710776953,4,4,0.5,1,lowest-cost,,,9.80670492868916,6.056525919505444,0.1227303212240589,0.0910676425570932,-0.1435003302706282,0.1209867747935739,0.0129564624217165,0.4348517572703613,0.1891589314787021,1.447500488401878e-17
cl4000,0.6666666666666666,1,0.015,0.1224744871391589,1600,4000,800,58.832762197700745,259,1,2,287,291.94525504247304,0.69443965696212,4,4,0.3,1,lowest-cost,,,9.810336796087338,6.605937621092572,0.1199113745985816,0.0889292824259919,-0.1403086637854341,0.1179421973458489,0.012196776083123,0.424125650915822,0.1842237954390083,1.0541313220228673e-17
cl4000,0.6666666666666666,2,0.015,0.1224744871391589,1600,4000,800,58.83485977593175,259,1,2,197,292.11541021253663,0.7084190689846424,4,4,1.0,1,lowest-cost,,,9.809812164119949,6.039206081415683,0.119181361270937,0.0892902460022938,-0.1374367351940854,0.1190462974173632,0.0136446597267338,0.4192401764383412,0.186230808759146,1.0284355892907288e-17
cl4000,0.6666666666666666,3,0.015,0.1224744871391589,1600,4000,800,58.870226521978374,259,1,2,52,301.77161218156516,0.7426874011216124,4,4,1.0,1,lowest-cost,,,9.80097351059456,5.550041334676078,0.1259541326441877,0.0971220268929977,-0.1390806309993946,0.1311206100163516,0.0184920219733183,0.4347288474192631,0.2057266502249263,4.855417511368958e-19
cl4000,0.6666666666666666,4,0.015,0.1224744871391589,1600,4000,800,58.85128158539349,259,1,2,209,284.04274952247783,0.6781402413667824,4,4,0.3,1,lowest-cost,,,9.805706468625893,5.8526064374549085,0.1173538662516188,0.0862655155832186,-0.1390313015417709,0.1138802061681026,0.0106481580777775,0.4170499097665858,0.1776412255973015,-1.2074209822418965e-17
cl4064,0.7397260273972602,0,0.015,0.1224744871391589,1728,4064,608,58.99643411255283,265,1,2,125,172.81630221723643,0.5061926671209194,4,4,0.3,1,lowest-cost,,,9.93560677443705,6.098136901134349,0.114649095235676,0.0944174721068847,-0.1424579537595339,0.1286249830430652,0.0141967425524031,0.5170307849758355,0.201282750128846,-5.5737336669292434e-18
cl4064,0.7397260273972602,1,0.015,0.1224744871391589,1728,4064,608,58.97043450815458,265,1,2,247,328.3290324775351,0.7361830162562529,4,4,0.3,1,lowest-cost,,,9.942178295878506,6.476964802400294,0.119767182295268,0.0986961342260745,-0.1486526688942042,0.1336208109270467,0.012686472885731,0.5340129342019825,0.2082674559060452,-1.871161138244724e-17
cl4064,0.7397260273972602,2,0.015,0.1224744871391589,1728,4064,608,59.01213875894554,265,1,2,61,340.0542069580415,0.7561905769145392,4,4,1.0,1,lowest-cost,,,9.931640857949352,5.110638885339472,0.1089976607608987,0.0901344379112038,-0.1344762498834107,0.1244960790551582,0.0179630847750898,0.4998562437994577,0.1963632685446969,2.6404957995933397e-17
cl4064,0.7397260273972602,3,0.015,0.1224744871391589,1728,4064,608,59.00441325852479,265,1,2,179,322.94800330788166,0.7304743244363882,4,4,0.3,1,lowest-cost,,,9.933591459679327,6.01367348552325,0.1099491894705555,0.0924485266807747,-0.1317017195993376,0.1260616400785719,0.014208227476025,0.4807935872320635,0.1967639716655755,1.8440960101375434e-18
cl4064,0.7397260273972602,4,0.015,0.1224744871391589,1728,4064,608,58.998528710086426,265,1,2,215,320.392376195014,0.722397367411275,4,4,0.5,1,lowest-cost,,,9.935077670241064,6.64337030776086,0.1122935851040818,0.0926256204959511,-0.1391484837532369,0.1267131125618419,0.0152954252265598,0.5087127320573726,0.1987583850414531,4.465093351064627e-19
cl4128,0.8169014084507042,0,0.015,0.1224744871391589,1856,4128,416,59.23124049076302,265,1,2,75,230.2946616085832,0.6119191859363919,4,4,0.75,1,lowest-cost,,,10.03895048854246,5.615033790965506,0.1095926123364043,0.0998310392592191,-0.1484938791111288,0.1404001964481873,0.0205401618846971,0.6920114525402183,0.2213095518096848,-3.8435244345057185e-18
cl4128,0.8169014084507042,1,0.015,0.1224744871391589,1856,4128,416,59.25176133792626,265,1,2,122,353.6935557318459,0.7909512948996285,4,4,0.75,1,lowest-cost,,,10.0337357086065,5.385737518382932,0.1011817049771602,0.0925925880217087,-0.1357640305161318,0.1344354019475331,0.032329139141306,0.6753709363203342,0.2160035302991689,-1.0449234212070896e-17
cl4128,0.8169014084507042,2,0.015,0.1224744871391589,1856,4128,416,59.23698708879105,265,1,2,62,378.9992844717332,0.8018817174600115,4,4,1.0,1,lowest-cost,,,10.037489701538425,5.97089175408475,0.1150124342039807,0.1069750317508377,-0.1488855279774082,0.1489919364073239,0.0174253415988293,0.6838539926175676,0.2326890887108503,-1.981698042401462e-17
cl4128,0.8169014084507042,3,0.015,0.1224744871391589,1856,4128,416,59.22788475232263,265,1,2,68,352.6954829413694,0.7877311453257632,4,4,0.3,1,lowest-cost,,,10.039803682169946,5.303473452727812,0.1039128462854441,0.0972364060309444,-0.1326732053416278,0.138129790798253,0.0243491285813794,0.6371760714874137,0.218293413572965,-1.2066546617194017e-17
cl4128,0.8169014084507042,4,0.015,0.1224744871391589,1856,4128,416,59.20831232405379,265,1,2,73,361.70523161268005,0.7900961265641445,4,4,0.3,1,lowest-cost,,,10.044782364257015,5.885015038012501,0.1096701195928028,0.0985397570869058,-0.1528889633457319,0.1361463796546027,0.0125952333251865,0.6855511052026282,0.2125910624240886,-1.7743452047411187e-18
cl4192,0.8985507246376812,0,0.015,0.1224744871391589,1984,4192,224,59.48562107036231,277,1,2,79,270.47278225442767,0.6481306980127118,4,4,0.5,1,lowest-cost,,,10.133381787096766,5.44602104191126,0.0958253988414074,0.1067942143085987,-0.1083791350636246,0.1557968827850379,0.0383179848591444,0.8108569007364491,0.2454032452758662,-9.75459361636634e-18
cl4192,0.8985507246376812,1,0.015,0.1224744871391589,1984,4192,224,59.4796966002089,277,1,2,165,393.1813918280722,0.7998980005110311,4,4,0.75,1,lowest-cost,,,10.134895826751496,5.60931094011347,0.0901932435771645,0.1043503926661679,-0.0854274493255644,0.156718648798558,0.0568516375667088,0.7544206979659215,0.2504771527912108,-7.404051881273549e-18
cl4192,0.8985507246376812,2,0.015,0.1224744871391589,1984,4192,224,59.49513760086134,277,1,2,60,385.4913936898327,0.801557274928647,4,4,1.0,1,lowest-cost,,,10.130950560336242,6.332278259490506,0.0956459514043303,0.1075112577617384,-0.1042090989548606,0.157399684060719,0.040983725766725,0.7975680496964346,0.2482545261126608,-5.660813588432236e-18
cl4192,0.8985507246376812,3,0.015,0.1224744871391589,1984,4192,224,59.48259021438093,277,1,2,80,395.8604117180721,0.8135002560651673,4,4,0.3,1,lowest-cost,,,10.134156296375528,5.361990349727581,0.0981967819885386,0.1086579143803806,-0.1144316906370978,0.1558476197304252,0.0274443751298006,0.7998436164612407,0.2429120920970881,-9.71318523706831e-18
cl4192,0.8985507246376812,4,0.015,0.1224744871391589,1984,4192,224,59.48448444507717,277,1,2,245,409.3565169003448,0.8165936580407261,4,4,0.75,1,lowest-cost,,,10.133672230388605,4.593325885059062,0.0934996465257939,0.1035688102400825,-0.1084889159095571,0.1490235419573838,0.0282147242024055,0.7678036202969599,0.2327497153876644,2.2665486126239208e-17
cl4224,0.9411764705882352,0,0.015,0.1224744871391589,2048,4224,128,59.6887716347363,277,1,2,65,306.9986077014532,0.7163259176629057,4,4,0.75,1,lowest-cost,,,10.159745404034,5.360618344290192,0.0914854094665514,0.1129835515619429,-0.0828421857564712,0.1647008577592701,0.0422659828411331,0.9055370723001608,0.2563924467214687,1.0154504505900577e-18
cl4224,0.9411764705882352,1,0.015,0.1224744871391589,2048,4224,128,59.72680961669094,277,1,2,233,421.04198113263055,0.8548142220069392,4,4,0.5,1,lowest-cost,,,10.150041352920145,4.503983733927024,0.0919168595172061,0.1123885847749762,-0.0897116101420481,0.1618989186171733,0.0309298022033042,0.8953710675382961,0.2502270950762512,1.0951494630958174e-17
cl4224,0.9411764705882352,2,0.015,0.1224744871391589,2048,4224,128,59.691855387711314,277,1,2,74,420.94803527977166,0.8382481149354694,4,4,0.3,1,lowest-cost,,,10.158958117218994,5.991704446455365,0.090103839769552,0.1141378260676099,-0.0651588259713702,0.1689186132607397,0.0572609475017692,0.8502097078950005,0.2649633622353947,7.747353578999418e-18
cl4224,0.9411764705882352,3,0.015,0.1224744871391589,2048,4224,128,59.64784556002418,277,1,2,95,406.9069409240672,0.8261656784032857,4,4,0.3,1,lowest-cost,,,10.170203530648186,5.787499065309762,0.0893737290054132,0.1117443745748556,-0.0730672718998364,0.1642499709619887,0.049589251284351,0.8694067357965628,0.2568042973754723,-1.232799312261076e-17
cl4224,0.9411764705882352,4,0.015,0.1224744871391589,2048,4224,128,59.688654674203704,277,1,2,78,383.207891477796,0.8264609317711784,4,4,0.5,1,lowest-cost,,,10.159775266237013,5.215831315380104,0.089582727139484,0.10962314145213,-0.0869248135338114,0.1582487126794874,0.0320845121042724,0.8797099980370924,0.2449272330122223,-4.390540665402335e-18
cl4256,0.9850746268656716,0,0.015,0.1224744871391589,2112,4256,32,59.86043169756587,277,1,2,66,368.38775070840705,0.7807994273070432,4,4,0.75,1,lowest-cost,,,10.193199466674296,5.213647790014474,0.0927292298229396,0.1261862444912559,-0.0514208854459088,0.1788109852498968,0.0118650872416995,0.9723253576320292,0.2697876048369941,-4.2288239895095574e-18
cl4256,0.9850746268656716,1,0.015,0.1224744871391589,2112,4256,32,59.873069522785826,277,1,2,63,444.141615333045,0.8635550256738534,4,4,0.5,1,lowest-cost,,,10.18997231272129,5.0884433310157755,0.0897466989963443,0.1220019200323244,-0.0512164792284072,0.1726444392809511,0.0087362350655522,0.9329204661388814,0.2602410266898111,-3.067559054691146e-18
cl4256,0.9850746268656716,2,0.015,0.1224744871391589,2112,4256,32,59.85808310277555,277,1,2,69,444.40436846096566,0.8650883416696362,4,4,0.75,1,lowest-cost,,,10.193799383897163,5.7003166535052765,0.0913865422563761,0.1245494769388503,-0.048480918984575,0.1765176395124407,0.0120112588836752,0.9262422903622448,0.2663112254453181,-7.857537780891403e-18
cl4256,0.9850746268656716,3,0.015,0.1224744871391589,2112,4256,32,59.83641186735275,277,1,2,66,450.65684973064583,0.8679368979272666,4,4,0.5,1,lowest-cost,,,10.199337789871176,5.292431186541447,0.0884550699832634,0.1210397284675167,-0.0413265262639934,0.1724767391209333,0.02243598492324,0.9302209734981142,0.2611716801303219,-5.362380993293654e-18
cl4256,0.9850746268656716,4,0.015,0.1224744871391589,2112,4256,32,59.874936908970234,277,1,2,66,440.2991346782136,0.8766215037958514,4,4,0.3,1,lowest-cost,,,10.189495607455331,4.438234889209005,0.0928043330826823,0.1270588273553919,-0.0425780524791485,0.18073692856113,0.0198983556333469,0.9212904989430092,0.2733003352223141,1.606414608384491e-17
