mixture,central_cation,system,x_NaCl,criterion,cutoff_A,mean_cation_degree,n_cation_Cl,P_MD,P_MD_block_sd,P_random,delta_P,delta_P_block_sd
LiCl-NaCl,Li,li3040,0.05,M-Cl,3.613764810414501,4.3910825,0,2e-05,9.529969176235568e-06,3.6770090610909836e-05,-1.6770090610909835e-05,9.661201967986478e-06
LiCl-NaCl,Li,li3040,0.05,M-Cl,3.613764810414501,4.3910825,1,0.001425625,5.0746382260216284e-05,0.001814518468676108,-0.00038889346867610787,5.165092638911567e-05
LiCl-NaCl,Li,li3040,0.05,M-Cl,3.613764810414501,4.3910825,2,0.0310275,0.0004212112834581959,0.030368793326820954,0.0006587066731790457,0.0003378936291195922
LiCl-NaCl,Li,li3040,0.05,M-Cl,3.613764810414501,4.3910825,3+,0.967526875,0.000444484427455002,0.9677799181138921,-0.0002530431138920708,0.00035545276336776437
LiCl-NaCl,Li,li3040,0.05,union,4.196943810509818,5.71763875,0,2.5e-06,2.614562582918986e-06,2.7550272667256386e-06,-2.550272667256384e-07,2.611668337872045e-06
LiCl-NaCl,Li,li3040,0.05,union,4.196943810509818,5.71763875,1,0.000208125,2.525262981354615e-05,0.00016822942437190103,3.9895575628098976e-05,2.378408369595092e-05
LiCl-NaCl,Li,li3040,0.05,union,4.196943810509818,5.71763875,2,0.0046775,0.0002147673159491453,0.0037673051922525722,0.000910194807747428,0.00021999393771297192
LiCl-NaCl,Li,li3040,0.05,union,4.196943810509818,5.71763875,3+,0.995111875,0.00019406979656168237,0.9960617103561087,-0.0009498353561087081,0.0001986021985254135
LiCl-NaCl,Li,li2880,0.1,M-Cl,3.614316565433473,4.389585,0,0.00017375,1.5404696929832797e-05,0.00024849094062089435,-7.474094062089436e-05,1.6950655950534404e-05
LiCl-NaCl,Li,li2880,0.1,M-Cl,3.614316565433473,4.389585,1,0.006024375,0.00011731035227122964,0.006538245844258226,-0.0005138708442582254,0.00011280346310630588
LiCl-NaCl,Li,li2880,0.1,M-Cl,3.614316565433473,4.389585,2,0.065125,0.0003164207172618466,0.06166595409799236,0.003459045902007643,0.00028545927525841454
LiCl-NaCl,Li,li2880,0.1,M-Cl,3.614316565433473,4.389585,3+,0.928676875,0.00039924611574503,0.9315473091171285,-0.0028704341171285064,0.00037217487212260814
LiCl-NaCl,Li,li2880,0.1,union,4.196943810509818,5.695896875,0,3.375e-05,6.011057519272294e-06,2.8610891376710093e-05,5.139108623289907e-06,5.9188794155367256e-06
LiCl-NaCl,Li,li2880,0.1,union,4.196943810509818,5.695896875,1,0.001278125,5.01949325131532e-05,0.0009311938094338099,0.0003469311905661901,5.103620240655366e-05
LiCl-NaCl,Li,li2880,0.1,union,4.196943810509818,5.695896875,2,0.0151875,0.00014192111034832007,0.011670172316632008,0.0035173276833679913,0.00017301171939413353
LiCl-NaCl,Li,li2880,0.1,union,4.196943810509818,5.695896875,3+,0.983500625,0.00018265083663921347,0.9873700229825576,-0.0038693979825575875,0.0002144301284708251
LiCl-NaCl,Li,li2720,0.15,M-Cl,3.560200759497853,4.28616375,0,0.000666875,3.53967468491103e-05,0.001000688392765961,-0.000333813392765961,3.9262627749754425e-05
LiCl-NaCl,Li,li2720,0.15,M-Cl,3.560200759497853,4.28616375,1,0.016070625,0.00016291413574334143,0.01734210954122302,-0.0012714845412230176,0.00012089981278801278
LiCl-NaCl,Li,li2720,0.15,M-Cl,3.560200759497853,4.28616375,2,0.11696375,0.0004737936985123367,0.10994474587581353,0.007019004124186476,0.0006287393826318576
LiCl-NaCl,Li,li2720,0.15,M-Cl,3.560200759497853,4.28616375,3+,0.86629875,0.0003807283829221387,0.8717124561901973,-0.0054137061901973205,0.000571808365581061
LiCl-NaCl,Li,li2720,0.15,union,4.196943810509818,5.673155625,0,0.000158125,2.2491317769308224e-05,0.00013215460938378656,2.5970390616213444e-05,2.2324006739593172e-05
LiCl-NaCl,Li,li2720,0.15,union,4.196943810509818,5.673155625,1,0.00381375,9.350488790699655e-05,0.0029169579512862264,0.0008967920487137735,8.01628401696876e-05
LiCl-NaCl,Li,li2720,0.15,union,4.196943810509818,5.673155625,2,0.032734375,0.0004431829563650885,0.025396764672351548,0.007337610327648455,0.00035429456339553607
LiCl-NaCl,Li,li2720,0.15,union,4.196943810509818,5.673155625,3+,0.96329375,0.000521739316193922,0.9715541227669784,-0.008260372766978441,0.00041523139471014695
LiCl-NaCl,Li,li2560,0.2,M-Cl,3.622227754414723,4.3959425,0,0.0018525,0.00012309882335952686,0.0021245396265495552,-0.00027203962654955526,0.0001307180919358545
LiCl-NaCl,Li,li2560,0.2,M-Cl,3.622227754414723,4.3959425,1,0.028829375,0.0005961161733986918,0.028041720945343625,0.0007876540546563754,0.0005795834686206149
LiCl-NaCl,Li,li2560,0.2,M-Cl,3.622227754414723,4.3959425,2,0.151493125,0.0004086670883035534,0.1390134050415119,0.012479719958488095,0.0005456400552127853
LiCl-NaCl,Li,li2560,0.2,M-Cl,3.622227754414723,4.3959425,3+,0.817825,0.0004879755292916889,0.8308203343865947,-0.012995334386594726,0.0006338760852549274
LiCl-NaCl,Li,li2560,0.2,union,4.196943810509818,5.653839375,0,0.000614375,4.276799694280761e-05,0.00041862584830572243,0.00019574915169427758,4.433100824316432e-05
LiCl-NaCl,Li,li2560,0.2,union,4.196943810509818,5.653839375,1,0.0095975,0.00035635552165288494,0.0068966407357159585,0.0027008592642840416,0.00037108310061589406
LiCl-NaCl,Li,li2560,0.2,union,4.196943810509818,5.653839375,2,0.057761875,0.0002901407255539968,0.04553318994719577,0.01222868505280423,0.00033437995722797613
LiCl-NaCl,Li,li2560,0.2,union,4.196943810509818,5.653839375,3+,0.93202625,0.0006745499078089263,0.9471515434687827,-0.015125293468782774,0.0007410410529804074
LiCl-NaCl,Li,li2400,0.25,M-Cl,3.6478660764903026,4.44020375,0,0.003736875,0.00023229703842817293,0.004264091891463417,-0.000527216891463417,0.00022935536527147384
LiCl-NaCl,Li,li2400,0.25,M-Cl,3.6478660764903026,4.44020375,1,0.046993125,0.0005599176836821639,0.04438986516076552,0.002603259839234477,0.000501083585207204
LiCl-NaCl,Li,li2400,0.25,M-Cl,3.6478660764903026,4.44020375,2,0.193536875,0.0005642048816143766,0.17633016294931905,0.017206712050680945,0.00040108188781321104
LiCl-NaCl,Li,li2400,0.25,M-Cl,3.6478660764903026,4.44020375,3+,0.755733125,0.0008453012360617422,0.7750158799984519,-0.01928275499845189,0.0005504968535471487
LiCl-NaCl,Li,li2400,0.25,union,4.196943810509818,5.634529375,0,0.0014625,0.00017140560904620362,0.0010760349573226127,0.00038646504267738735,0.00017033083013324657
LiCl-NaCl,Li,li2400,0.25,union,4.196943810509818,5.634529375,1,0.0185075,0.0003012149875919193,0.01388699409693607,0.00462050590306393,0.0003081041635580867
LiCl-NaCl,Li,li2400,0.25,union,4.196943810509818,5.634529375,2,0.0892175,0.000493777689097028,0.07261602535388428,0.01660147464611572,0.00037920302141489703
LiCl-NaCl,Li,li2400,0.25,union,4.196943810509818,5.634529375,3+,0.8908125,0.0008103547400290523,0.912420945591857,-0.02160844559185704,0.0007521758874310851
LiCl-NaCl,Li,li2240,0.3,M-Cl,3.5950001672352676,4.33913375,0,0.00817375,0.0001939338845135116,0.009037793700708266,-0.0008640437007082658,0.00022989628504394583
LiCl-NaCl,Li,li2240,0.3,M-Cl,3.5950001672352676,4.33913375,1,0.0784175,0.0007169767528047876,0.07385482219853481,0.004562677801465187,0.000896670281656854
LiCl-NaCl,Li,li2240,0.3,M-Cl,3.5950001672352676,4.33913375,2,0.2507275,0.0012487873023707891,0.2312238870150017,0.01950361298499828,0.0009918747433834876
LiCl-NaCl,Li,li2240,0.3,M-Cl,3.5950001672352676,4.33913375,3+,0.66268125,0.0011458143937828568,0.6858834970857552,-0.023202247085755245,0.001144408926599716
LiCl-NaCl,Li,li2240,0.3,union,4.196943810509818,5.61520875,0,0.0031825,0.00012172667255987903,0.0024166922936305632,0.0007658077063694368,0.0001252564670938362
LiCl-NaCl,Li,li2240,0.3,union,4.196943810509818,5.61520875,1,0.0334625,0.0005794494962893643,0.02508367793723572,0.008378822062764277,0.0006036220140015713
LiCl-NaCl,Li,li2240,0.3,union,4.196943810509818,5.61520875,2,0.1274975,0.0012734948223294793,0.10637553488930783,0.021121965110692184,0.0012749619712265595
LiCl-NaCl,Li,li2240,0.3,union,4.196943810509818,5.61520875,3+,0.8358575,0.0016871796570941998,0.8661240948798258,-0.030266594879825748,0.0017274957874233478
LiCl-NaCl,Li,li2080,0.35,M-Cl,3.646847273238193,4.433855,0,0.013868125,0.000386739424952383,0.014239042890482717,-0.0003709178904827172,0.0003781428100210471
LiCl-NaCl,Li,li2080,0.35,M-Cl,3.646847273238193,4.433855,1,0.10675875,0.0008366174220858075,0.09744947166902698,0.009309278330973017,0.0008106215859061907
LiCl-NaCl,Li,li2080,0.35,M-Cl,3.646847273238193,4.433855,2,0.281265,0.0011670722416318188,0.25910833014814716,0.022156669851852828,0.0011268067916657197
LiCl-NaCl,Li,li2080,0.35,M-Cl,3.646847273238193,4.433855,3+,0.598108125,0.0006718771802290281,0.629203155292343,-0.031095030292343062,0.0005244411571196382
LiCl-NaCl,Li,li2080,0.35,union,4.196943810509818,5.59726125,0,0.006450625,0.0003620039709726954,0.004872568559221919,0.0015780564407780811,0.00036141290917391977
LiCl-NaCl,Li,li2080,0.35,union,4.196943810509818,5.59726125,1,0.05354625,0.0007893684431635853,0.04149115404804088,0.012055095951959117,0.0007681952805779879
LiCl-NaCl,Li,li2080,0.35,union,4.196943810509818,5.59726125,2,0.16890625,0.0006506344559831588,0.14524886385880206,0.023657386141197945,0.0007432345252718524
LiCl-NaCl,Li,li2080,0.35,union,4.196943810509818,5.59726125,3+,0.771096875,0.0009294051567064307,0.8083874135339353,-0.03729053853393527,0.0009853897944998372
LiCl-NaCl,Li,li1920,0.4,M-Cl,3.593186248679602,4.32934125,0,0.0253125,0.0004071624368725577,0.02559638394133536,-0.000283883941335359,0.0003480753340094534
LiCl-NaCl,Li,li1920,0.4,M-Cl,3.593186248679602,4.32934125,1,0.1533125,0.0009472075529879916,0.1414335236669836,0.011878976333016378,0.0009429491046947062
LiCl-NaCl,Li,li1920,0.4,M-Cl,3.593186248679602,4.32934125,2,0.323553125,0.00102177704041171,0.30371487952632253,0.019838245473677463,0.001202471431730798
LiCl-NaCl,Li,li1920,0.4,M-Cl,3.593186248679602,4.32934125,3+,0.497821875,0.0005607263704339186,0.5292552128653583,-0.031433337865358235,0.0009980535422035963
LiCl-NaCl,Li,li1920,0.4,union,4.196943810509818,5.57799,0,0.012334375,0.0002874320571891728,0.009139302093467057,0.0031950729065329427,0.00026623145727563583
LiCl-NaCl,Li,li1920,0.4,union,4.196943810509818,5.57799,1,0.08142625,0.000699475249740833,0.06442659507062579,0.01699965492937422,0.0006150086062929634
LiCl-NaCl,Li,li1920,0.4,union,4.196943810509818,5.57799,2,0.211116875,0.0008356865861748044,0.18759489482254732,0.02352198017745269,0.0010388426541897112
LiCl-NaCl,Li,li1920,0.4,union,4.196943810509818,5.57799,3+,0.6951225,0.0007997417796154376,0.7388392080133598,-0.043716708013359806,0.0008808454845606264
LiCl-NaCl,Li,li1760,0.45,M-Cl,3.61837556799174,4.37629875,0,0.03914375,0.0008127133133445626,0.03827977305252879,0.0008639769474712081,0.000807881251451589
LiCl-NaCl,Li,li1760,0.45,M-Cl,3.61837556799174,4.37629875,1,0.19406875,0.0005569956378868682,0.17803058839855715,0.016038161601442863,0.0005511698249606652
LiCl-NaCl,Li,li1760,0.45,M-Cl,3.61837556799174,4.37629875,2,0.34401,0.002234199512339373,0.3246144528779997,0.019395547122000256,0.002215003865247862
LiCl-NaCl,Li,li1760,0.45,M-Cl,3.61837556799174,4.37629875,3+,0.4227775,0.001206473424904177,0.4590751856709145,-0.036297685670914515,0.001171064742090601
LiCl-NaCl,Li,li1760,0.45,union,4.196943810509818,5.562670625,0,0.0210225,0.0006546461054932659,0.016068999505161757,0.004953500494838243,0.0006646672530963856
LiCl-NaCl,Li,li1760,0.45,union,4.196943810509818,5.562670625,1,0.114930625,0.0007862073965007554,0.09437572383702644,0.020554901162973552,0.0008195065219611366
LiCl-NaCl,Li,li1760,0.45,union,4.196943810509818,5.562670625,2,0.251969375,0.0008154705313498492,0.22984507107033603,0.02212430392966397,0.0008905900491848288
LiCl-NaCl,Li,li1760,0.45,union,4.196943810509818,5.562670625,3+,0.6120775,0.0009685014802195694,0.6597102055874756,-0.047632705587475566,0.0012538548236307476
LiCl-NaCl,Li,li1600,0.5,M-Cl,3.595666661405148,4.333648125,0,0.059844375,0.0015835386722661687,0.05896504317551169,0.000879331824488308,0.0016133981913658807
LiCl-NaCl,Li,li1600,0.5,M-Cl,3.595666661405148,4.333648125,1,0.24586875,0.0014830981350284925,0.22646512917023673,0.01940362082976327,0.0014239265618555702
LiCl-NaCl,Li,li1600,0.5,M-Cl,3.595666661405148,4.333648125,2,0.357173125,0.00156916640389891,0.3417777182181901,0.015395406781809895,0.001593126476813312
LiCl-NaCl,Li,li1600,0.5,M-Cl,3.595666661405148,4.333648125,3+,0.33711375,0.0012824814965770406,0.37279210943606134,-0.035678359436061347,0.0012070694177330355
LiCl-NaCl,Li,li1600,0.5,union,4.196943810509818,5.546899375,0,0.03399125,0.0013583498289514728,0.026959971910544975,0.007031278089455025,0.0013810966651656709
LiCl-NaCl,Li,li1600,0.5,union,4.196943810509818,5.546899375,1,0.1565125,0.0007586255303590175,0.13196182041333915,0.02455067958666085,0.0007185937318596344
LiCl-NaCl,Li,li1600,0.5,union,4.196943810509818,5.546899375,2,0.287270625,0.0015492904121726144,0.2687195343662121,0.018551090633787903,0.0015722125779481495
LiCl-NaCl,Li,li1600,0.5,union,4.196943810509818,5.546899375,3+,0.522225625,0.0006136922388807626,0.572358673309904,-0.05013304830990395,0.0006841819559706713
LiCl-NaCl,Li,li1440,0.55,M-Cl,3.629865189523814,4.396858125,0,0.08715125,0.0008149560235451382,0.08219650976963469,0.004954740230365309,0.0007722027002359387
LiCl-NaCl,Li,li1440,0.55,M-Cl,3.629865189523814,4.396858125,1,0.290359375,0.0005488491154793836,0.26677101807769443,0.023588356922305542,0.0006963014172293005
LiCl-NaCl,Li,li1440,0.55,M-Cl,3.629865189523814,4.396858125,2,0.34996125,0.0013784962651835662,0.3428862889163557,0.007074961083644304,0.0014080330381129444
LiCl-NaCl,Li,li1440,0.55,M-Cl,3.629865189523814,4.396858125,3+,0.272528125,0.0005181425283524749,0.30814618323631515,-0.03561805823631514,0.0006153247029587708
LiCl-NaCl,Li,li1440,0.55,union,4.196943810509818,5.5329775,0,0.054656875,0.0008265710656455986,0.04334418429423991,0.01131269070576009,0.0008229670822225464
LiCl-NaCl,Li,li1440,0.55,union,4.196943810509818,5.5329775,1,0.205178125,0.000830671203568232,0.17653144542827356,0.028646679571726424,0.0009143961012553245
LiCl-NaCl,Li,li1440,0.55,union,4.196943810509818,5.5329775,2,0.30941375,0.0014737723307256488,0.29990696470886646,0.009506785291133524,0.001452836225688604
LiCl-NaCl,Li,li1440,0.55,union,4.196943810509818,5.5329775,3+,0.43075125,0.0004918108678013317,0.48021740556861997,-0.049466155568619996,0.00040864047000268954
LiCl-NaCl,Li,li1280,0.6,M-Cl,3.682800577075379,4.497089375,0,0.1195725,0.0016384470662986,0.11066613370497681,0.008906366295023185,0.001538032472896421
LiCl-NaCl,Li,li1280,0.6,M-Cl,3.682800577075379,4.497089375,1,0.330044375,0.0016015455791789002,0.30433281885434416,0.025711556145655845,0.001767036899210519
LiCl-NaCl,Li,li1280,0.6,M-Cl,3.682800577075379,4.497089375,2,0.335930625,0.0006590320494387833,0.33435696370296136,0.00157366129703862,0.0006529673856747781
LiCl-NaCl,Li,li1280,0.6,M-Cl,3.682800577075379,4.497089375,3+,0.2144525,0.0004423359953841705,0.2506440837377177,-0.03619158373771769,0.0006627977413377788
LiCl-NaCl,Li,li1280,0.6,union,4.196943810509818,5.518129375,0,0.08211875,0.001640056449104728,0.06738560465996957,0.014733145340030437,0.0016260210094708066
LiCl-NaCl,Li,li1280,0.6,union,4.196943810509818,5.518129375,1,0.255846875,0.0012367244255239373,0.22687906588378695,0.028967809116213022,0.0012381203503491654
LiCl-NaCl,Li,li1280,0.6,union,4.196943810509818,5.518129375,2,0.32177875,0.0016370607115918099,0.31931119435996785,0.0024675556400321486,0.0016707630951066448
LiCl-NaCl,Li,li1280,0.6,union,4.196943810509818,5.518129375,3+,0.340255625,0.0011774873937754084,0.3864241350962758,-0.04616851009627582,0.0012506985063801116
LiCl-NaCl,Li,li1120,0.65,M-Cl,3.71959267002497,4.566263125,0,0.16346375,0.001985973273674645,0.14983672622066913,0.013627023779330866,0.001858367344215944
LiCl-NaCl,Li,li1120,0.65,M-Cl,3.71959267002497,4.566263125,1,0.36889625,0.002533688447389985,0.342841629372751,0.026054620627249003,0.0026297911179689864
LiCl-NaCl,Li,li1120,0.65,M-Cl,3.71959267002497,4.566263125,2,0.30749,0.0011578924145834888,0.3154676109998499,-0.007977610999849893,0.0011185409677682944
LiCl-NaCl,Li,li1120,0.65,M-Cl,3.71959267002497,4.566263125,3+,0.16015,0.0009570640938241873,0.1918540334067299,-0.03170403340672992,0.0011316196732794458
LiCl-NaCl,Li,li1120,0.65,union,4.196943810509818,5.50726375,0,0.1212675,0.0018999853515060323,0.10152646357972385,0.01974103642027615,0.0017970581135374085
LiCl-NaCl,Li,li1120,0.65,union,4.196943810509818,5.50726375,1,0.307600625,0.002189181719630079,0.27979374539466445,0.027806879605335566,0.002253446259901332
LiCl-NaCl,Li,li1120,0.65,union,4.196943810509818,5.50726375,2,0.31530875,0.0011808642723393436,0.3229307737223227,-0.0076220237223226794,0.0011828458982002987
LiCl-NaCl,Li,li1120,0.65,union,4.196943810509818,5.50726375,3+,0.255823125,0.0008082086190303821,0.29574901730328895,-0.03992589230328897,0.0010221185873231784
LiCl-NaCl,Li,li960,0.7,M-Cl,3.589630105549249,4.318263125,0,0.23522125,0.001498515541502654,0.2242855186488686,0.010935731351131406,0.0014562800097097405
LiCl-NaCl,Li,li960,0.7,M-Cl,3.589630105549249,4.318263125,1,0.411288125,0.0025723196000886116,0.39075271591781613,0.020535409082183875,0.00258277962544711
LiCl-NaCl,Li,li960,0.7,M-Cl,3.589630105549249,4.318263125,2,0.2606875,0.0006602149567091719,0.2710220667192855,-0.01033456671928551,0.0006903122309417486
LiCl-NaCl,Li,li960,0.7,M-Cl,3.589630105549249,4.318263125,3+,0.092803125,0.0007312934014897858,0.11393969871402972,-0.021136573714029716,0.0006973513044302572
LiCl-NaCl,Li,li960,0.7,union,4.196943810509818,5.491915,0,0.173074375,0.0018308692010217396,0.14928724901437057,0.02378712598562943,0.0018764510153869154
LiCl-NaCl,Li,li960,0.7,union,4.196943810509818,5.491915,1,0.354930625,0.002153479198007273,0.33117817461564353,0.02375245038435647,0.0020869397570838968
LiCl-NaCl,Li,li960,0.7,union,4.196943810509818,5.491915,2,0.29405375,0.0010797483249871352,0.30807070188130464,-0.01401695188130464,0.0010742371826228593
LiCl-NaCl,Li,li960,0.7,union,4.196943810509818,5.491915,3+,0.17794125,0.0012693144526426461,0.21146387448868126,-0.03352262448868126,0.001146509061014542
LiCl-NaCl,Li,li800,0.75,M-Cl,3.6689356652982226,4.473750625,0,0.305276875,0.001938357421165531,0.2844354780179749,0.020841396982025084,0.0018195733408587036
LiCl-NaCl,Li,li800,0.75,M-Cl,3.6689356652982226,4.473750625,1,0.417100625,0.0026636921480109182,0.4046460518546968,0.012454573145303183,0.0026981622515219266
LiCl-NaCl,Li,li800,0.75,M-Cl,3.6689356652982226,4.473750625,2,0.214876875,0.0010663707068252605,0.2315082434489136,-0.016631368448913608,0.001136782168311941
LiCl-NaCl,Li,li800,0.75,M-Cl,3.6689356652982226,4.473750625,3+,0.062745625,0.0011022185546376469,0.07941022667841446,-0.016664601678414465,0.0011182857863279
LiCl-NaCl,Li,li800,0.75,union,4.196943810509818,5.482813125,0,0.24553625,0.0023534773142628767,0.21415579483249395,0.031380455167506066,0.0022877476931018083
LiCl-NaCl,Li,li800,0.75,union,4.196943810509818,5.482813125,1,0.38617875,0.002792746079410454,0.37356696194814143,0.012611788051858586,0.002841955551367048
LiCl-NaCl,Li,li800,0.75,union,4.196943810509818,5.482813125,2,0.253205625,0.0019639703886515196,0.2735822780645634,-0.020376653064563433,0.0020007445540541954
LiCl-NaCl,Li,li800,0.75,union,4.196943810509818,5.482813125,3+,0.115079375,0.0017112800741513634,0.13869496515480126,-0.02361559015480126,0.001718027623975622
LiCl-NaCl,Li,li640,0.8,M-Cl,3.662374272475747,4.46225375,0,0.398508125,0.0017626933626201289,0.3760652246656058,0.022442900334394167,0.001853357757089403
LiCl-NaCl,Li,li640,0.8,M-Cl,3.662374272475747,4.46225375,1,0.410345,0.0027643602333994096,0.4046482045136622,0.005696795486337836,0.002765641138997741
LiCl-NaCl,Li,li640,0.8,M-Cl,3.662374272475747,4.46225375,2,0.157849375,0.0007139493208992496,0.17534133499824506,-0.01749195999824507,0.0006860539172694258
LiCl-NaCl,Li,li640,0.8,M-Cl,3.662374272475747,4.46225375,3+,0.0332975,0.0007123505874041238,0.04394523582248689,-0.01064773582248689,0.0006767551154062258
LiCl-NaCl,Li,li640,0.8,union,4.196943810509818,5.471568125,0,0.3349525,0.0021163892637284408,0.30127863541980565,0.033673864580194335,0.002206252908373449
LiCl-NaCl,Li,li640,0.8,union,4.196943810509818,5.471568125,1,0.402311875,0.003051762426246513,0.3978985596501515,0.004413315349848512,0.0030374800609397463
LiCl-NaCl,Li,li640,0.8,union,4.196943810509818,5.471568125,2,0.198303125,0.0005554506194298466,0.22078719545487424,-0.022484070454874244,0.0005807994297310361
LiCl-NaCl,Li,li640,0.8,union,4.196943810509818,5.471568125,3+,0.0644325,0.0013601822315870043,0.0800356094751685,-0.015603109475168492,0.0013127989865106908
LiCl-NaCl,Li,li480,0.85,M-Cl,3.690349369455803,4.51795875,0,0.509730625,0.0010543700911267134,0.4843521290352836,0.02537849596471642,0.001119686195376335
LiCl-NaCl,Li,li480,0.85,M-Cl,3.690349369455803,4.51795875,1,0.371973125,0.00222263700013633,0.37640958203380176,-0.004436457033801744,0.002236512009432104
LiCl-NaCl,Li,li480,0.85,M-Cl,3.690349369455803,4.51795875,2,0.103068125,0.0009021009548894765,0.1182865072296795,-0.0152183822296795,0.0008897195424151191
LiCl-NaCl,Li,li480,0.85,M-Cl,3.690349369455803,4.51795875,3+,0.015228125,0.0004378068120615535,0.020951781701234955,-0.005723656701234954,0.00041657412513604114
LiCl-NaCl,Li,li480,0.85,union,4.196943810509818,5.4634275,0,0.451458125,0.0010884595264064685,0.41603354509797497,0.03542457990202502,0.0010632058668194379
LiCl-NaCl,Li,li480,0.85,union,4.196943810509818,5.4634275,1,0.3833575,0.002225482303765875,0.39130688939377817,-0.00794938939377815,0.002219123780835506
LiCl-NaCl,Li,li480,0.85,union,4.196943810509818,5.4634275,2,0.135495625,0.0008443880689218077,0.15471768062436694,-0.019222055624366935,0.0008796314715922826
LiCl-NaCl,Li,li480,0.85,union,4.196943810509818,5.4634275,3+,0.02968875,0.0006389176944744132,0.03794188488387985,-0.008253134883879854,0.0006211142020626733
LiCl-NaCl,Li,li320,0.9,M-Cl,3.6259393792121584,4.394409375,0,0.653255,0.0006758479916464052,0.6317754067591026,0.021479593240897432,0.000631895123148834
LiCl-NaCl,Li,li320,0.9,M-Cl,3.6259393792121584,4.394409375,1,0.291545,0.0012086573290484306,0.3034586231382547,-0.011913623138254725,0.0011777386365472754
LiCl-NaCl,Li,li320,0.9,M-Cl,3.6259393792121584,4.394409375,2,0.050666875,0.0006432932238684002,0.05864250679379442,-0.007975631793794423,0.0006610100277273589
LiCl-NaCl,Li,li320,0.9,M-Cl,3.6259393792121584,4.394409375,3+,0.004533125,0.00011320525468148552,0.0061234633088484295,-0.0015903383088484296,0.00011793417117702816
LiCl-NaCl,Li,li320,0.9,union,4.196943810509818,5.453980625,0,0.59889875,0.000814596453965102,0.5653717190783442,0.033527030921655876,0.0007222832043798677
LiCl-NaCl,Li,li320,0.9,union,4.196943810509818,5.453980625,1,0.318410625,0.0013097228803977967,0.33743964144502764,-0.019029016445027636,0.001261191038969168
LiCl-NaCl,Li,li320,0.9,union,4.196943810509818,5.453980625,2,0.0727425,0.0006003034714313247,0.08463688610363815,-0.011894386103638147,0.000647902213056617
LiCl-NaCl,Li,li320,0.9,union,4.196943810509818,5.453980625,3+,0.009948125,0.00019842642685640444,0.012551753372989917,-0.002603628372989917,0.00020151018610817595
LiCl-NaCl,Li,li160,0.95,M-Cl,3.720512204310124,4.574726875,0,0.808325625,0.0010590186531938624,0.7915013600773632,0.01682426492263689,0.0010535242016679075
LiCl-NaCl,Li,li160,0.95,M-Cl,3.720512204310124,4.574726875,1,0.17596,0.001904910389952772,0.18923130096860544,-0.013271300968605432,0.001901125691428519
LiCl-NaCl,Li,li160,0.95,M-Cl,3.720512204310124,4.574726875,2,0.015055625,0.0008254065049643716,0.01832297864086791,-0.0032673536408679114,0.0008264116267083225
LiCl-NaCl,Li,li160,0.95,M-Cl,3.720512204310124,4.574726875,3+,0.00065875,4.200771878476624e-05,0.0009443603131633431,-0.0002856103131633431,4.246865889314093e-05
LiCl-NaCl,Li,li160,0.95,union,4.196943810509818,5.44214875,0,0.779233125,0.0012867139590833833,0.7571227298500022,0.022110395149997797,0.0012780340145975744
LiCl-NaCl,Li,li160,0.95,union,4.196943810509818,5.44214875,1,0.1982025,0.0023223264618292844,0.21544561768318873,-0.01724311768318873,0.0023227432679862846
LiCl-NaCl,Li,li160,0.95,union,4.196943810509818,5.44214875,2,0.02123125,0.0009803962249073073,0.02569981574519057,-0.00446856574519057,0.0009769003048476967
LiCl-NaCl,Li,li160,0.95,union,4.196943810509818,5.44214875,3+,0.001333125,0.00014636880857956037,0.0017318367216185237,-0.0003987117216185238,0.000148269091139574
MgCl2-NaCl,Mg,cl4256,0.014925373134328358,M-Cl,3.36046144,2.2468096804511277,0,2.349624060150376e-06,2.349624060150376e-06,0.0004951497795801546,-0.0004928001555200043,3.46346637985112e-06
MgCl2-NaCl,Mg,cl4256,0.014925373134328358,M-Cl,3.36046144,2.2468096804511277,1,0.030025845864661654,0.0003115888548679563,0.04370758947862852,-0.013681743613966863,0.00019323376468154986
MgCl2-NaCl,Mg,cl4256,0.014925373134328358,M-Cl,3.36046144,2.2468096804511277,2,0.7332772556390977,0.0011235815286783372,0.7111502313542313,0.02212702428486646,0.0002856032785655246
MgCl2-NaCl,Mg,cl4256,0.014925373134328358,M-Cl,3.36046144,2.2468096804511277,3+,0.23669454887218044,0.0008896956294575831,0.24464702938755997,-0.007952480515379529,0.00010033188514841372
MgCl2-NaCl,Mg,cl4256,0.014925373134328358,union,4.229345799932314,2.952390507518797,0,0.0,0.0,0.0001232068575625707,-0.0001232068575625707,5.501264535422975e-07
MgCl2-NaCl,Mg,cl4256,0.014925373134328358,union,4.229345799932314,2.952390507518797,1,0.006631109022556391,6.518671921903811e-05,0.013324092474120213,-0.0066929834515638215,4.799877044048353e-05
MgCl2-NaCl,Mg,cl4256,0.014925373134328358,union,4.229345799932314,2.952390507518797,2,0.34935338345864664,0.001126273366431937,0.3388630953204416,0.010490288138205017,0.0001650180146775925
MgCl2-NaCl,Mg,cl4256,0.014925373134328358,union,4.229345799932314,2.952390507518797,3+,0.644015507518797,0.0011539740295907974,0.6476896053478757,-0.003674097829078682,0.00014003026870516424
MgCl2-NaCl,Mg,cl4224,0.058823529411764705,M-Cl,3.37632537,2.2976742424242422,0,3.172348484848485e-05,9.558063086262475e-06,0.003728443684022124,-0.003696720199173639,1.3276009622530447e-05
MgCl2-NaCl,Mg,cl4224,0.058823529411764705,M-Cl,3.37632537,2.2976742424242422,1,0.053781723484848484,0.00021004537158397934,0.09928928778727238,-0.04550756430242389,0.0002447809554282506
MgCl2-NaCl,Mg,cl4224,0.058823529411764705,M-Cl,3.37632537,2.2976742424242422,2,0.7212935606060606,0.0006953532455870099,0.6440321880727929,0.0772613725332677,0.0005799852590040913
MgCl2-NaCl,Mg,cl4224,0.058823529411764705,M-Cl,3.37632537,2.2976742424242422,3+,0.22489299242424243,0.0007659255906948327,0.25295008045591255,-0.02805708803167012,0.00034783119947142115
MgCl2-NaCl,Mg,cl4224,0.058823529411764705,union,4.229345799932314,3.036857481060606,0,8.522727272727273e-06,6.173487126138873e-06,0.0012643407240629275,-0.0012558179967902003,7.477542565875946e-06
MgCl2-NaCl,Mg,cl4224,0.058823529411764705,union,4.229345799932314,3.036857481060606,1,0.01721496212121212,0.00018422303068799545,0.039397483634109165,-0.022182521512897044,9.585528188921241e-05
MgCl2-NaCl,Mg,cl4224,0.058823529411764705,union,4.229345799932314,3.036857481060606,2,0.3662220643939394,0.0011833704525840455,0.3291675535874302,0.03705451080650918,0.00012505134959354874
MgCl2-NaCl,Mg,cl4224,0.058823529411764705,union,4.229345799932314,3.036857481060606,3+,0.6165544507575758,0.0013203326847161928,0.6301706220543978,-0.013616171296822022,0.00016089419221964338
MgCl2-NaCl,Mg,cl4192,0.10144927536231885,M-Cl,3.39496007,2.353963740458015,0,5.820610687022901e-05,2.144294375404984e-05,0.009047316365695904,-0.008989110258825674,3.5459097314999206e-05
MgCl2-NaCl,Mg,cl4192,0.10144927536231885,M-Cl,3.39496007,2.353963740458015,1,0.07882490458015268,0.0005692860567876455,0.1438758654024417,-0.06505096082228903,0.00039547386303520973
MgCl2-NaCl,Mg,cl4192,0.10144927536231885,M-Cl,3.39496007,2.353963740458015,2,0.706924141221374,0.0007483362741782016,0.5888700143297596,0.11805412689161443,0.0007267357921077241
MgCl2-NaCl,Mg,cl4192,0.10144927536231885,M-Cl,3.39496007,2.353963740458015,3+,0.21419274809160305,0.0010469034763544826,0.2582068039021028,-0.044014055810499775,0.00033735062349125324
MgCl2-NaCl,Mg,cl4192,0.10144927536231885,union,4.229345799932314,3.1250300572519083,0,1.5267175572519083e-05,1.466643716501851e-05,0.003326134483491193,-0.003310867307918674,1.0857890642257585e-05
MgCl2-NaCl,Mg,cl4192,0.10144927536231885,union,4.229345799932314,3.1250300572519083,1,0.029602576335877862,0.0007112251956429214,0.0612945456154157,-0.03169196927953784,0.0005597127403169482
MgCl2-NaCl,Mg,cl4192,0.10144927536231885,union,4.229345799932314,3.1250300572519083,2,0.3807013358778626,0.0007532447371613464,0.3230562769973007,0.05764505888056187,0.0003544685888443193
MgCl2-NaCl,Mg,cl4192,0.10144927536231885,union,4.229345799932314,3.1250300572519083,3+,0.589680820610687,0.0012555523845544743,0.6123230429037924,-0.022642222293105307,0.0003903407773508122
MgCl2-NaCl,Mg,cl4128,0.18309859154929578,M-Cl,3.35308866,2.4128982558139533,0,0.0003929263565891473,7.42402376332479e-05,0.02617784146861563,-0.02578491511202648,7.263589668139183e-05
MgCl2-NaCl,Mg,cl4128,0.18309859154929578,M-Cl,3.35308866,2.4128982558139533,1,0.1432044573643411,0.000912579992118613,0.22340640309623166,-0.08020194573189057,0.0007755660129040517
MgCl2-NaCl,Mg,cl4128,0.18309859154929578,M-Cl,3.35308866,2.4128982558139533,2,0.686953003875969,0.0013354685473312524,0.5211909526789742,0.16576205119699483,0.0012637849345388805
MgCl2-NaCl,Mg,cl4128,0.18309859154929578,M-Cl,3.35308866,2.4128982558139533,3+,0.16944961240310077,0.00047834761399772425,0.22922480275617868,-0.059775190353077906,0.0005889204545029646
MgCl2-NaCl,Mg,cl4128,0.18309859154929578,union,4.229345799932314,3.2900242248062015,0,0.00015116279069767442,5.9821048587393605e-05,0.009634852086229684,-0.00948368929553201,6.666730483128316e-05
MgCl2-NaCl,Mg,cl4128,0.18309859154929578,union,4.229345799932314,3.2900242248062015,1,0.06140019379844961,0.0004504609064124625,0.09949532400448372,-0.038095130206034104,0.000538005714773296
MgCl2-NaCl,Mg,cl4128,0.18309859154929578,union,4.229345799932314,3.2900242248062015,2,0.41100048449612403,0.0010883208189951593,0.325486490645614,0.08551399385051,0.0007887275278589861
MgCl2-NaCl,Mg,cl4128,0.18309859154929578,union,4.229345799932314,3.2900242248062015,3+,0.5274481589147287,0.000997758571317026,0.5653833332636725,-0.03793517434894378,0.00036473879894325967
MgCl2-NaCl,Mg,cl4064,0.2602739726027397,M-Cl,3.35967207,2.503941929133858,0,0.0012209645669291338,0.0001635847054698627,0.048183242087897836,-0.0469622775209687,0.00018588590860972636
MgCl2-NaCl,Mg,cl4064,0.2602739726027397,M-Cl,3.35967207,2.503941929133858,1,0.21214124015748032,0.0005346575691493446,0.2780326746523594,-0.06589143449487911,0.0005756972987114346
MgCl2-NaCl,Mg,cl4064,0.2602739726027397,M-Cl,3.35967207,2.503941929133858,2,0.6463941929133858,0.0011184403472744128,0.46531433793724736,0.1810798549761385,0.0009673365295882678
MgCl2-NaCl,Mg,cl4064,0.2602739726027397,M-Cl,3.35967207,2.503941929133858,3+,0.14024360236220473,0.0008767632202931064,0.20846974532249551,-0.06822614296029078,0.0007686402486857762
MgCl2-NaCl,Mg,cl4064,0.2602739726027397,union,4.229345799932314,3.4579443897637794,0,0.0005556102362204724,0.00010828728795903733,0.01834322978870379,-0.017787619552483317,0.00013135888995126078
MgCl2-NaCl,Mg,cl4064,0.2602739726027397,union,4.229345799932314,3.4579443897637794,1,0.10206988188976378,0.0004300664451663759,0.13366437552663316,-0.03159449363686938,0.00032869573365364976
MgCl2-NaCl,Mg,cl4064,0.2602739726027397,union,4.229345799932314,3.4579443897637794,2,0.43486663385826774,0.0006668066467169936,0.3329748749924098,0.10189175886585794,0.000520594981867677
MgCl2-NaCl,Mg,cl4064,0.2602739726027397,union,4.229345799932314,3.4579443897637794,3+,0.46250787401574806,0.0009375749138233942,0.5150175196922533,-0.052509645676505234,0.0006643949217224576
MgCl2-NaCl,Mg,cl4000,0.3333333333333333,M-Cl,3.36253151,2.5925965,0,0.003154,3.907524791987889e-05,0.07491666463076369,-0.07176266463076368,0.00018309522458690125
MgCl2-NaCl,Mg,cl4000,0.3333333333333333,M-Cl,3.36253151,2.5925965,1,0.288649,0.0009774338212892,0.32138511518046414,-0.032736115180464154,0.000675714759950883
MgCl2-NaCl,Mg,cl4000,0.3333333333333333,M-Cl,3.36253151,2.5925965,2,0.5983645,0.0008945414328022957,0.42135196573997274,0.17701253426002722,0.0007847753709189003
MgCl2-NaCl,Mg,cl4000,0.3333333333333333,M-Cl,3.36253151,2.5925965,3+,0.1098325,0.00038661188548723977,0.18234625444879948,-0.07251375444879948,0.0002755480375617179
MgCl2-NaCl,Mg,cl4000,0.3333333333333333,union,4.229345799932314,3.617756,0,0.0016035,6.879771071772663e-05,0.029868192402892027,-0.028264692402892026,0.00013425115316665771
MgCl2-NaCl,Mg,cl4000,0.3333333333333333,union,4.229345799932314,3.617756,1,0.15272,0.00112816499236593,0.16852300052936642,-0.015803000529366423,0.0007938533566410067
MgCl2-NaCl,Mg,cl4000,0.3333333333333333,union,4.229345799932314,3.617756,2,0.4543505,0.0009325123993813773,0.3422850865251152,0.1120654134748848,0.0009731499392004497
MgCl2-NaCl,Mg,cl4000,0.3333333333333333,union,4.229345799932314,3.617756,3+,0.391326,0.0009907235361088355,0.4593237205426264,-0.06799772054262637,0.000608304865812946
MgCl2-NaCl,Mg,cl3936,0.4025974025974026,M-Cl,3.40862564,2.7299939024390243,0,0.006800813008130081,0.00010240743782443806,0.10183271019104134,-0.09503189718291126,9.189111918944079e-05
MgCl2-NaCl,Mg,cl3936,0.4025974025974026,M-Cl,3.40862564,2.7299939024390243,1,0.3659131097560976,0.000880764385600953,0.348348474301275,0.017564635454822564,0.000766024662188986
MgCl2-NaCl,Mg,cl3936,0.4025974025974026,M-Cl,3.40862564,2.7299939024390243,2,0.5386524390243902,0.000872563810386311,0.38463045342113267,0.15402198560325753,0.0008913242506132119
MgCl2-NaCl,Mg,cl3936,0.4025974025974026,M-Cl,3.40862564,2.7299939024390243,3+,0.08863363821138211,0.00047574450548410293,0.16518836208655097,-0.07655472387516886,0.00041844105245067355
MgCl2-NaCl,Mg,cl3936,0.4025974025974026,union,4.229345799932314,3.773670223577236,0,0.0038196138211382116,0.0001400656674941757,0.04484334408373217,-0.041023730262593955,0.00016671761171550844
MgCl2-NaCl,Mg,cl3936,0.4025974025974026,union,4.229345799932314,3.773670223577236,1,0.21380640243902438,0.0005527926346274406,0.2048729815824517,0.008933420856572671,0.0002456150400455665
MgCl2-NaCl,Mg,cl3936,0.4025974025974026,union,4.229345799932314,3.773670223577236,2,0.4648465447154472,0.0006222586577080743,0.348995145785845,0.11585139892960217,0.0005321875961464831
MgCl2-NaCl,Mg,cl3936,0.4025974025974026,union,4.229345799932314,3.773670223577236,3+,0.31752743902439023,0.0008755875310219638,0.4012885285479711,-0.08376108952358086,0.0004319793641467679
MgCl2-NaCl,Mg,cl3872,0.46835443037974683,M-Cl,3.39656719,2.8076663223140494,0,0.01418698347107438,0.0006269536733570993,0.13804660472643668,-0.1238596212553623,0.000664042796123741
MgCl2-NaCl,Mg,cl3872,0.46835443037974683,M-Cl,3.39656719,2.8076663223140494,1,0.45498553719008267,0.001919416379297787,0.37948933824390885,0.07549619894617382,0.0018855095139062323
MgCl2-NaCl,Mg,cl3872,0.46835443037974683,M-Cl,3.39656719,2.8076663223140494,2,0.4693336776859504,0.0018437903183354486,0.3484222233536152,0.12091145433233519,0.0016695823398187142
MgCl2-NaCl,Mg,cl3872,0.46835443037974683,M-Cl,3.39656719,2.8076663223140494,3+,0.06149380165289256,0.0007189653118701183,0.1340418336760393,-0.07254803202314675,0.0007025065048712818
MgCl2-NaCl,Mg,cl3872,0.46835443037974683,union,4.229345799932314,3.9274953512396693,0,0.008488636363636363,0.00043940797234860626,0.06419326793780081,-0.05570463157416444,0.00048642029047717437
MgCl2-NaCl,Mg,cl3872,0.46835443037974683,union,4.229345799932314,3.9274953512396693,1,0.28517097107438016,0.0010124928799812975,0.24262795918772118,0.04254301188665899,0.000898934854439858
MgCl2-NaCl,Mg,cl3872,0.46835443037974683,union,4.229345799932314,3.9274953512396693,2,0.4592081611570248,0.0015985314340712993,0.3504957554714932,0.10871240568553159,0.0014630276137979849
MgCl2-NaCl,Mg,cl3872,0.46835443037974683,union,4.229345799932314,3.9274953512396693,3+,0.24713223140495869,0.001495822420021132,0.3426830174029849,-0.09555078599802622,0.0010168035906451872
MgCl2-NaCl,Mg,cl3808,0.5308641975308642,M-Cl,3.36630346,2.858951680672269,0,0.02993067226890756,0.001056205509895966,0.18279120785771813,-0.15286053558881058,0.0009086714420981619
MgCl2-NaCl,Mg,cl3808,0.5308641975308642,M-Cl,3.36630346,2.858951680672269,1,0.5401528361344538,0.0014304726018755163,0.40598502871861814,0.13416780741583562,0.0015201213892233752
MgCl2-NaCl,Mg,cl3808,0.5308641975308642,M-Cl,3.36630346,2.858951680672269,2,0.3914863445378151,0.000544406917323975,0.30865334232292946,0.08283300221488565,0.0005301311246640565
MgCl2-NaCl,Mg,cl3808,0.5308641975308642,M-Cl,3.36630346,2.858951680672269,3+,0.03843014705882353,0.0006010684653887107,0.10257042110073421,-0.06414027404191068,0.0005206900918155371
MgCl2-NaCl,Mg,cl3808,0.5308641975308642,union,4.229345799932314,4.080546743697479,0,0.018995273109243697,0.0007777956166853888,0.08901681855948138,-0.07002154545023767,0.0005978616332907284
MgCl2-NaCl,Mg,cl3808,0.5308641975308642,union,4.229345799932314,4.080546743697479,1,0.36138655462184877,0.0006426825854965303,0.28084894337132926,0.0805376112505195,0.0006409934124519052
MgCl2-NaCl,Mg,cl3808,0.5308641975308642,union,4.229345799932314,4.080546743697479,2,0.4387001050420168,0.0009682134295281404,0.34510406185676035,0.09359604318525644,0.0009252852064433682
MgCl2-NaCl,Mg,cl3808,0.5308641975308642,union,4.229345799932314,4.080546743697479,3+,0.18091806722689074,0.0010158125152817086,0.2850301762124292,-0.10411210898553847,0.0007997490160556381
MgCl2-NaCl,Mg,cl3744,0.5903614457831325,M-Cl,3.44133535,3.0619513888888887,0,0.05225053418803419,0.0008611671957144707,0.21637351829254137,-0.16412298410450718,0.0008198830606669276
MgCl2-NaCl,Mg,cl3744,0.5903614457831325,M-Cl,3.44133535,3.0619513888888887,1,0.6030779914529915,0.0017582594451821746,0.41289797940152523,0.19018001205146623,0.0017441499472346433
MgCl2-NaCl,Mg,cl3744,0.5903614457831325,M-Cl,3.44133535,3.0619513888888887,2,0.3179471153846154,0.0007716026725348355,0.28056238482979345,0.03738473055482194,0.0008719392153817983
MgCl2-NaCl,Mg,cl3744,0.5903614457831325,M-Cl,3.44133535,3.0619513888888887,3+,0.026724358974358976,0.0002972229614822416,0.09016611747613991,-0.06344175850178094,0.0002028652159738631
MgCl2-NaCl,Mg,cl3744,0.5903614457831325,union,4.229345799932314,4.2271116452991455,0,0.03575801282051282,0.0006698135385797152,0.1209128326097388,-0.08515481978922598,0.000548820543624912
MgCl2-NaCl,Mg,cl3744,0.5903614457831325,union,4.229345799932314,4.2271116452991455,1,0.44282692307692306,0.0013108611371655714,0.3185877058183392,0.12423921725858389,0.001340137607802946
MgCl2-NaCl,Mg,cl3744,0.5903614457831325,union,4.229345799932314,4.2271116452991455,2,0.40042200854700855,0.0008629844478622848,0.3317405585270582,0.06868145001995035,0.0008531634567382796
MgCl2-NaCl,Mg,cl3744,0.5903614457831325,union,4.229345799932314,4.2271116452991455,3+,0.12099305555555556,0.000492089105462205,0.22875890304486388,-0.10776584748930831,0.000635058812799552
MgCl2-NaCl,Mg,cl3680,0.6470588235294118,M-Cl,3.41830388,3.1286744565217393,0,0.09306521739130434,0.0005461888924522222,0.27174777422009705,-0.1786825568287927,0.0005972425450976419
MgCl2-NaCl,Mg,cl3680,0.6470588235294118,M-Cl,3.41830388,3.1286744565217393,1,0.6536358695652174,0.0013417104086397389,0.4237679373481259,0.22986793221709145,0.0013028331474148785
MgCl2-NaCl,Mg,cl3680,0.6470588235294118,M-Cl,3.41830388,3.1286744565217393,2,0.2391679347826087,0.0009173789890735412,0.23937116053956348,-0.00020322575695477796,0.0008932807573376391
MgCl2-NaCl,Mg,cl3680,0.6470588235294118,M-Cl,3.41830388,3.1286744565217393,3+,0.014130978260869564,0.00021318450024255308,0.06511312789221368,-0.05098214963134412,0.0001806966054251857
MgCl2-NaCl,Mg,cl3680,0.6470588235294118,union,4.229345799932314,4.37720652173913,0,0.06691630434782608,0.0007887538964220609,0.1610236072222289,-0.0941073028744028,0.00077986750393256
MgCl2-NaCl,Mg,cl3680,0.6470588235294118,union,4.229345799932314,4.37720652173913,1,0.5133826086956522,0.0016701474708638365,0.35286148501090125,0.16052112368475097,0.0016203881859855338
MgCl2-NaCl,Mg,cl3680,0.6470588235294118,union,4.229345799932314,4.37720652173913,2,0.3444413043478261,0.0009255950960867191,0.3094155389601745,0.03502576538765162,0.0008590671714896963
MgCl2-NaCl,Mg,cl3680,0.6470588235294118,union,4.229345799932314,4.37720652173913,3+,0.07525978260869565,0.0006025339578551742,0.17669936880669523,-0.10143958619799959,0.0005990832315167921
MgCl2-NaCl,Mg,cl3616,0.7011494252873564,M-Cl,3.44997297,3.2867112831858405,0,0.15045519911504424,0.0005849203824087027,0.32444256763902923,-0.173987368523985,0.0005901941479197807
MgCl2-NaCl,Mg,cl3616,0.7011494252873564,M-Cl,3.44997297,3.2867112831858405,1,0.6696299778761062,0.0013304483304711872,0.42251025593219205,0.24711972194391418,0.0013332477248679743
MgCl2-NaCl,Mg,cl3616,0.7011494252873564,M-Cl,3.44997297,3.2867112831858405,2,0.1722245575221239,0.0007798515657744944,0.20401362410676982,-0.03178906658464592,0.0007610390868024242
MgCl2-NaCl,Mg,cl3616,0.7011494252873564,M-Cl,3.44997297,3.2867112831858405,3+,0.007690265486725664,0.0001265100610614386,0.04903355232200887,-0.04134328683528321,0.00014261676344238904
MgCl2-NaCl,Mg,cl3616,0.7011494252873564,union,4.229345799932314,4.527726769911505,0,0.11479314159292035,0.0008344106363544734,0.21131732217379098,-0.09652418058087063,0.0008925329164553457
MgCl2-NaCl,Mg,cl3616,0.7011494252873564,union,4.229345799932314,4.527726769911505,1,0.5669629424778762,0.0017279671948897536,0.3811310894630434,0.18583185301483274,0.0017151788735206138
MgCl2-NaCl,Mg,cl3616,0.7011494252873564,union,4.229345799932314,4.527726769911505,2,0.2761946902654867,0.0009766593484163645,0.2780006899013788,-0.0018059996358920638,0.0009378438463160481
MgCl2-NaCl,Mg,cl3616,0.7011494252873564,union,4.229345799932314,4.527726769911505,3+,0.04204922566371681,0.0004798856609872751,0.12955089846178686,-0.08750167279807004,0.00044698331758044537
MgCl2-NaCl,Mg,cl3552,0.7528089887640449,M-Cl,3.41955799,3.342001689189189,0,0.23238513513513515,0.00128232497969621,0.39783933567417434,-0.1654542005390392,0.0011981720080993994
MgCl2-NaCl,Mg,cl3552,0.7528089887640449,M-Cl,3.41955799,3.342001689189189,1,0.6506114864864865,0.0028964234329297016,0.41158373850328295,0.23902774798320353,0.0028705982759465055
MgCl2-NaCl,Mg,cl3552,0.7528089887640449,M-Cl,3.41955799,3.342001689189189,2,0.11360585585585585,0.0016106647498657506,0.15965890323670287,-0.04605304738084702,0.0016782705653217024
MgCl2-NaCl,Mg,cl3552,0.7528089887640449,M-Cl,3.41955799,3.342001689189189,3+,0.0033975225225225227,0.00014710392954084072,0.030918022585839745,-0.027520500063317223,0.00015477542909776755
MgCl2-NaCl,Mg,cl3552,0.7528089887640449,union,4.229345799932314,4.679166666666666,0,0.1860061936936937,0.0016732930252900383,0.27401733775798787,-0.08801114406429417,0.0015155207793637342
MgCl2-NaCl,Mg,cl3552,0.7528089887640449,union,4.229345799932314,4.679166666666666,1,0.586651463963964,0.0030281098866092684,0.3995956941657929,0.18705576979817107,0.003064655865722534
MgCl2-NaCl,Mg,cl3552,0.7528089887640449,union,4.229345799932314,4.679166666666666,2,0.20569481981981982,0.001525331238616377,0.2378402165594675,-0.03214539673964767,0.001513416788440659
MgCl2-NaCl,Mg,cl3552,0.7528089887640449,union,4.229345799932314,4.679166666666666,3+,0.021647522522522524,0.0005875091576631287,0.08854675151675183,-0.0668992289942293,0.0006529369680526073
MgCl2-NaCl,Mg,cl3488,0.8021978021978022,M-Cl,3.47181263,3.5489076834862385,0,0.33079243119266055,0.00040662827639209104,0.4652097304232589,-0.13441729923059836,0.0007042117683629687
MgCl2-NaCl,Mg,cl3488,0.8021978021978022,M-Cl,3.47181263,3.5489076834862385,1,0.5948979357798165,0.001252421758171785,0.3895249019920428,0.20537303378777372,0.0013468270027389478
MgCl2-NaCl,Mg,cl3488,0.8021978021978022,M-Cl,3.47181263,3.5489076834862385,2,0.07274770642201835,0.0008653309465044975,0.12481362139082536,-0.05206591496880701,0.0007075041833523389
MgCl2-NaCl,Mg,cl3488,0.8021978021978022,M-Cl,3.47181263,3.5489076834862385,3+,0.0015619266055045872,9.769605729579796e-05,0.020451746193872786,-0.0188898195883682,6.47205312063654e-05
MgCl2-NaCl,Mg,cl3488,0.8021978021978022,union,4.229345799932314,4.828158256880734,0,0.28023394495412846,0.0006811808353929928,0.35217623353353117,-0.07194228857940271,0.0007304944440491674
MgCl2-NaCl,Mg,cl3488,0.8021978021978022,union,4.229345799932314,4.828158256880734,1,0.5710733944954128,0.0015773021096718287,0.4032123835704891,0.16786101092492373,0.0015795132685353837
MgCl2-NaCl,Mg,cl3488,0.8021978021978022,union,4.229345799932314,4.828158256880734,2,0.13889392201834863,0.0006896228015814108,0.18991629349671452,-0.051022371478365885,0.0006472767264824291
MgCl2-NaCl,Mg,cl3488,0.8021978021978022,union,4.229345799932314,4.828158256880734,3+,0.009798738532110092,0.0003932896918701732,0.054695089399265304,-0.04489635086715521,0.0003378640310090432
MgCl2-NaCl,Mg,cl3424,0.8494623655913979,M-Cl,3.40450655,3.5330332943925233,0,0.4541407710280374,0.0005647582192682986,0.5672234534347884,-0.11308268240675101,0.0005576925450135573
MgCl2-NaCl,Mg,cl3424,0.8494623655913979,M-Cl,3.40450655,3.5330332943925233,1,0.506632593457944,0.0010045879935869852,0.34355051239348217,0.16308208106446181,0.0010480378991124524
MgCl2-NaCl,Mg,cl3424,0.8494623655913979,M-Cl,3.40450655,3.5330332943925233,2,0.03876810747663551,0.0005786264012351192,0.07987032099361434,-0.041102213516978826,0.000509022701690108
MgCl2-NaCl,Mg,cl3424,0.8494623655913979,M-Cl,3.40450655,3.5330332943925233,3+,0.0004585280373831776,8.414053908228932e-05,0.009355713178115057,-0.00889718514073188,7.668551773475e-05
MgCl2-NaCl,Mg,cl3424,0.8494623655913979,union,4.229345799932314,4.983515186915888,0,0.3992605140186916,0.0007616993764557128,0.44847019102697067,-0.04920967700827905,0.000963863514767585
MgCl2-NaCl,Mg,cl3424,0.8494623655913979,union,4.229345799932314,4.983515186915888,1,0.5128247663551402,0.0017529221665200905,0.38525510530517015,0.12756966104997003,0.0017945521957187203
MgCl2-NaCl,Mg,cl3424,0.8494623655913979,union,4.229345799932314,4.983515186915888,2,0.08425292056074767,0.0007836452821361575,0.13711902604428328,-0.05286610548353561,0.0006746988311331893
MgCl2-NaCl,Mg,cl3424,0.8494623655913979,union,4.229345799932314,4.983515186915888,3+,0.0036617990654205608,0.00024537403589783914,0.029155677623575935,-0.025493878558155374,0.000203954962914993
MgCl2-NaCl,Mg,cl3360,0.8947368421052632,M-Cl,3.46782959,3.773934523809524,0,0.5900136904761905,0.001046990223208607,0.6600895720771439,-0.07007588160095346,0.0009394675918945746
MgCl2-NaCl,Mg,cl3360,0.8947368421052632,M-Cl,3.46782959,3.773934523809524,1,0.38989285714285715,0.0012971445451792965,0.28696851578495547,0.10292434135790168,0.0012508772750393768
MgCl2-NaCl,Mg,cl3360,0.8947368421052632,M-Cl,3.46782959,3.773934523809524,2,0.019919047619047617,0.0003512245241768003,0.04871426120287822,-0.028795213583830605,0.0003325425350959285
MgCl2-NaCl,Mg,cl3360,0.8947368421052632,M-Cl,3.46782959,3.773934523809524,3+,0.0001744047619047619,3.209597551081645e-05,0.004227650935022586,-0.004053246173117824,3.629769606990986e-05
MgCl2-NaCl,Mg,cl3360,0.8947368421052632,union,4.229345799932314,5.1286410714285715,0,0.5441065476190476,0.001260880227623835,0.568131995962234,-0.024025448343186318,0.0012482285745431092
MgCl2-NaCl,Mg,cl3360,0.8947368421052632,union,4.229345799932314,5.1286410714285715,1,0.41171071428571426,0.0018735708839387028,0.336768427817038,0.07494228646867629,0.0018591235532345986
MgCl2-NaCl,Mg,cl3360,0.8947368421052632,union,4.229345799932314,5.1286410714285715,2,0.04295595238095238,0.0005596124549840196,0.08314623987663812,-0.04019028749568574,0.0005631728781194981
MgCl2-NaCl,Mg,cl3360,0.8947368421052632,union,4.229345799932314,5.1286410714285715,3+,0.0012267857142857143,0.0001533445860629906,0.011953336344089825,-0.01072655062980411,0.00013722269963307236
MgCl2-NaCl,Mg,cl3296,0.9381443298969072,M-Cl,3.43223406,3.813785800970874,0,0.743868932038835,0.001022972142058939,0.7849628946818444,-0.04109396264300946,0.0010948357909951558
MgCl2-NaCl,Mg,cl3296,0.9381443298969072,M-Cl,3.43223406,3.813785800970874,1,0.2495861650485437,0.0018228588616171057,0.19512371641106818,0.05446244863747551,0.0018770590060646368
MgCl2-NaCl,Mg,cl3296,0.9381443298969072,M-Cl,3.43223406,3.813785800970874,2,0.006512742718446602,0.0007900551848631435,0.018982128418391555,-0.012469385699944952,0.0007758500919119645
MgCl2-NaCl,Mg,cl3296,0.9381443298969072,M-Cl,3.43223406,3.813785800970874,3+,3.2160194174757284e-05,1.6422777430490725e-05,0.000931260488695839,-0.0008991002945210817,1.578628397740816e-05
MgCl2-NaCl,Mg,cl3296,0.9381443298969072,union,4.229345799932314,5.2780382281553395,0,0.7099836165048544,0.0015528003320396618,0.7149990385339078,-0.005015422029053362,0.0015104954458144547
MgCl2-NaCl,Mg,cl3296,0.9381443298969072,union,4.229345799932314,5.2780382281553395,1,0.2747020631067961,0.003038488307885299,0.24656211722613763,0.02813994588065849,0.003009089294646391
MgCl2-NaCl,Mg,cl3296,0.9381443298969072,union,4.229345799932314,5.2780382281553395,2,0.01506735436893204,0.0014641359717691357,0.03553584959941304,-0.020468495230481002,0.0014701865252024946
MgCl2-NaCl,Mg,cl3296,0.9381443298969072,union,4.229345799932314,5.2780382281553395,3+,0.0002469660194174757,6.29359033204442e-05,0.0029029946405415637,-0.002656028621124088,6.499938782458108e-05
MgCl2-NaCl,Mg,cl3264,0.9591836734693877,M-Cl,3.49964099,4.015998774509804,0,0.8245974264705882,0.0005144167532349101,0.8463676243871858,-0.021770197916597622,0.00045611178862929927
MgCl2-NaCl,Mg,cl3264,0.9591836734693877,M-Cl,3.49964099,4.015998774509804,1,0.17254105392156863,0.0007053445333788945,0.1436794436331382,0.028861610288430428,0.0006536461499104624
MgCl2-NaCl,Mg,cl3264,0.9591836734693877,M-Cl,3.49964099,4.015998774509804,2,0.002854779411764706,0.00030009969218161645,0.009625584011110655,-0.00677080459934595,0.0003059737624529667
MgCl2-NaCl,Mg,cl3264,0.9591836734693877,M-Cl,3.49964099,4.015998774509804,3+,6.7401960784313725e-06,6.64199858721777e-06,0.00032734796856540574,-0.0003206077724869744,7.305501191858511e-06
MgCl2-NaCl,Mg,cl3264,0.9591836734693877,union,4.229345799932314,5.350158088235294,0,0.8012248774509804,0.0007014874374526497,0.8006237989999719,0.0006010784510084299,0.0006537315729461586
MgCl2-NaCl,Mg,cl3264,0.9591836734693877,union,4.229345799932314,5.350158088235294,1,0.1923799019607843,0.001118829176161454,0.1813123266056515,0.011067575355132808,0.0010806703472786086
MgCl2-NaCl,Mg,cl3264,0.9591836734693877,union,4.229345799932314,5.350158088235294,2,0.0063388480392156865,0.00042007687502457376,0.01715755710594286,-0.010818709066727172,0.00042889439659781815
MgCl2-NaCl,Mg,cl3264,0.9591836734693877,union,4.229345799932314,5.350158088235294,3+,5.637254901960784e-05,2.5133755272051082e-05,0.00090631728843379,-0.0008499447394141822,2.5572015959167658e-05
MgCl2-NaCl,Mg,cl3232,0.9797979797979798,M-Cl,3.49684943,4.070767326732673,0,0.9104857673267327,0.00025326912715920193,0.9203789270736926,-0.009893159746959923,0.0002565528356351699
MgCl2-NaCl,Mg,cl3232,0.9797979797979798,M-Cl,3.49684943,4.070767326732673,1,0.08880012376237624,0.0004515970228988117,0.07704650802131874,0.011753615741057502,0.00046693406658673505
MgCl2-NaCl,Mg,cl3232,0.9797979797979798,M-Cl,3.49684943,4.070767326732673,2,0.0007141089108910891,0.0002469768843957681,0.0025328311890197987,-0.0018187222781287096,0.0002450353477955466
MgCl2-NaCl,Mg,cl3232,0.9797979797979798,M-Cl,3.49684943,4.070767326732673,3+,0.0,0.0,4.173371596880758e-05,-4.173371596880758e-05,8.578539409508605e-08
MgCl2-NaCl,Mg,cl3232,0.9797979797979798,union,4.229345799932314,5.423456683168316,0,0.8980544554455445,0.00041399393573529554,0.8953070181260636,0.0027474373194809054,0.0004251559747377105
MgCl2-NaCl,Mg,cl3232,0.9797979797979798,union,4.229345799932314,5.423456683168316,1,0.10036200495049505,0.000836011759710223,0.0999404211350865,0.0004215838154085494,0.0008464387601008536
MgCl2-NaCl,Mg,cl3232,0.9797979797979798,union,4.229345799932314,5.423456683168316,2,0.0015742574257425744,0.00044366265789934616,0.004635041432335663,-0.003060784006593089,0.0004427191475284123
MgCl2-NaCl,Mg,cl3232,0.9797979797979798,union,4.229345799932314,5.423456683168316,3+,9.282178217821782e-06,9.784274938639789e-06,0.0001175193065141195,-0.00010823712829629773,9.685663670665578e-06
