algorithm,method,kcut,file,split,source,n_O,n_Na,n_Cl,n_X,x_O,x_Na,x_Cl,x_X,n_fit_points,fit_rmse_scaled,fit_success,kappa_D_input,kappa_D_fit,S0_OO,S0_ONa,S0_OCl,S0_NaNa,S0_NaCl,S0_ClCl,S0_OX,S0_XX,S0_reconstructed_OO,S0_reconstructed_OX,S0_reconstructed_XX
individual_OZ,direct O/X + reconstructed O/X from Na/Cl/O,0.0025,O32640-Na72-Cl72-1-allSk.dat,0,main,32640,72,72,144,0.9956076134699854,0.0021961932650073207,0.0021961932650073207,0.004392386530014641,89,0.15096353070496013,1,,,0.06374495130523113,0.009708463272029616,-0.04169248716757764,0.7200284989072856,0.4047574708529459,0.7528870732782901,-0.02545948930989248,1.031161371561457,0.06374495130523113,-0.022616120186174586,1.141215256945734
individual_OZ,direct O/X + reconstructed O/X from Na/Cl/O,0.0025,O32640-Na88-Cl88-1-allSk.dat,0,main,32640,88,88,176,0.9946367625548513,0.002681618722574354,0.002681618722574354,0.005363237445148708,89,0.15870224984241543,1,,,0.062976913696794,0.010131640998638461,-0.043850260332908654,0.7762534577892726,0.7033921340426167,0.7804297452563285,-0.02984501339047934,1.1720356331761328,0.062976913696794,-0.023842664383510286,1.4817337355654172
individual_OZ,direct O/X + reconstructed O/X from Na/Cl/O,0.0025,O32640-Na104-Cl104-1-allSk.dat,0,main,32640,104,104,208,0.9936678032148076,0.0031660983925962008,0.0031660983925962008,0.0063321967851924016,89,0.11850528415402233,1,,,0.06347312088447957,0.011237077852970208,-0.03991752420962867,0.6884868559616277,0.30733355025504244,0.651464262896666,-0.02208573382248372,0.9094992429471609,0.06347312088447957,-0.020280138106250213,0.9773091096841893
individual_OZ,direct O/X + reconstructed O/X from Na/Cl/O,0.0025,O32640-Na120-Cl120-1-allSk.dat,0,main,32640,120,120,240,0.9927007299270073,0.0036496350364963502,0.0036496350364963502,0.0072992700729927005,89,0.12249952642568858,1,,,0.062317380185190493,0.012567760936394588,-0.04877135683566841,0.6705041687237404,0.5470197730727773,0.6807905255712859,-0.030449659603618274,0.9791524573101272,0.062317380185190493,-0.02559980816371401,1.2226671202202906
individual_OZ,direct O/X + reconstructed O/X from Na/Cl/O,0.0025,O32640-Na136-Cl136-1-allSk.dat,0,main,32640,136,136,272,0.9917355371900827,0.004132231404958678,0.004132231404958678,0.008264462809917356,89,0.13567151680302406,1,,,0.06440037649375858,0.012078679400870164,-0.0505655382744217,0.6837288785333936,0.41472865544208454,0.6772040844097434,-0.02902094772483223,0.9455277009407456,0.06440037649375858,-0.02721431889605794,1.095195136913653
individual_OZ,direct O/X + reconstructed O/X from Na/Cl/O,0.0025,O32640-Na160-Cl160-1-allSk.dat,0,main,32640,160,160,320,0.9902912621359223,0.0048543689320388345,0.0048543689320388345,0.009708737864077669,89,0.12647746952995148,1,,,0.06475563548896734,0.009178573434384689,-0.054046246230147345,0.7033905365179504,0.4976782607254972,0.7325702114754571,-0.038267005059724565,1.1386502217302312,0.06475563548896734,-0.031726235689942955,1.215658634722201
individual_OZ,direct O/X + reconstructed O/X from Na/Cl/O,0.0025,O32640-Na176-Cl176-1-allSk.dat,0,main,32640,176,176,352,0.9893307468477207,0.00533462657613967,0.00533462657613967,0.01066925315227934,89,0.12693205236191551,1,,,0.06484262903494808,0.008283545779896278,-0.05919232828683791,0.6041550028485337,0.46283288658295246,0.7248531239932922,-0.044253046807478345,1.0249544286643208,0.06484262903494808,-0.03599794533260952,1.1273369500038655
individual_OZ,direct O/X + reconstructed O/X from Na/Cl/O,0.0025,O32640-Na192-Cl192-1-allSk.dat,0,main,32640,192,192,384,0.9883720930232558,0.005813953488372093,0.005813953488372093,0.011627906976744186,89,0.11734248464194577,1,,,0.06465913144517953,0.007690477407572391,-0.04925569334659823,0.6217517394828712,0.5057113071797886,0.6164822914781886,-0.04013583777972571,0.9762344529400364,0.06465913144517953,-0.029391046051968343,1.1248283226603184
individual_OZ,direct O/X + reconstructed O/X from Na/Cl/O,0.0025,O32640-Na224-Cl224-1-allSk.dat,0,Sk_files_more,32640,224,224,448,0.9864603481624759,0.006769825918762089,0.006769825918762089,0.013539651837524178,89,0.1184783453372286,1,,,0.0636599193976878,0.006992790688236247,-0.05411150896551396,0.5704107471055565,0.3872677870347855,0.5916117311558746,-0.04234936289134498,0.9027471030359024,0.0636599193976878,-0.0333179652146816,0.9682790261655011
individual_OZ,direct O/X + reconstructed O/X from Na/Cl/O,0.0025,O32640-Na240-Cl240-1-allSk.dat,0,Sk_files_more,32640,240,240,480,0.9855072463768116,0.007246376811594203,0.007246376811594203,0.014492753623188406,89,0.12772770344780834,1,,,0.06349643581607158,0.00837731693992359,-0.05259832618842882,0.5735029311735967,0.5290909848099348,0.5871164178601729,-0.03980718345810542,0.8964362590876115,0.06349643581607158,-0.03126897551053109,1.1094006593268195
individual_OZ,direct O/X + reconstructed O/X from Na/Cl/O,0.0025,O32640-Na256-Cl256-1-allSk.dat,0,Sk_files_more,32640,256,256,512,0.9845559845559846,0.007722007722007722,0.007722007722007722,0.015444015444015444,89,0.12195848222249547,1,,,0.06446978582410103,0.00790418265489203,-0.057299248818106815,0.5485737503728864,0.3747210676302284,0.5925461891672675,-0.042656067787595835,0.8497262825244913,0.06446978582410103,-0.034927586241167353,0.9452810374003053
individual_OZ,direct O/X + reconstructed O/X from Na/Cl/O,0.0025,O32640-Na288-Cl288-1-allSk.dat,0,main,32640,288,288,576,0.9826589595375722,0.008670520231213872,0.008670520231213872,0.017341040462427744,89,0.1268489839714046,1,,,0.06288411116327342,0.005049245614337539,-0.0550484880998392,0.6738317874966736,0.7067742200620444,0.6201464780696945,-0.054380003505195104,1.20205122742463,0.06288411116327342,-0.03535480341568875,1.3537633528452284
individual_OZ,direct O/X + reconstructed O/X from Na/Cl/O,0.0025,O32640-Na320-Cl320-1-allSk.dat,0,main,32640,320,320,640,0.9807692307692307,0.009615384615384616,0.009615384615384616,0.019230769230769232,89,0.14205715541265856,1,,,0.06464630314465938,0.004818236692857335,-0.06939476344469081,0.6363215303765094,0.6665462557870462,0.696605172851793,-0.06705744835613504,1.1394625541551064,0.06464630314465938,-0.04566249997169595,1.3330096074011974
individual_OZ,direct O/X + reconstructed O/X from Na/Cl/O,0.0025,O32640-Na352-Cl352-1-allSk.dat,0,main,32640,352,352,704,0.9788867562380038,0.01055662188099808,0.01055662188099808,0.02111324376199616,89,0.1104081993020264,1,,,0.06217417495254168,0.004413282543857184,-0.052846030919279245,0.5421932671531571,0.4074047497168841,0.4940411403534743,-0.039108550688085185,0.8231841609551706,0.06217417495254168,-0.03424712480776269,0.9255219534701998
individual_OZ,direct O/X + reconstructed O/X from Na/Cl/O,0.0025,O32640-Na384-Cl384-1-allSk.dat,0,Sk_files_more,32640,384,384,768,0.9770114942528736,0.011494252873563218,0.011494252873563218,0.022988505747126436,89,0.13779497325832993,1,,,0.06413281075374962,0.005297211929628091,-0.0602996664517586,0.5001542993529893,0.4226939817164273,0.52144765273281,-0.055901751167877024,0.8135822293439441,0.06413281075374962,-0.03889260857450317,0.933494957759327
individual_OZ,direct O/X + reconstructed O/X from Na/Cl/O,0.0025,O32640-Na416-Cl416-1-allSk.dat,0,main,32640,416,416,832,0.9751434034416826,0.0124282982791587,0.0124282982791587,0.0248565965583174,89,0.12332581781486011,1,,,0.06366194220184221,0.0021829144264928838,-0.06086280795660368,0.5756524719677554,0.4642743651149129,0.5353436682015627,-0.06065168559961017,0.9445054677518465,0.06366194220184221,-0.04149295063444597,1.0197724351995718
individual_OZ,direct O/X + reconstructed O/X from Na/Cl/O,0.0025,O32640-Na456-Cl456-1-allSk.dat,0,Sk_files_more,32640,456,456,912,0.9728183118741058,0.013590844062947067,0.013590844062947067,0.027181688125894134,89,0.11925952839442017,1,,,0.06431403139596456,-0.002560710904214773,-0.06349508929032337,0.5134989699731889,0.5207170571937001,0.533747509328211,-0.0643961512893366,0.9103664145346487,0.06431403139596456,-0.04670850425426158,1.0443402968444
individual_OZ,direct O/X + reconstructed O/X from Na/Cl/O,0.0025,O32640-Na496-Cl496-1-allSk.dat,0,main,32640,496,496,992,0.9705042816365367,0.014747859181731684,0.014747859181731684,0.029495718363463368,89,0.1140789637729845,1,,,0.06435128418280536,-0.005292101892229989,-0.06156830549431697,0.42504395011028157,0.33429676333184094,0.4734616402970773,-0.057901123428121884,0.7376545867277163,0.06435128418280536,-0.047277447455922494,0.7835495585355203
individual_OZ,direct O/X + reconstructed O/X from Na/Cl/O,0.0025,O32640-Na512-Cl512-1-allSk.dat,0,main,32640,512,512,1024,0.9695817490494296,0.015209125475285171,0.015209125475285171,0.030418250950570342,89,0.12307399390141827,1,,,0.06279192589405908,0.0022474219608563345,-0.05752672606836067,0.4703266276221374,0.5338759432635597,0.4557521597313105,-0.06175693819884674,0.788412679817866,0.06279192589405908,-0.03908837079368969,0.9969153369402837
individual_OZ,direct O/X + reconstructed O/X from Na/Cl/O,0.0025,O32640-Na576-Cl576-1-allSk.dat,0,main,32640,576,576,1152,0.9659090909090909,0.017045454545454544,0.017045454545454544,0.03409090909090909,89,0.10035530490620356,1,,,0.06166732331465261,-0.004981730573125839,-0.05878408173805606,0.42153733467165294,0.3484751284861646,0.43052489519735326,-0.05566170167867782,0.7196826457511821,0.06166732331465261,-0.045089238293105356,0.7745062434206677
individual_OZ,direct O/X + reconstructed O/X from Na/Cl/O,0.0025,O32640-Na608-Cl608-1-allSk.dat,0,main,32640,608,608,1216,0.9640831758034026,0.017958412098298678,0.017958412098298678,0.035916824196597356,89,0.09023124020948625,1,,,0.06284991500547085,-0.012358492898975695,-0.06329044594001378,0.44141272022387407,0.4359338525967255,0.478387132805719,-0.06826576608395667,0.8273983903300067,0.06284991500547085,-0.05349187764261584,0.8958337791115221
individual_OZ,direct O/X + reconstructed O/X from Na/Cl/O,0.0025,O32640-Na672-Cl672-1-allSk.dat,0,main,32640,672,672,1344,0.96045197740113,0.01977401129943503,0.01977401129943503,0.03954802259887006,89,0.11080843919667986,1,,,0.061235238784777574,-0.016530654250977123,-0.05940651927736654,0.4528708204301163,0.37427684865200866,0.4185193424298221,-0.06251069131272682,0.7702160332532103,0.061235238784777574,-0.053695690346031395,0.8099719300819779
individual_OZ,direct O/X + reconstructed O/X from Na/Cl/O,0.0025,O32640-Na704-Cl704-1-allSk.dat,0,main,32640,704,704,1408,0.9586466165413534,0.020676691729323307,0.020676691729323307,0.041353383458646614,89,0.11544723096362966,1,,,0.061368578992446535,-0.027031362018690285,-0.058948653093003435,0.4670887566874559,0.45089298519729787,0.42896987135502873,-0.07039940390382649,0.8405707130208605,0.061368578992446535,-0.060797051732000465,0.8989222992185402
individual_OZ,direct O/X + reconstructed O/X from Na/Cl/O,0.0025,O32640-Na736-Cl736-1-allSk.dat,0,main,32640,736,736,1472,0.9568480300187617,0.021575984990619138,0.021575984990619138,0.043151969981238276,89,0.08833178977120201,1,,,0.061763522795192746,-0.02496673602798785,-0.059370984432792255,0.42333192644891865,0.39343279035627954,0.40304805780426767,-0.06317410679988807,0.7454481053393792,0.061763522795192746,-0.05963577404763305,0.8066227824828727
individual_OZ,direct O/X + reconstructed O/X from Na/Cl/O,0.0025,O32640-Na768-Cl768-1-allSk.dat,0,main,32640,768,768,1536,0.9550561797752809,0.02247191011235955,0.02247191011235955,0.0449438202247191,89,0.09694585881252815,1,,,0.06019677005163589,-0.01851320099144019,-0.054685999609813886,0.3870686966134008,0.2854100288273607,0.35051518888065997,-0.05393590683838177,0.6296500673564304,0.06019677005163589,-0.051759651122581164,0.6542019715743912
individual_OZ,direct O/X + reconstructed O/X from Na/Cl/O,0.0025,O32640-Na848-Cl848-1-allSk.dat,0,Sk_files_more,32640,848,848,1696,0.9506057781919851,0.024697110904007457,0.024697110904007457,0.049394221808014914,98,0.11621262171914735,1,,,0.062070669759538524,-0.03895229941796931,-0.06477936059105117,0.4134370717640781,0.4462244111715675,0.40489083645821766,-0.07691370320148279,0.7427608759689034,0.062070669759538524,-0.0733493602161158,0.8553883652827154
individual_OZ,direct O/X + reconstructed O/X from Na/Cl/O,0.0025,O32640-Na928-Cl928-1-allSk.dat,0,main,32640,928,928,1856,0.9461966604823747,0.026901669758812616,0.026901669758812616,0.05380333951762523,98,0.08730683126690723,1,,,0.06284955139510186,-0.040184693689568875,-0.06799043219984015,0.4353370196060771,0.4119728803747857,0.4182587911415457,-0.08257692172843473,0.8109676178249999,0.06284955139510186,-0.07649136507210959,0.8387707857485971
individual_OZ,direct O/X + reconstructed O/X from Na/Cl/O,0.0025,O32640-Na992-Cl992-1-allSk.dat,0,Sk_files_more,32640,992,992,1984,0.9426987060998152,0.02865064695009242,0.02865064695009242,0.05730129390018484,98,0.08175223532093377,1,,,0.05950479639542258,-0.033466081889751136,-0.05790501634582446,0.3879222713139101,0.33386289041847345,0.33887697960141083,-0.06545965870089339,0.6704953762728117,0.05950479639542258,-0.0646091231668377,0.6972625158761339
individual_OZ,direct O/X + reconstructed O/X from Na/Cl/O,0.0025,O32640-Na1056-Cl1056-1-allSk.dat,0,main,32640,1056,1056,2112,0.9392265193370166,0.03038674033149171,0.03038674033149171,0.06077348066298342,98,0.08295521433408003,1,,,0.062030700306993855,-0.04923601222671638,-0.06797772762009209,0.37442373303653437,0.3900139035066389,0.37876077354746357,-0.08669383946365407,0.7228033675405056,0.062030700306993855,-0.0828826302939141,0.7666061567986379
individual_OZ,direct O/X + reconstructed O/X from Na/Cl/O,0.0025,O32640-Na1144-Cl1144-1-allSk.dat,0,Sk_files_more,32640,1144,1144,2288,0.934493815849748,0.03275309207512597,0.03275309207512597,0.06550618415025194,98,0.09010464406619306,1,,,0.06239724757572244,-0.047849338960132014,-0.06708930136465847,0.36063336137264357,0.33732890866416654,0.35250070766142694,-0.08294750265913263,0.6587808358314949,0.06239724757572244,-0.08127389199402092,0.6938959431812017
individual_OZ,direct O/X + reconstructed O/X from Na/Cl/O,0.0025,O32640-Na1224-Cl1224-1-allSk.dat,0,Sk_files_more,32640,1224,1224,2448,0.9302325581395349,0.03488372093023256,0.03488372093023256,0.06976744186046512,98,0.08446277234083971,1,,,0.06089109473677816,-0.046130692481555644,-0.06438281822245763,0.3214736471045735,0.3070104765009252,0.32633068737867177,-0.07825381580315881,0.6032803507160227,0.06089109473677816,-0.0781448528315399,0.6309126437425479
individual_OZ,direct O/X + reconstructed O/X from Na/Cl/O,0.0025,O32640-Na1312-Cl1312-1-allSk.dat,0,main,32640,1312,1312,2624,0.925589836660617,0.03720508166969147,0.03720508166969147,0.07441016333938294,98,0.10283124349585256,1,,,0.06232156715605098,-0.06126437314429542,-0.0695636054078059,0.36614163635405805,0.3515746187059729,0.34301087886152054,-0.08870125648018759,0.6644194807711112,0.06232156715605098,-0.09250935080311905,0.7061508763137623
individual_OZ,direct O/X + reconstructed O/X from Na/Cl/O,0.0025,O32640-Na1440-Cl1440-1-allSk.dat,0,Sk_files_more,32640,1440,1440,2880,0.918918918918919,0.04054054054054054,0.04054054054054054,0.08108108108108109,98,0.07591823632029292,1,,,0.06284823796267068,-0.056230833752188535,-0.06886662174181246,0.3121459257080229,0.3118637638292917,0.3160384453835014,-0.08855915279080959,0.6034848066585558,0.06284823796267068,-0.08845725908899044,0.6259559493750538
individual_OZ,direct O/X + reconstructed O/X from Na/Cl/O,0.0025,O32640-Na1568-Cl1568-1-allSk.dat,0,main,32640,1568,1568,3136,0.9123434704830053,0.04382826475849732,0.04382826475849732,0.08765652951699464,98,0.07839035147342943,1,,,0.06121567263601298,-0.06423086390609996,-0.06648759256101099,0.3056852748174147,0.3245642558989816,0.2968620456086852,-0.09218550775462785,0.5805122113106015,0.06121567263601298,-0.09243190699413267,0.6258379161120315
individual_OZ,direct O/X + reconstructed O/X from Na/Cl/O,0.0025,O32640-Na1696-Cl1696-1-allSk.dat,0,Sk_files_more,32640,1696,1696,3392,0.9058614564831261,0.04706927175843695,0.04706927175843695,0.0941385435168739,98,0.06708553102300654,1,,,0.06079612563507143,-0.05857987970229878,-0.06515124701243466,0.2812783351092068,0.27190622234374584,0.275146862051711,-0.08555039009975984,0.5338391117287222,0.06079612563507143,-0.08749111874384001,0.5501188209242047
individual_OZ,direct O/X + reconstructed O/X from Na/Cl/O,0.0025,O32640-Na1824-Cl1824-1-allSk.dat,0,main,32640,1824,1824,3648,0.8994708994708994,0.05026455026455026,0.05026455026455026,0.10052910052910052,98,0.07960077449733932,1,,,0.061895598130224896,-0.07129496989009362,-0.07193832899463679,0.3002039354776131,0.3104772423755157,0.29621122578958364,-0.10036139859665384,0.5851208383944175,0.061895598130224896,-0.10128123693311245,0.6086848230091141
individual_OZ,direct O/X + reconstructed O/X from Na/Cl/O,0.0025,O32640-Na1952-Cl1952-1-allSk.dat,0,Sk_files_more,32640,1952,1952,3904,0.8931698774080561,0.053415061295971976,0.053415061295971976,0.10683012259194395,98,0.05829543979125831,1,,,0.06290440142218745,-0.06465370997386577,-0.06979826478550907,0.26369179450954927,0.27339545102405455,0.2658878352496277,-0.09536993508482935,0.5255520741664326,0.06290440142218745,-0.09507190309627647,0.538185265903643
individual_OZ,direct O/X + reconstructed O/X from Na/Cl/O,0.0025,O32640-Na2088-Cl2088-1-allSk.dat,0,main,32640,2088,2088,4176,0.8865710560625815,0.056714471968709254,0.056714471968709254,0.11342894393741851,98,0.07052298015455843,1,,,0.06209618194380714,-0.06764785919074048,-0.06573996399079694,0.2534652952161148,0.2622895709645334,0.24226846001995497,-0.09248962853050677,0.4862693079070826,0.06209618194380714,-0.09431943429937728,0.5101564485825683
individual_OZ,direct O/X + reconstructed O/X from Na/Cl/O,0.0025,O32640-Na2256-Cl2256-1-allSk.dat,0,Sk_files_more,32640,2256,2256,4512,0.8785529715762274,0.060723514211886306,0.060723514211886306,0.12144702842377261,98,0.05378916783113655,1,,,0.05665734291718304,-0.04657234172267649,-0.05406593659918786,0.20179177853120464,0.18143781944779158,0.18762624380599038,-0.06989021058267052,0.37100164320109275,0.05665734291718304,-0.07116200904832942,0.3761468306163891
individual_OZ,direct O/X + reconstructed O/X from Na/Cl/O,0.0025,O32640-Na2424-Cl2424-1-allSk.dat,0,Sk_files_more,32640,2424,2424,4848,0.8706786171574904,0.0646606914212548,0.0646606914212548,0.1293213828425096,98,0.06717597811825333,1,,,0.06350424792972445,-0.07101886370752047,-0.06999338472991955,0.22503080957751234,0.23053889791548385,0.224492758798104,-0.09891494344048253,0.4378082059910093,0.06350424792972445,-0.09971071710047599,0.455300682103292
individual_OZ,direct O/X + reconstructed O/X from Na/Cl/O,0.0025,O32640-Na2600-Cl2600-1-allSk.dat,0,main,32640,2600,2600,5200,0.8625792811839323,0.06871035940803383,0.06871035940803383,0.13742071881606766,98,0.05326991392276124,1,,,0.05758682373765501,-0.04887389529355311,-0.053023143749800855,0.16935668464630096,0.16114448441569673,0.16653798610336432,-0.06958733730459687,0.32166000368064857,0.05758682373765501,-0.07205208729038598,0.32909181979052937
individual_OZ,direct O/X + reconstructed O/X from Na/Cl/O,0.0025,O32640-Na2824-Cl2824-1-allSk.dat,0,main,32640,2824,2824,5648,0.8524864187212704,0.07375679063936481,0.07375679063936481,0.14751358127872963,110,0.04761252412868909,1,,,0.05596437448263135,-0.0442522666603311,-0.05120871680197741,0.15908050397862794,0.14381038658458878,0.15220437914664325,-0.0665757939425976,0.29646531740200965,0.05596437448263135,-0.06750110874493523,0.2994528281472244
individual_OZ,direct O/X + reconstructed O/X from Na/Cl/O,0.0025,O32640-Na2968-Cl2968-1-allSk.dat,0,Sk_files_more,32640,2968,2968,5936,0.8461219411032767,0.07693902944836167,0.07693902944836167,0.15387805889672335,110,0.04325684558136272,1,,,0.05673573600758539,-0.05067924220286968,-0.05200820901390261,0.16272716775553303,0.15196932135700766,0.15032555118655003,-0.07106021267979627,0.30471117649067353,0.05673573600758539,-0.07261099309814248,0.30849568082804923
individual_OZ,direct O/X + reconstructed O/X from Na/Cl/O,0.0025,O32640-Na3112-Cl3112-1-allSk.dat,0,main,32640,3112,3112,6224,0.8398517908604364,0.0800741045697818,0.0800741045697818,0.1601482091395636,110,0.06409484189849497,1,,,0.058195832792463605,-0.05624274130524787,-0.054427106867015886,0.1535150523678938,0.15507483543676337,0.15045633037399417,-0.07649058343942702,0.29039803871700537,0.058195832792463605,-0.07825540011549334,0.30706052680770735
individual_OZ,direct O/X + reconstructed O/X from Na/Cl/O,0.0025,O32640-Na3248-Cl3248-1-allSk.dat,0,Sk_files_more,32640,3248,3248,6496,0.8340147179067866,0.08299264104660671,0.08299264104660671,0.16598528209321342,110,0.04606529348294621,1,,,0.05851885282697345,-0.05747082025381667,-0.05471895613181358,0.15231094843017162,0.15682156493004024,0.14836712283540202,-0.07880435169007614,0.30076169113334866,0.05851885282697345,-0.07933015166208154,0.30716060056282707
individual_OZ,direct O/X + reconstructed O/X from Na/Cl/O,0.0025,O32640-Na3392-Cl3392-1-allSk.dat,0,main,32640,3392,3392,6784,0.827922077922078,0.08603896103896104,0.08603896103896104,0.17207792207792208,110,0.044330279311259706,1,,,0.05882267727029355,-0.05168768979851149,-0.053998250942641185,0.14516257778958677,0.1391630892668508,0.13923273401951028,-0.07430512144191433,0.27841816186336116,0.05882267727029355,-0.07473124537414869,0.2813607451713993
individual_OZ,direct O/X + reconstructed O/X from Na/Cl/O,0.0025,O32640-Na3536-Cl3536-1-allSk.dat,0,Sk_files_more,32640,3536,3536,7072,0.821917808219178,0.08904109589041095,0.08904109589041095,0.1780821917808219,110,0.052717325824885725,1,,,0.06706999550857361,-0.0758115723074645,-0.06849276867004461,0.16020552620732811,0.18124816517896847,0.16628711008413424,-0.10274545322077397,0.33253837800928604,0.06706999550857361,-0.10203857805985249,0.3444944833246997
individual_OZ,direct O/X + reconstructed O/X from Na/Cl/O,0.0025,O32640-Na3680-Cl3680-1-allSk.dat,0,main,32640,3680,3680,7360,0.816,0.092,0.092,0.184,110,0.04316804109530617,1,,,0.06174972841531039,-0.06576561905095793,-0.06111460657067954,0.1532720736218676,0.16304069676982247,0.15129521845900737,-0.09029076785949551,0.30891150853839455,0.06174972841531039,-0.08971786793553899,0.31532434281025995
individual_OZ,direct O/X + reconstructed O/X from Na/Cl/O,0.0025,O32640-Na4136-Cl4136-1-allSk.dat,0,main,32640,4136,4136,8272,0.7978099335158388,0.10109503324208056,0.10109503324208056,0.20219006648416113,114,0.029428924182920906,1,,,0.055345351706046035,-0.04113566966635688,-0.043786555891982416,0.10350524651756346,0.09830907000663612,0.09983954175146775,-0.059738788402995166,0.19858610553678366,0.055345351706046035,-0.060049081565755266,0.19998146414115173
individual_OZ,direct O/X + reconstructed O/X from Na/Cl/O,0.0025,O32640-Na4392-Cl4392-1-allSk.dat,0,main,32640,4392,4392,8784,0.7879490150637312,0.10602549246813442,0.10602549246813442,0.21205098493626884,114,0.03536390343316674,1,,,0.05827557420912301,-0.04577302361186904,-0.0469865639361676,0.10593489534379258,0.10152286955714535,0.10087612225521114,-0.06532432560227643,0.20335155258854806,0.05827557420912301,-0.06559093337528393,0.2049283783566472
individual_OZ,direct O/X + reconstructed O/X from Na/Cl/O,0.0025,O32640-Na4648-Cl4648-1-allSk.dat,0,main,32640,4648,4648,9296,0.7783288821060664,0.11083555894696681,0.11083555894696681,0.22167111789393362,114,0.041715174789180735,1,,,0.060259248472715556,-0.047529000807732986,-0.04897913961687903,0.1014172040910041,0.09726860203233595,0.09770364843857438,-0.06801389640962928,0.19484274733121387,0.060259248472715556,-0.06824156053394673,0.19682902829712517
individual_OZ,direct O/X + reconstructed O/X from Na/Cl/O,0.005,O32640-Na72-Cl72-1-allSk.dat,0,main,32640,72,72,144,0.9956076134699854,0.0021961932650073207,0.0021961932650073207,0.004392386530014641,238,0.11493184204252531,1,,,0.06367121798192296,0.016869424517983938,-0.05038053269476236,0.8406000825119213,0.426759859484548,0.8460278480834719,-0.023849923610061937,1.02360763147372,0.06367121798192296,-0.02369593183687598,1.2700738247822447
individual_OZ,direct O/X + reconstructed O/X from Na/Cl/O,0.005,O32640-Na88-Cl88-1-allSk.dat,0,main,32640,88,88,176,0.9946367625548513,0.002681618722574354,0.002681618722574354,0.005363237445148708,238,0.12037691348407654,1,,,0.06371054148776423,0.017043243207631207,-0.05143924086036768,0.9165764222657009,0.7515064466880812,0.8478431337174601,-0.024855646185585136,1.1420257073762545,0.06371054148776423,-0.024321643185926528,1.6337162246796617
individual_OZ,direct O/X + reconstructed O/X from Na/Cl/O,0.005,O32640-Na104-Cl104-1-allSk.dat,0,main,32640,104,104,208,0.9936678032148076,0.0031660983925962008,0.0031660983925962008,0.0063321967851924016,238,0.10281261059650539,1,,,0.06426219897436997,0.016026486295123175,-0.05273389593098994,0.8318536235492049,0.38656072341440667,0.77872202989761,-0.026437338526408467,1.0369488448864979,0.06426219897436997,-0.025956058273313813,1.191848550137814
individual_OZ,direct O/X + reconstructed O/X from Na/Cl/O,0.005,O32640-Na120-Cl120-1-allSk.dat,0,main,32640,120,120,240,0.9927007299270073,0.0036496350364963502,0.0036496350364963502,0.0072992700729927005,238,0.0983328764451139,1,,,0.06485337631006764,0.01927208756083227,-0.06181510024053124,0.7730666060521049,0.5737698767637938,0.8047432856816336,-0.030833224775336815,0.9791244778363352,0.06485337631006764,-0.03008245275792042,1.3626748226306629
individual_OZ,direct O/X + reconstructed O/X from Na/Cl/O,0.005,O32640-Na136-Cl136-1-allSk.dat,0,main,32640,136,136,272,0.9917355371900827,0.004132231404958678,0.004132231404958678,0.008264462809917356,238,0.1077075603390282,1,,,0.06562394873578543,0.018071001678139277,-0.061825535104340856,0.7799897336314867,0.4988911436090056,0.7749638489385818,-0.03209520862798985,1.0002819859815402,0.06562394873578543,-0.0309391272933206,1.2763679348940398
individual_OZ,direct O/X + reconstructed O/X from Na/Cl/O,0.005,O32640-Na160-Cl160-1-allSk.dat,0,main,32640,160,160,320,0.9902912621359223,0.0048543689320388345,0.0048543689320388345,0.009708737864077669,238,0.10198185680010854,1,,,0.06562435219949288,0.015751762906080033,-0.06377160355303677,0.7151692189234158,0.5441453642849571,0.7721634628893705,-0.036275251707026765,1.0022955502038948,0.06562435219949288,-0.03395515495296052,1.2878117051913502
individual_OZ,direct O/X + reconstructed O/X from Na/Cl/O,0.005,O32640-Na176-Cl176-1-allSk.dat,0,main,32640,176,176,352,0.9893307468477207,0.00533462657613967,0.00533462657613967,0.01066925315227934,238,0.10286038488637793,1,,,0.06672295535384143,0.016472726565116003,-0.07092522392576096,0.7114960896875311,0.5231803118161594,0.8020098393294985,-0.044096677212915956,1.0082197037237481,0.06672295535384143,-0.03850373013625463,1.2799332763246742
individual_OZ,direct O/X + reconstructed O/X from Na/Cl/O,0.005,O32640-Na192-Cl192-1-allSk.dat,0,main,32640,192,192,384,0.9883720930232558,0.005813953488372093,0.005813953488372093,0.011627906976744186,238,0.09676151997286625,1,,,0.06574708291217558,0.016062268526581762,-0.06409194386107765,0.70562862637123,0.5978874023290925,0.7038478734069059,-0.03736668136636998,0.9675754894738651,0.06574708291217558,-0.0339621091272103,1.3026256522181605
individual_OZ,direct O/X + reconstructed O/X from Na/Cl/O,0.005,O32640-Na224-Cl224-1-allSk.dat,0,Sk_files_more,32640,224,224,448,0.9864603481624759,0.006769825918762089,0.006769825918762089,0.013539651837524178,238,0.0996176857777017,1,,,0.06621334955479864,0.015375049563668588,-0.06882567395526619,0.6815234615283357,0.4662311661101125,0.7011705202950554,-0.04210414490249582,0.9646641217751829,0.06621334955479864,-0.03779529896595375,1.157578157021808
individual_OZ,direct O/X + reconstructed O/X from Na/Cl/O,0.005,O32640-Na240-Cl240-1-allSk.dat,0,Sk_files_more,32640,240,240,480,0.9855072463768116,0.007246376811594203,0.007246376811594203,0.014492753623188406,238,0.10496093301774645,1,,,0.0664925114407516,0.01708063497544864,-0.07297270518083196,0.701740784446053,0.6046975498468599,0.720929893809304,-0.04165188379540524,0.9425822338631146,0.0664925114407516,-0.03952166185678114,1.3160328889745383
individual_OZ,direct O/X + reconstructed O/X from Na/Cl/O,0.005,O32640-Na256-Cl256-1-allSk.dat,0,Sk_files_more,32640,256,256,512,0.9845559845559846,0.007722007722007722,0.007722007722007722,0.015444015444015444,238,0.10272339904245166,1,,,0.06724934504683643,0.017765667967443298,-0.07057242855379701,0.695785013206748,0.43574058913357294,0.6591107202102732,-0.03996763041781761,0.9028203806142137,0.06724934504683643,-0.03734001850310523,1.1131884558420837
individual_OZ,direct O/X + reconstructed O/X from Na/Cl/O,0.005,O32640-Na288-Cl288-1-allSk.dat,0,main,32640,288,288,576,0.9826589595375722,0.008670520231213872,0.008670520231213872,0.017341040462427744,238,0.10250042529418295,1,,,0.06704070682578002,0.014555330146133381,-0.07441367859223331,0.7088431076241075,0.787636280438992,0.6832484361236877,-0.04926786620267084,1.0363858960322594,0.06704070682578002,-0.0423262440968645,1.4836820523128895
individual_OZ,direct O/X + reconstructed O/X from Na/Cl/O,0.005,O32640-Na320-Cl320-1-allSk.dat,0,main,32640,320,320,640,0.9807692307692307,0.009615384615384616,0.009615384615384616,0.019230769230769232,238,0.10971818713568714,1,,,0.06793089673222706,0.014285944811570838,-0.0800740078933923,0.7112489262158278,0.7758240403801909,0.7015864517880432,-0.05787556696061898,1.0680754816243903,0.06793089673222706,-0.04651918552628431,1.4822417293821264
individual_OZ,direct O/X + reconstructed O/X from Na/Cl/O,0.005,O32640-Na352-Cl352-1-allSk.dat,0,main,32640,352,352,704,0.9788867562380038,0.01055662188099808,0.01055662188099808,0.02111324376199616,238,0.095301877073843,1,,,0.06667172917434817,0.013809941297537641,-0.07374849419904733,0.6647544233528234,0.5528740414073374,0.6146940432854808,-0.04752516358825055,0.950017151886482,0.06667172917434817,-0.04238295721116612,1.1925982747264896
individual_OZ,direct O/X + reconstructed O/X from Na/Cl/O,0.005,O32640-Na384-Cl384-1-allSk.dat,0,Sk_files_more,32640,384,384,768,0.9770114942528736,0.011494252873563218,0.011494252873563218,0.022988505747126436,238,0.10744335849386487,1,,,0.06812849289726385,0.014251694539213823,-0.079354382965973,0.6175075751205492,0.5015971445913091,0.6196447100931873,-0.05362692754367656,0.8945164501396848,0.06812849289726385,-0.046034552460036376,1.1201732871981775
individual_OZ,direct O/X + reconstructed O/X from Na/Cl/O,0.005,O32640-Na416-Cl416-1-allSk.dat,0,main,32640,416,416,832,0.9751434034416826,0.0124282982791587,0.0124282982791587,0.0248565965583174,238,0.09990010825607373,1,,,0.06797142120832776,0.011335651221647824,-0.0807961657173764,0.6411691843618511,0.5462750924134526,0.6198504711319152,-0.06026005362911798,0.9605946999559397,0.06797142120832776,-0.049116000824636165,1.1767849201603358
individual_OZ,direct O/X + reconstructed O/X from Na/Cl/O,0.005,O32640-Na456-Cl456-1-allSk.dat,0,Sk_files_more,32640,456,456,912,0.9728183118741058,0.013590844062947067,0.013590844062947067,0.027181688125894134,238,0.09775703105847008,1,,,0.0672324208051104,0.011291799626950254,-0.07759539924355251,0.6168939827625305,0.641944288964285,0.5780569013100892,-0.05916444131620088,0.9213293482422167,0.0672324208051104,-0.046883724905977225,1.239419731000595
individual_OZ,direct O/X + reconstructed O/X from Na/Cl/O,0.005,O32640-Na496-Cl496-1-allSk.dat,0,main,32640,496,496,992,0.9705042816365367,0.014747859181731684,0.014747859181731684,0.029495718363463368,238,0.09964525182705913,1,,,0.06735944224962424,0.010877800067590806,-0.08106631623548247,0.5857710504613867,0.4403433590617559,0.569331442583801,-0.06119618763548683,0.8798294621092256,0.06735944224962424,-0.04963077574373782,1.0178946055843499
individual_OZ,direct O/X + reconstructed O/X from Na/Cl/O,0.005,O32640-Na512-Cl512-1-allSk.dat,0,main,32640,512,512,1024,0.9695817490494296,0.015209125475285171,0.015209125475285171,0.030418250950570342,238,0.09852041341874075,1,,,0.06713753916713289,0.0116564020609293,-0.07887570219914014,0.5615937689317387,0.6243631198610254,0.5388668752834735,-0.058252831659024056,0.820829865620499,0.06713753916713289,-0.04753122295434272,1.1745934419686317
individual_OZ,direct O/X + reconstructed O/X from Na/Cl/O,0.005,O32640-Na576-Cl576-1-allSk.dat,0,main,32640,576,576,1152,0.9659090909090909,0.017045454545454544,0.017045454545454544,0.03409090909090909,238,0.0871929172266594,1,,,0.0678955034969531,0.011104316192581572,-0.08229416227305844,0.5388063883903131,0.4445797038137497,0.5295708889670488,-0.061939955490385105,0.8138172688986742,0.0678955034969531,-0.05033882291513176,0.9787683424924307
individual_OZ,direct O/X + reconstructed O/X from Na/Cl/O,0.005,O32640-Na608-Cl608-1-allSk.dat,0,main,32640,608,608,1216,0.9640831758034026,0.017958412098298678,0.017958412098298678,0.035916824196597356,238,0.08563551151538865,1,,,0.0668170076559005,0.008640179653216586,-0.08081621449100876,0.5245637941756851,0.49379310739466703,0.5157430611187624,-0.0646689422243653,0.8176153315774851,0.0668170076559005,-0.051036163672959343,1.0139465350418908
individual_OZ,direct O/X + reconstructed O/X from Na/Cl/O,0.005,O32640-Na672-Cl672-1-allSk.dat,0,main,32640,672,672,1344,0.96045197740113,0.01977401129943503,0.01977401129943503,0.03954802259887006,238,0.08998788582605721,1,,,0.06641685158894922,0.008266164973993123,-0.08111972447267524,0.5086230382108605,0.44275823959496446,0.49336273464139097,-0.06498347853909116,0.7934159072160167,0.06641685158894922,-0.05151524595509574,0.9437511260210902
individual_OZ,direct O/X + reconstructed O/X from Na/Cl/O,0.005,O32640-Na704-Cl704-1-allSk.dat,0,main,32640,704,704,1408,0.9586466165413534,0.020676691729323307,0.020676691729323307,0.041353383458646614,238,0.09405595675692496,1,,,0.0661288240424471,0.007952247985701637,-0.07899109260063183,0.5184976205778725,0.5440506948611183,0.4768380821343297,-0.06851309166055733,0.829362780309109,0.0661288240424471,-0.050232048754874595,1.0417185462172194
individual_OZ,direct O/X + reconstructed O/X from Na/Cl/O,0.005,O32640-Na736-Cl736-1-allSk.dat,0,main,32640,736,736,1472,0.9568480300187617,0.021575984990619138,0.021575984990619138,0.043151969981238276,238,0.08092589110701527,1,,,0.06680586691926996,0.007992581283269167,-0.08076350935179642,0.514569049408357,0.5260545616663959,0.4767690744711933,-0.0702277176599973,0.8233910748789323,0.06680586691926996,-0.0514568167104941,1.021723623606171
individual_OZ,direct O/X + reconstructed O/X from Na/Cl/O,0.005,O32640-Na768-Cl768-1-allSk.dat,0,main,32640,768,768,1536,0.9550561797752809,0.02247191011235955,0.02247191011235955,0.0449438202247191,238,0.08494560132698588,1,,,0.06535286108931725,0.007234772775887784,-0.07711327371491689,0.47065811069637103,0.37493090448531674,0.4408950272344749,-0.06464371128404167,0.7298379569471978,0.06535286108931725,-0.04941156187313801,0.8307074734507397
individual_OZ,direct O/X + reconstructed O/X from Na/Cl/O,0.005,O32640-Na848-Cl848-1-allSk.dat,0,Sk_files_more,32640,848,848,1696,0.9506057781919851,0.024697110904007457,0.024697110904007457,0.049394221808014914,253,0.08925007807275416,1,,,0.06657386389314512,0.007010130466339788,-0.0818507949909686,0.4854278243306109,0.5503437848771244,0.45049853279358326,-0.07492593212195613,0.7801203363094077,0.06657386389314512,-0.05292034139387252,1.0183069634392214
individual_OZ,direct O/X + reconstructed O/X from Na/Cl/O,0.005,O32640-Na928-Cl928-1-allSk.dat,0,main,32640,928,928,1856,0.9461966604823747,0.026901669758812616,0.026901669758812616,0.05380333951762523,253,0.07823195935485572,1,,,0.06619192461441319,0.004841709017513379,-0.08097723922992682,0.45861385390583004,0.47878946764498204,0.42485769525088707,-0.0764558545359293,0.7697232049961552,0.06619192461441319,-0.053835949702430816,0.9205252422233405
individual_OZ,direct O/X + reconstructed O/X from Na/Cl/O,0.005,O32640-Na992-Cl992-1-allSk.dat,0,Sk_files_more,32640,992,992,1984,0.9426987060998152,0.02865064695009242,0.02865064695009242,0.05730129390018484,253,0.0734662967867752,1,,,0.06558505771219758,0.005093440348112484,-0.07851688904989396,0.4350515197195019,0.42151153610931824,0.3934149485807999,-0.07305098917124275,0.7123336253558776,0.06558505771219758,-0.05191821847513229,0.8357447702594691
individual_OZ,direct O/X + reconstructed O/X from Na/Cl/O,0.005,O32640-Na1056-Cl1056-1-allSk.dat,0,main,32640,1056,1056,2112,0.9392265193370166,0.03038674033149171,0.03038674033149171,0.06077348066298342,253,0.0734198899857568,1,,,0.06638404225940793,0.004154132854121626,-0.08186714735214833,0.43393971783585444,0.4690863388710548,0.39950968533064934,-0.08212207692430563,0.7302575485034569,0.06638404225940793,-0.05495139953800316,0.8858110404543067
individual_OZ,direct O/X + reconstructed O/X from Na/Cl/O,0.005,O32640-Na1144-Cl1144-1-allSk.dat,0,Sk_files_more,32640,1144,1144,2288,0.934493815849748,0.03275309207512597,0.03275309207512597,0.06550618415025194,253,0.07575357285976438,1,,,0.06592040105247714,0.0032634633077038237,-0.08120034706379994,0.4106394620374739,0.41626180200709506,0.3781977774050924,-0.08177994522163713,0.6877649920814198,0.06592040105247714,-0.055109699008483254,0.8106804217283783
individual_OZ,direct O/X + reconstructed O/X from Na/Cl/O,0.005,O32640-Na1224-Cl1224-1-allSk.dat,0,Sk_files_more,32640,1224,1224,2448,0.9302325581395349,0.03488372093023256,0.03488372093023256,0.06976744186046512,253,0.07348635071057119,1,,,0.06391683806941786,0.003136170880010967,-0.07636972133339413,0.3734537360772892,0.3844592818709777,0.3502082526102434,-0.08078736697979017,0.639566891707196,0.06391683806941786,-0.0517839401359544,0.7462902762147441
individual_OZ,direct O/X + reconstructed O/X from Na/Cl/O,0.005,O32640-Na1312-Cl1312-1-allSk.dat,0,main,32640,1312,1312,2624,0.925589836660617,0.03720508166969147,0.03720508166969147,0.07441016333938294,253,0.07967311458586851,1,,,0.06700140218555928,-0.04768375797152211,-0.08264583386816497,0.38488600332217804,0.43551765904004985,0.36692032978591493,-0.09399433988062399,0.6891569622159495,0.06700140218555928,-0.09215693817911767,0.8114208255940963
individual_OZ,direct O/X + reconstructed O/X from Na/Cl/O,0.005,O32640-Na1440-Cl1440-1-allSk.dat,0,Sk_files_more,32640,1440,1440,2880,0.918918918918919,0.04054054054054054,0.04054054054054054,0.08108108108108109,253,0.06592041294168777,1,,,0.0646673966053616,-0.046349727095653735,-0.07740614527959627,0.3531484901407766,0.3647484212582782,0.32598942974755757,-0.08499629744919285,0.6112788980906215,0.0646673966053616,-0.08750861656819622,0.7043173812024452
individual_OZ,direct O/X + reconstructed O/X from Na/Cl/O,0.005,O32640-Na1568-Cl1568-1-allSk.dat,0,main,32640,1568,1568,3136,0.9123434704830053,0.04382826475849732,0.04382826475849732,0.08765652951699464,253,0.06859278663589757,1,,,0.0631167069539676,-0.056271132817398956,-0.0731239795117641,0.3256329678637484,0.3672849654195652,0.2915366203329646,-0.08334471006767129,0.5606668689339712,0.0631167069539676,-0.09149616138034625,0.6758697595179217
individual_OZ,direct O/X + reconstructed O/X from Na/Cl/O,0.005,O32640-Na1696-Cl1696-1-allSk.dat,0,Sk_files_more,32640,1696,1696,3392,0.9058614564831261,0.04706927175843695,0.04706927175843695,0.0941385435168739,253,0.05862657682088274,1,,,0.06356238677531383,-0.05633725529612938,-0.07333664334073713,0.31162651949131265,0.3374012356631957,0.28548577018606264,-0.08740989522771066,0.5591567877792485,0.06356238677531383,-0.09169329306902532,0.6359573805018833
individual_OZ,direct O/X + reconstructed O/X from Na/Cl/O,0.005,O32640-Na1824-Cl1824-1-allSk.dat,0,main,32640,1824,1824,3648,0.8994708994708994,0.05026455026455026,0.05026455026455026,0.10052910052910052,259,0.06378047269927947,1,,,0.06382279271242852,-0.07400632777491166,-0.07397004743290733,0.3045526620845509,0.365633737519091,0.2802781451704382,-0.09512853211721958,0.5689704566156386,0.06382279271242852,-0.10463509836485373,0.6580491411465855
individual_OZ,direct O/X + reconstructed O/X from Na/Cl/O,0.005,O32640-Na1952-Cl1952-1-allSk.dat,0,Sk_files_more,32640,1952,1952,3904,0.8931698774080561,0.053415061295971976,0.053415061295971976,0.10683012259194395,259,0.05258234316987694,1,,,0.0636258675493039,-0.06617881651255353,-0.07236841892021201,0.2754110489811801,0.30565015436219056,0.25478191565279007,-0.08795684925810004,0.49731438370102843,0.0636258675493039,-0.09796768968915763,0.5707466366791756
individual_OZ,direct O/X + reconstructed O/X from Na/Cl/O,0.005,O32640-Na2088-Cl2088-1-allSk.dat,0,main,32640,2088,2088,4176,0.8865710560625815,0.056714471968709254,0.056714471968709254,0.11342894393741851,259,0.0588392519057089,1,,,0.0649078307867731,-0.07352251141796338,-0.07359752608542607,0.26607155374376623,0.3075504306090312,0.24951235361419555,-0.09421536089103368,0.4929520812681191,0.0649078307867731,-0.10402957616706587,0.5653423842880121
individual_OZ,direct O/X + reconstructed O/X from Na/Cl/O,0.005,O32640-Na2256-Cl2256-1-allSk.dat,0,Sk_files_more,32640,2256,2256,4512,0.8785529715762274,0.060723514211886306,0.060723514211886306,0.12144702842377261,259,0.04810440771378853,1,,,0.060408753176843945,-0.05421089067711335,-0.06507105209021218,0.2283007283720999,0.21678963990114927,0.21158192533090237,-0.07671642405557345,0.40045067729386763,0.060408753176843945,-0.08434507060388155,0.43673096675265044
individual_OZ,direct O/X + reconstructed O/X from Na/Cl/O,0.005,O32640-Na2424-Cl2424-1-allSk.dat,0,Sk_files_more,32640,2424,2424,4848,0.8706786171574904,0.0646606914212548,0.0646606914212548,0.1293213828425096,259,0.05265926288124903,1,,,0.06319442320408579,-0.08139089259559289,-0.06869651752127257,0.22870814259916347,0.2649200933871827,0.21686954535071953,-0.09534229768194949,0.4343188062016172,0.06319442320408579,-0.106127825464362,0.4877089373621242
individual_OZ,direct O/X + reconstructed O/X from Na/Cl/O,0.005,O32640-Na2600-Cl2600-1-allSk.dat,0,main,32640,2600,2600,5200,0.8625792811839323,0.06871035940803383,0.06871035940803383,0.13742071881606766,259,0.045143002977635606,1,,,0.06101067679460766,-0.06308847479591885,-0.062974181590927,0.20302916603626056,0.2074952432098167,0.19009431342425714,-0.08082584229120969,0.3734528518584233,0.06101067679460766,-0.08913975918552834,0.4040569829400755
individual_OZ,direct O/X + reconstructed O/X from Na/Cl/O,0.005,O32640-Na2824-Cl2824-1-allSk.dat,0,main,32640,2824,2824,5648,0.8524864187212704,0.07375679063936481,0.07375679063936481,0.14751358127872963,265,0.042838029162699534,1,,,0.059699437283098324,-0.05538214133891662,-0.05980393922552101,0.1828881045217707,0.18004475441610732,0.17163470734780367,-0.07645147011187219,0.3358590224604195,0.059699437283098324,-0.08144885866541385,0.35730616035089446
individual_OZ,direct O/X + reconstructed O/X from Na/Cl/O,0.005,O32640-Na2968-Cl2968-1-allSk.dat,0,Sk_files_more,32640,2968,2968,5936,0.8461219411032767,0.07693902944836167,0.07693902944836167,0.15387805889672335,265,0.03863264666756824,1,,,0.05905932531626787,-0.06299612353316077,-0.05706761561553982,0.17400731296631908,0.1820495179412879,0.16057916558351248,-0.07682392424192945,0.32556058971365465,0.05905932531626787,-0.08489788412665895,0.34934275721620367
individual_OZ,direct O/X + reconstructed O/X from Na/Cl/O,0.005,O32640-Na3112-Cl3112-1-allSk.dat,0,main,32640,3112,3112,6224,0.8398517908604364,0.0800741045697818,0.0800741045697818,0.1601482091395636,265,0.04964456873264717,1,,,0.05989207702339672,-0.06780157609675133,-0.05897931530859867,0.17453391500727772,0.1823430962856694,0.15971975190974408,-0.0813546280465776,0.32065679399811764,0.05989207702339672,-0.08964762803759828,0.3494699297441803
individual_OZ,direct O/X + reconstructed O/X from Na/Cl/O,0.005,O32640-Na3248-Cl3248-1-allSk.dat,0,Sk_files_more,32640,3248,3248,6496,0.8340147179067866,0.08299264104660671,0.08299264104660671,0.16598528209321342,265,0.03909313552087117,1,,,0.05873291159573625,-0.066555297565154,-0.05621870281670417,0.16026699971412423,0.1710593997822154,0.14968077584743006,-0.07807059766769205,0.30257761106951037,0.05873291159573625,-0.0868143282234117,0.32603328756299255
individual_OZ,direct O/X + reconstructed O/X from Na/Cl/O,0.005,O32640-Na3392-Cl3392-1-allSk.dat,0,main,32640,3392,3392,6784,0.827922077922078,0.08603896103896104,0.08603896103896104,0.17207792207792208,277,0.03765224148201396,1,,,0.05952268425597043,-0.06160543542128582,-0.055025770738602965,0.1499431317758082,0.15660088000249284,0.13996582107093733,-0.07556078358303243,0.2813320559149434,0.05952268425597043,-0.0824707167736236,0.3015553564258656
individual_OZ,direct O/X + reconstructed O/X from Na/Cl/O,0.005,O32640-Na3536-Cl3536-1-allSk.dat,0,Sk_files_more,32640,3536,3536,7072,0.821917808219178,0.08904109589041095,0.08904109589041095,0.1780821917808219,277,0.040845915847102135,1,,,0.06283634305716547,-0.0860671486504899,-0.059271973260516364,0.15187112130149583,0.1904940003609466,0.1457667830901673,-0.09176429600441934,0.3023885709673916,0.06283634305716547,-0.10277027867497086,0.3393129525567782
individual_OZ,direct O/X + reconstructed O/X from Na/Cl/O,0.005,O32640-Na3680-Cl3680-1-allSk.dat,0,main,32640,3680,3680,7360,0.816,0.092,0.092,0.184,277,0.03502292641442982,1,,,0.06003645824458533,-0.07441451124885039,-0.05527935289378109,0.13766954764384037,0.1689875649450856,0.13494171731186316,-0.08247896343370864,0.27640759281872845,0.06003645824458533,-0.09170741081354154,0.30529319742293737
individual_OZ,direct O/X + reconstructed O/X from Na/Cl/O,0.005,O32640-Na4136-Cl4136-1-allSk.dat,0,main,32640,4136,4136,8272,0.7978099335158388,0.10109503324208056,0.10109503324208056,0.20219006648416113,289,0.026485237496338174,1,,,0.057381317429785986,-0.04914303465673647,-0.04705399891353989,0.111144181188891,0.10937620543365878,0.10459421180295933,-0.06278491702151834,0.20512870031187833,0.057381317429785986,-0.06802157476757237,0.21724540192958394
individual_OZ,direct O/X + reconstructed O/X from Na/Cl/O,0.005,O32640-Na4392-Cl4392-1-allSk.dat,0,main,32640,4392,4392,8784,0.7879490150637312,0.10602549246813442,0.10602549246813442,0.21205098493626884,289,0.030026878365062657,1,,,0.05913410032236627,-0.05358258191828956,-0.04863817534746771,0.11011458855686555,0.11093325347365662,0.10393981321708114,-0.06767196979134935,0.20711821349470072,0.05913410032236627,-0.07228099064064103,0.21796045436062997
individual_OZ,direct O/X + reconstructed O/X from Na/Cl/O,0.005,O32640-Na4648-Cl4648-1-allSk.dat,0,main,32640,4648,4648,9296,0.7783288821060664,0.11083555894696681,0.11083555894696681,0.22167111789393362,289,0.03268730711990683,1,,,0.06062063053602479,-0.054744811002732006,-0.04853450507168385,0.10347454220557284,0.10596757136953593,0.09775504709104742,-0.06920452238607465,0.19747995578101743,0.06062063053602479,-0.07302950475252826,0.20658236601784608
individual_OZ,direct O/X + reconstructed O/X from Na/Cl/O,0.01,O32640-Na72-Cl72-1-allSk.dat,0,main,32640,72,72,144,0.9956076134699854,0.0021961932650073207,0.0021961932650073207,0.004392386530014641,473,0.0939485433343801,1,,,0.06379661853915186,0.020644982880432417,-0.05675398851719976,0.9118710590021514,0.43644467053319325,0.9133554312087763,-0.025366415068113792,1.0234370628957998,0.06379661853915186,-0.025532922747661457,1.349057915638657
individual_OZ,direct O/X + reconstructed O/X from Na/Cl/O,0.01,O32640-Na88-Cl88-1-allSk.dat,0,main,32640,88,88,176,0.9946367625548513,0.002681618722574354,0.002681618722574354,0.005363237445148708,473,0.09820099885599026,1,,,0.06429064125092106,0.02189630627033513,-0.059287068881294154,0.9423944472557212,0.7667856015424739,0.9092097149485547,-0.02628061663338634,1.0735749420469978,0.06429064125092106,-0.026439261795945548,1.6925876826446118
individual_OZ,direct O/X + reconstructed O/X from Na/Cl/O,0.01,O32640-Na104-Cl104-1-allSk.dat,0,main,32640,104,104,208,0.9936678032148076,0.0031660983925962008,0.0031660983925962008,0.0063321967851924016,473,0.0867187167116857,1,,,0.06509625045421243,0.02132133596769828,-0.0628286153816761,0.884427152937599,0.4145468725938087,0.8754334626421623,-0.02913052267674161,1.0271839162953458,0.06509625045421243,-0.02935007874222851,1.2944771803836892
individual_OZ,direct O/X + reconstructed O/X from Na/Cl/O,0.01,O32640-Na120-Cl120-1-allSk.dat,0,main,32640,120,120,240,0.9927007299270073,0.0036496350364963502,0.0036496350364963502,0.0072992700729927005,473,0.08377578339219022,1,,,0.06563740338616124,0.024262389625306312,-0.07008520266569394,0.8572311191310349,0.5789454613675602,0.8699743476560521,-0.032158021952258906,0.978947562163121,0.06563740338616124,-0.03240162183390145,1.4425481947611036
individual_OZ,direct O/X + reconstructed O/X from Na/Cl/O,0.01,O32640-Na136-Cl136-1-allSk.dat,0,main,32640,136,136,272,0.9917355371900827,0.004132231404958678,0.004132231404958678,0.008264462809917356,473,0.08877969065574959,1,,,0.06631980127108773,0.023883071271814223,-0.06958107872935607,0.8735017998844412,0.5354936596448098,0.8473398207105406,-0.03202739470783695,1.0092790263180713,0.06631980127108773,-0.03231337095994126,1.3959144699423005
individual_OZ,direct O/X + reconstructed O/X from Na/Cl/O,0.01,O32640-Na160-Cl160-1-allSk.dat,0,main,32640,160,160,320,0.9902912621359223,0.0048543689320388345,0.0048543689320388345,0.009708737864077669,473,0.0865621780240264,1,,,0.06675095708097564,0.022545080521714493,-0.07577799653155058,0.8213660688614981,0.5692688427161327,0.8502403856740655,-0.037610315721140264,0.9886751538842651,0.06675095708097564,-0.03764135589288903,1.4050720699839143
individual_OZ,direct O/X + reconstructed O/X from Na/Cl/O,0.01,O32640-Na176-Cl176-1-allSk.dat,0,main,32640,176,176,352,0.9893307468477207,0.00533462657613967,0.00533462657613967,0.01066925315227934,473,0.0877339096890975,1,,,0.06782731127360368,0.023914667836351936,-0.07949346986854237,0.8322761033881001,0.5574974331374722,0.8536799158065722,-0.039462305515876824,1.0013504069670491,0.06782731127360368,-0.03930014780718653,1.4004754427348085
individual_OZ,direct O/X + reconstructed O/X from Na/Cl/O,0.01,O32640-Na192-Cl192-1-allSk.dat,0,main,32640,192,192,384,0.9883720930232558,0.005813953488372093,0.005813953488372093,0.011627906976744186,473,0.08356529352106229,1,,,0.06741313119835628,0.024056902754935564,-0.07835049122239783,0.8029608258725853,0.6319235197728912,0.8024777902680478,-0.03830141252745673,0.9483402288067246,0.06741313119835628,-0.03839136458029431,1.4346428278432077
individual_OZ,direct O/X + reconstructed O/X from Na/Cl/O,0.01,O32640-Na224-Cl224-1-allSk.dat,0,Sk_files_more,32640,224,224,448,0.9864603481624759,0.006769825918762089,0.006769825918762089,0.013539651837524178,473,0.0863944434828196,1,,,0.06858791299267723,0.02409966310000345,-0.08377271582846799,0.8022079646572313,0.510183289982635,0.7930212784688132,-0.0426128123233044,0.9710888481609112,0.06858791299267723,-0.04219522023839969,1.307797911545657
individual_OZ,direct O/X + reconstructed O/X from Na/Cl/O,0.01,O32640-Na240-Cl240-1-allSk.dat,0,Sk_files_more,32640,240,240,480,0.9855072463768116,0.007246376811594203,0.007246376811594203,0.014492753623188406,473,0.08921163088167207,1,,,0.06929131921699794,0.02480641532571124,-0.08749417205993242,0.8030088435495026,0.668371342393498,0.8035335305628055,-0.0448418128156965,0.9682816248903742,0.06929131921699794,-0.04432693788414045,1.4716425294496522
individual_OZ,direct O/X + reconstructed O/X from Na/Cl/O,0.01,O32640-Na256-Cl256-1-allSk.dat,0,Sk_files_more,32640,256,256,512,0.9845559845559846,0.007722007722007722,0.007722007722007722,0.015444015444015444,473,0.08852253184974344,1,,,0.06938547103972244,0.025450993716247677,-0.08719488488257968,0.7919433549082673,0.4741428434110103,0.7684542131088804,-0.043816370261158026,0.9331469460961443,0.06938547103972244,-0.04365952414055753,1.254341627419584
individual_OZ,direct O/X + reconstructed O/X from Na/Cl/O,0.01,O32640-Na288-Cl288-1-allSk.dat,0,main,32640,288,288,576,0.9826589595375722,0.008670520231213872,0.008670520231213872,0.017341040462427744,473,0.08808409376284934,1,,,0.07002251273604748,0.024440359422500856,-0.08969979537091723,0.7863637234953573,0.8532673458497712,0.7537951774734349,-0.04755495652515273,0.9760694538391723,0.07002251273604748,-0.046145389695534375,1.6233467963341672
individual_OZ,direct O/X + reconstructed O/X from Na/Cl/O,0.01,O32640-Na320-Cl320-1-allSk.dat,0,main,32640,320,320,640,0.9807692307692307,0.009615384615384616,0.009615384615384616,0.019230769230769232,479,0.09205262289530793,1,,,0.07109997120263205,0.024418106171423305,-0.09573902917693244,0.793086681490057,0.8603076573294258,0.7635096143715879,-0.05208103751154136,0.9962515478650231,0.07109997120263205,-0.05043150829767916,1.6386058052602483
individual_OZ,direct O/X + reconstructed O/X from Na/Cl/O,0.01,O32640-Na352-Cl352-1-allSk.dat,0,main,32640,352,352,704,0.9788867562380038,0.01055662188099808,0.01055662188099808,0.02111324376199616,479,0.08575883634153053,1,,,0.07087752230598152,0.02477069127042308,-0.09516062648467664,0.7579949277252257,0.6477393253507896,0.722121524499863,-0.051388742022001666,0.9389141790940236,0.07087752230598152,-0.04977320051728045,1.387797551463334
individual_OZ,direct O/X + reconstructed O/X from Na/Cl/O,0.01,O32640-Na384-Cl384-1-allSk.dat,0,Sk_files_more,32640,384,384,768,0.9770114942528736,0.011494252873563218,0.011494252873563218,0.022988505747126436,479,0.09125776137879361,1,,,0.0722684058633675,0.026271119198950633,-0.09895123473319008,0.7299640775095281,0.5615710709302559,0.7098098126965089,-0.053574667561219445,0.8961528056749668,0.0722684058633675,-0.051392602551682445,1.2814580160332745
individual_OZ,direct O/X + reconstructed O/X from Na/Cl/O,0.01,O32640-Na416-Cl416-1-allSk.dat,0,main,32640,416,416,832,0.9751434034416826,0.0124282982791587,0.0124282982791587,0.0248565965583174,479,0.08804658136128332,1,,,0.07355405541458922,0.023814444611418288,-0.10353966966082091,0.7604684276647634,0.6310298539301343,0.72397759946049,-0.06032230511408254,0.9795200749139108,0.07355405541458922,-0.05637424726405621,1.373252867492761
individual_OZ,direct O/X + reconstructed O/X from Na/Cl/O,0.01,O32640-Na456-Cl456-1-allSk.dat,0,Sk_files_more,32640,456,456,912,0.9728183118741058,0.013590844062947067,0.013590844062947067,0.027181688125894134,479,0.08649895948625703,1,,,0.07243197805954839,0.023265400713587618,-0.10098915938758674,0.7228151289855808,0.7765764039930807,0.6751557766618352,-0.059195765202120165,0.9242383370196312,0.07243197805954839,-0.05495899681769152,1.4755618568167888
individual_OZ,direct O/X + reconstructed O/X from Na/Cl/O,0.01,O32640-Na496-Cl496-1-allSk.dat,0,main,32640,496,496,992,0.9705042816365367,0.014747859181731684,0.014747859181731684,0.029495718363463368,479,0.08780606844935633,1,,,0.07324125132917268,0.02311895823381358,-0.10424209018612993,0.6924733296411745,0.5156977679266392,0.6662144083310457,-0.0625929645998542,0.9045794006879742,0.07324125132917268,-0.05736271671457398,1.1950416369127494
individual_OZ,direct O/X + reconstructed O/X from Na/Cl/O,0.01,O32640-Na512-Cl512-1-allSk.dat,0,main,32640,512,512,1024,0.9695817490494296,0.015209125475285171,0.015209125475285171,0.030418250950570342,479,0.08850064906834948,1,,,0.07377778020679406,0.024913288047981652,-0.10445606765429573,0.6858056463174649,0.7540264066202883,0.6522780821388962,-0.06057655104196988,0.8616514488628794,0.07377778020679406,-0.05624523885405171,1.4230682708484688
individual_OZ,direct O/X + reconstructed O/X from Na/Cl/O,0.01,O32640-Na576-Cl576-1-allSk.dat,0,main,32640,576,576,1152,0.9659090909090909,0.017045454545454544,0.017045454545454544,0.03409090909090909,479,0.08285232225365885,1,,,0.07503027112569906,0.025787368922019147,-0.10914644610900326,0.6581304012921689,0.5197140700841384,0.6344589533157556,-0.06311190644365425,0.8289124680948005,0.07503027112569906,-0.058943768752369306,1.1660087473881007
individual_OZ,direct O/X + reconstructed O/X from Na/Cl/O,0.01,O32640-Na608-Cl608-1-allSk.dat,0,main,32640,608,608,1216,0.9640831758034026,0.017958412098298678,0.017958412098298678,0.035916824196597356,479,0.08143672511816175,1,,,0.07443505297573354,0.0214686353773909,-0.10792949706609875,0.6606749020527611,0.5965345169284569,0.6220022189456588,-0.06741470295806747,0.8709957460402595,0.07443505297573354,-0.061137061607317494,1.237873077427667
individual_OZ,direct O/X + reconstructed O/X from Na/Cl/O,0.01,O32640-Na672-Cl672-1-allSk.dat,0,main,32640,672,672,1344,0.96045197740113,0.01977401129943503,0.01977401129943503,0.03954802259887006,479,0.08509380809532455,1,,,0.07473715188828016,0.022541022937763992,-0.10857881765219206,0.6186366660560163,0.5174027046836908,0.5919518889528954,-0.06813281068505347,0.8155272463927652,0.07473715188828016,-0.060837908080908186,1.1226969821881467
individual_OZ,direct O/X + reconstructed O/X from Na/Cl/O,0.01,O32640-Na704-Cl704-1-allSk.dat,0,main,32640,704,704,1408,0.9586466165413534,0.020676691729323307,0.020676691729323307,0.041353383458646614,479,0.08465637961357078,1,,,0.07469155390678234,0.02328382296531326,-0.10694591577969385,0.6239558754168185,0.648448347334426,0.5705223576616598,-0.06723433580630025,0.8225838893333621,0.07469155390678234,-0.05915803315730686,1.2456874638736652
individual_OZ,direct O/X + reconstructed O/X from Na/Cl/O,0.01,O32640-Na736-Cl736-1-allSk.dat,0,main,32640,736,736,1472,0.9568480300187617,0.021575984990619138,0.021575984990619138,0.043151969981238276,479,0.07861244625729572,1,,,0.0746242224635253,0.02385321449315103,-0.10787390834703507,0.6140302865993544,0.6598387995339836,0.5585719337425105,-0.06681882500512244,0.8053075127710934,0.0746242224635253,-0.059411602384080275,1.2461399097049162
individual_OZ,direct O/X + reconstructed O/X from Na/Cl/O,0.01,O32640-Na768-Cl768-1-allSk.dat,0,main,32640,768,768,1536,0.9550561797752809,0.02247191011235955,0.02247191011235955,0.0449438202247191,479,0.08174139370761907,1,,,0.07479912858496947,0.022721637704712493,-0.10887542581334463,0.5942676527363218,0.45232511457100144,0.5518642749340709,-0.06875845025058601,0.7794072737775324,0.07479912858496947,-0.06091992779652272,1.0253910784061977
individual_OZ,direct O/X + reconstructed O/X from Na/Cl/O,0.01,O32640-Na848-Cl848-1-allSk.dat,0,Sk_files_more,32640,848,848,1696,0.9506057781919851,0.024697110904007457,0.024697110904007457,0.049394221808014914,479,0.0845999836753797,1,,,0.07559871880313992,0.021719321899142843,-0.11078509940067927,0.5848203287286344,0.6574894646772346,0.538198105991447,-0.07262393201463642,0.7842101320081784,0.07559871880313992,-0.06297901524298864,1.2189986820372751
individual_OZ,direct O/X + reconstructed O/X from Na/Cl/O,0.01,O32640-Na928-Cl928-1-allSk.dat,0,main,32640,928,928,1856,0.9461966604823747,0.026901669758812616,0.026901669758812616,0.05380333951762523,479,0.07921569609986315,1,,,0.07573242947723133,0.02140809635441993,-0.10972903997199338,0.5558091379982002,0.5795060419472214,0.5064610185651512,-0.07721300565660863,0.7747052219396284,0.07573242947723133,-0.06245233815278091,1.1106411202288973
individual_OZ,direct O/X + reconstructed O/X from Na/Cl/O,0.01,O32640-Na992-Cl992-1-allSk.dat,0,Sk_files_more,32640,992,992,1984,0.9426987060998152,0.02865064695009242,0.02865064695009242,0.05730129390018484,479,0.0762224378975806,1,,,0.07574911923040767,0.021182485417284916,-0.10858253274194762,0.5318857104172157,0.513381644975549,0.48156242779465663,-0.0733244765032816,0.7144068829326397,0.07574911923040767,-0.06180116613929417,1.020105714081485
individual_OZ,direct O/X + reconstructed O/X from Na/Cl/O,0.01,O32640-Na1056-Cl1056-1-allSk.dat,0,main,32640,1056,1056,2112,0.9392265193370166,0.03038674033149171,0.03038674033149171,0.06077348066298342,479,0.07626518924454495,1,,,0.0761286045388604,0.020132722584850292,-0.11016970545206421,0.5296597520369627,0.5943899057569793,0.4767661577419364,-0.07977458467948413,0.742448542753406,0.0761286045388604,-0.06366576114298397,1.0976028606464288
individual_OZ,direct O/X + reconstructed O/X from Na/Cl/O,0.01,O32640-Na1144-Cl1144-1-allSk.dat,0,Sk_files_more,32640,1144,1144,2288,0.934493815849748,0.03275309207512597,0.03275309207512597,0.06550618415025194,479,0.07740100976171171,1,,,0.07642168697627313,0.019771201926418736,-0.11035145953152417,0.5101728896279513,0.5165793202370879,0.4540173075904059,-0.08031998171265668,0.6994357275763279,0.07642168697627313,-0.0640499143941944,0.9986744188462664
individual_OZ,direct O/X + reconstructed O/X from Na/Cl/O,0.01,O32640-Na1224-Cl1224-1-allSk.dat,0,Sk_files_more,32640,1224,1224,2448,0.9302325581395349,0.03488372093023256,0.03488372093023256,0.06976744186046512,479,0.07472372757058687,1,,,0.07564097643232293,0.020097109672044255,-0.10735223885172278,0.4791149807257925,0.4773370674210149,0.4279088097771709,-0.07848912349063557,0.6589393630334162,0.07564097643232293,-0.06169869353625888,0.9308489626724966
individual_OZ,direct O/X + reconstructed O/X from Na/Cl/O,0.01,O32640-Na1312-Cl1312-1-allSk.dat,0,main,32640,1312,1312,2624,0.925589836660617,0.03720508166969147,0.03720508166969147,0.07441016333938294,485,0.07981170134903255,1,,,0.0768985295235381,0.019090299470795453,-0.10990464214052649,0.470453226747345,0.5578582178228626,0.4251704092348046,-0.08702246632540268,0.6830571836933086,0.0768985295235381,-0.06421543753076565,1.0056700358139374
individual_OZ,direct O/X + reconstructed O/X from Na/Cl/O,0.01,O32640-Na1440-Cl1440-1-allSk.dat,0,Sk_files_more,32640,1440,1440,2880,0.918918918918919,0.04054054054054054,0.04054054054054054,0.08108108108108109,485,0.06950533554991986,1,,,0.07537526398106102,0.01758543021299257,-0.10558756436176925,0.4285771875848109,0.48114238059160286,0.38851796207745504,-0.08363285432015556,0.6233158646641479,0.07537526398106102,-0.06222690581548823,0.8896899554227358
individual_OZ,direct O/X + reconstructed O/X from Na/Cl/O,0.01,O32640-Na1568-Cl1568-1-allSk.dat,0,main,32640,1568,1568,3136,0.9123434704830053,0.04382826475849732,0.04382826475849732,0.08765652951699464,485,0.07286471825103821,1,,,0.07632764860325014,0.01812770623515607,-0.10548401415241139,0.4126305766613816,0.5173599361099812,0.36601325395925766,-0.08373221557698797,0.5803203484856623,0.07632764860325014,-0.06177023770771134,0.9066818514203008
individual_OZ,direct O/X + reconstructed O/X from Na/Cl/O,0.01,O32640-Na1696-Cl1696-1-allSk.dat,0,Sk_files_more,32640,1696,1696,3392,0.9058614564831261,0.04706927175843695,0.04706927175843695,0.0941385435168739,485,0.06595845187901447,1,,,0.0741112168899423,0.0174409618444956,-0.09943025140049506,0.38455713925433166,0.44009542512042243,0.3327002663745687,-0.08256830077610962,0.5569075050373775,0.0741112168899423,-0.0579751826297146,0.7987241279348726
individual_OZ,direct O/X + reconstructed O/X from Na/Cl/O,0.01,O32640-Na1824-Cl1824-1-allSk.dat,0,main,32640,1824,1824,3648,0.8994708994708994,0.05026455026455026,0.05026455026455026,0.10052910052910052,488,0.06832792253984515,1,,,0.07405466496631812,0.015509955331592594,-0.09894761552297825,0.3722458656841252,0.4812983132892868,0.3218111026755458,-0.08926603121037853,0.5546700587771378,0.07405466496631812,-0.05899933532766764,0.8283267974691223
individual_OZ,direct O/X + reconstructed O/X from Na/Cl/O,0.01,O32640-Na1952-Cl1952-1-allSk.dat,0,Sk_files_more,32640,1952,1952,3904,0.8931698774080561,0.053415061295971976,0.053415061295971976,0.10683012259194395,488,0.06182189126535556,1,,,0.07388716469925796,0.015611844282390859,-0.09753345501337589,0.3350146653145908,0.41197790951194135,0.3020601928642266,-0.08549119840052496,0.49999573873413233,0.07388716469925796,-0.057927326473604164,0.7305153386013501
individual_OZ,direct O/X + reconstructed O/X from Na/Cl/O,0.01,O32640-Na2088-Cl2088-1-allSk.dat,0,main,32640,2088,2088,4176,0.8865710560625815,0.056714471968709254,0.056714471968709254,0.11342894393741851,488,0.0628412422391151,1,,,0.07289290115894394,0.01466671010723772,-0.09257058258436493,0.321341216361094,0.4105074107470667,0.27625347060026767,-0.08705186932781873,0.47846823551895556,0.07289290115894394,-0.05508635650926869,0.7093047542277475
individual_OZ,direct O/X + reconstructed O/X from Na/Cl/O,0.01,O32640-Na2256-Cl2256-1-allSk.dat,0,Sk_files_more,32640,2256,2256,4512,0.8785529715762274,0.060723514211886306,0.060723514211886306,0.12144702842377261,488,0.056858547074160666,1,,,0.07088951989676479,0.013356556403285353,-0.08784264619341281,0.301223301934363,0.2939256216968872,0.25206197740197533,-0.07930844373186793,0.43061053650263137,0.07088951989676479,-0.052669619194669184,0.5705682613650563
individual_OZ,direct O/X + reconstructed O/X from Na/Cl/O,0.01,O32640-Na2424-Cl2424-1-allSk.dat,0,Sk_files_more,32640,2424,2424,4848,0.8706786171574904,0.0646606914212548,0.0646606914212548,0.1293213828425096,488,0.05651770623960663,1,,,0.07097463575904935,0.011679208810430407,-0.08649301350254257,0.2810168094394407,0.3573533563766889,0.24097206524005677,-0.0872900514586006,0.43001812167552333,0.07097463575904935,-0.05290134862415846,0.6183477937164377
individual_OZ,direct O/X + reconstructed O/X from Na/Cl/O,0.01,O32640-Na2600-Cl2600-1-allSk.dat,0,main,32640,2600,2600,5200,0.8625792811839323,0.06871035940803383,0.06871035940803383,0.13742071881606766,488,0.05211705247095068,1,,,0.07015128833378544,0.011297800961282273,-0.0825362528270263,0.25264182981560435,0.2799782102314845,0.22100444902366495,-0.08165478751966304,0.3794984701558694,0.07015128833378544,-0.05037319239549907,0.5168013496511191
individual_OZ,direct O/X + reconstructed O/X from Na/Cl/O,0.01,O32640-Na2824-Cl2824-1-allSk.dat,0,main,32640,2824,2824,5648,0.8524864187212704,0.07375679063936481,0.07375679063936481,0.14751358127872963,488,0.0495211907511526,1,,,0.06803991947283666,0.010007135515634867,-0.07707802373767969,0.23460140471947455,0.23691350149624898,0.19762727670645627,-0.07721121214219015,0.3488874928645442,0.06803991947283666,-0.04742627988201284,0.45302784220921444
individual_OZ,direct O/X + reconstructed O/X from Na/Cl/O,0.01,O32640-Na2968-Cl2968-1-allSk.dat,0,Sk_files_more,32640,2968,2968,5936,0.8461219411032767,0.07693902944836167,0.07693902944836167,0.15387805889672335,488,0.04624424581946305,1,,,0.06694713750478312,0.00860128923451178,-0.07335026949348218,0.21796189858982684,0.24569636924922106,0.18351104967931597,-0.07923176057134296,0.3353805127191302,0.06694713750478312,-0.04578444301603187,0.44643284338379247
individual_OZ,direct O/X + reconstructed O/X from Na/Cl/O,0.01,O32640-Na3112-Cl3112-1-allSk.dat,0,main,32640,3112,3112,6224,0.8398517908604364,0.0800741045697818,0.0800741045697818,0.1601482091395636,488,0.050403849850512134,1,,,0.06590795502009754,0.00823423732989958,-0.07094641244059981,0.21016852972598166,0.2455849143294759,0.17249310937571752,-0.07885849746832192,0.32265252031254804,0.06590795502009754,-0.04434420428373436,0.43691573388032545
individual_OZ,direct O/X + reconstructed O/X from Na/Cl/O,0.01,O32640-Na3248-Cl3248-1-allSk.dat,0,Sk_files_more,32640,3248,3248,6496,0.8340147179067866,0.08299264104660671,0.08299264104660671,0.16598528209321342,488,0.04293748659946115,1,,,0.06444245296998377,0.007685774544437239,-0.066335410508713,0.19255558682005683,0.2338456883363197,0.15950878155857587,-0.07794539934490272,0.3038199405232708,0.06444245296998377,-0.04147155530446181,0.409877872525636
individual_OZ,direct O/X + reconstructed O/X from Na/Cl/O,0.01,O32640-Na3392-Cl3392-1-allSk.dat,0,main,32640,3392,3392,6784,0.827922077922078,0.08603896103896104,0.08603896103896104,0.17207792207792208,488,0.04173813261011698,1,,,0.06491732773487603,0.006442721359076232,-0.0664427277244975,0.18432444536131393,0.2081322900083563,0.15506944120927998,-0.07672046288180316,0.2886649747673158,0.06491732773487603,-0.042426411372225394,0.37782923329365325
individual_OZ,direct O/X + reconstructed O/X from Na/Cl/O,0.01,O32640-Na3536-Cl3536-1-allSk.dat,0,Sk_files_more,32640,3536,3536,7072,0.821917808219178,0.08904109589041095,0.08904109589041095,0.1780821917808219,488,0.043437259240144424,1,,,0.06499450852048623,0.006168040333190336,-0.06457010000944899,0.18080334455634356,0.24575340791482872,0.14694390124794596,-0.0832522292980131,0.29108314575161437,0.06499450852048623,-0.04129649243234392,0.4096270308169735
individual_OZ,direct O/X + reconstructed O/X from Na/Cl/O,0.01,O32640-Na3680-Cl3680-1-allSk.dat,0,main,32640,3680,3680,7360,0.816,0.092,0.092,0.184,488,0.039323607527961366,1,,,0.06325564865251089,-0.07133340591883083,-0.06100047482079869,0.16577756741525013,0.2166752014360253,0.13659528958546502,-0.07597993151186347,0.2654578434324327,0.06325564865251089,-0.09357418445172389,0.3678616299363829
individual_OZ,direct O/X + reconstructed O/X from Na/Cl/O,0.01,O32640-Na4136-Cl4136-1-allSk.dat,0,main,32640,4136,4136,8272,0.7978099335158388,0.10109503324208056,0.10109503324208056,0.20219006648416113,492,0.03280203876105473,1,,,0.060629183847333,-0.05084440729571972,-0.0545416170967833,0.14336486810961568,0.14468865406468545,0.11447463107713414,-0.06497269531645045,0.21996377838559147,0.060629183847333,-0.0745191724902298,0.2736084036580604
individual_OZ,direct O/X + reconstructed O/X from Na/Cl/O,0.01,O32640-Na4392-Cl4392-1-allSk.dat,0,main,32640,4392,4392,8784,0.7879490150637312,0.10602549246813442,0.10602549246813442,0.21205098493626884,492,0.03351368401781843,1,,,0.06119261251061479,-0.058992849001372895,-0.05300915411531169,0.1315090796014292,0.14346573119295078,0.10837665564095154,-0.06904407218920194,0.2131585204032635,0.06119261251061479,-0.0791973759102845,0.26340859881414114
individual_OZ,direct O/X + reconstructed O/X from Na/Cl/O,0.01,O32640-Na4648-Cl4648-1-allSk.dat,0,main,32640,4648,4648,9296,0.7783288821060664,0.11083555894696681,0.11083555894696681,0.22167111789393362,492,0.033570507414793664,1,,,0.06214777116584856,-0.06461043257759794,-0.05192666758883359,0.12667381275949177,0.13256613126906672,0.10086747711017142,-0.06962461719355667,0.2038132543154952,0.06214777116584856,-0.08240417378749967,0.24633677620389832
