system,solute_cation,tag,x_LiCl,split,k2cut_cycles2_per_A2,k_max_cycles_per_A,n_Li,n_Cl,n_Na,box_L,n_fit_points,fit_converged,fit_status,fit_nfev,fit_cost,fit_rmse,n_starts,n_starts_converged,best_start_factor,n_basins,selection_rule,alt_S0_NN,alt_cost,kappa_calculated,kappa_used,S0_LiLi,S0_LiCl,S0_LiNa,S0_ClCl,S0_ClNa,S0_NaNa,S0_NN,S0_ZZ,x_MgCl2,n_Mg,S0_MgMg,S0_MgCl,S0_MgNa
LiCl-NaCl,Li,li160,0.05,0,0.02,0.1414213562373095,160,3200,3040,58.23133182188903,364,1,2,30,524.4866217199543,0.8266646251400449,4,4,0.5,1,lowest-cost,,,7.531104378638589,5.04338109674377,0.9466024134838464,0.0515944525141021,-0.1642306960058873,0.054727750154071,0.0443129077292292,0.0831411896963998,0.109455500308142,8.802744414017071e-18,,,,,
LiCl-NaCl,Li,li160,0.05,1,0.02,0.1414213562373095,160,3200,3040,58.21805745136067,364,1,2,56,577.6000182375183,0.8813960958127565,4,4,0.3,1,lowest-cost,,,7.533680289948036,4.634640753354817,0.948071060787286,0.0530112635896158,-0.1631140093123313,0.0542638726834197,0.043511940733676,0.082063229400922,0.1085277453668394,9.689479519730752e-18,,,,,
LiCl-NaCl,Li,li160,0.05,2,0.02,0.1414213562373095,160,3200,3040,58.244901785861714,364,1,2,35,595.6379977427439,0.8781975644386671,4,4,0.3,1,lowest-cost,,,7.528472623946451,5.121943076807659,0.9037146710458897,0.0497227232184926,-0.1563119268386907,0.0548532704718378,0.0448710930079641,0.0818971854689905,0.1097065409436756,6.33778844544759e-18,,,,,
LiCl-NaCl,Li,li160,0.05,3,0.02,0.1414213562373095,160,3200,3040,58.22789639284036,364,1,2,57,586.2633513714388,0.8745432535838106,4,4,0.75,1,lowest-cost,,,7.531770887940023,5.1201667100686885,0.8864457887110643,0.047024068213255,-0.1551189351398424,0.0545375977132862,0.0451663335098372,0.0819264047664783,0.1090751954265726,-8.145058976456349e-18,,,,,
LiCl-NaCl,Li,li160,0.05,4,0.02,0.1414213562373095,160,3200,3040,58.235064097658366,364,1,2,46,585.3743322218908,0.8766901023364729,4,4,0.5,1,lowest-cost,,,7.530380389360197,4.67951331969146,0.8891253782659071,0.0497481580386584,-0.1529388179540393,0.0531845113159893,0.0431531470912855,0.0793607658982275,0.1063690226319787,-1.3446380374563745e-18,,,,,
LiCl-NaCl,Li,li320,0.1,0,0.02,0.1414213562373095,320,3200,2880,58.02987134561754,364,1,2,93,547.0701664743632,0.8367633311034841,4,4,0.3,1,lowest-cost,,,7.5703566438926355,4.608536268722288,0.8913348601433044,0.0745362353575706,-0.2185435293996687,0.0574291753429012,0.0356902542903929,0.1104686744093017,0.1148583506858023,-3.3520556702732686e-16,,,,,
LiCl-NaCl,Li,li320,0.1,1,0.02,0.1414213562373095,320,3200,2880,58.042147214990045,364,1,2,45,618.8005772311321,0.8946815577341677,4,4,1.0,1,lowest-cost,,,7.567955083998225,4.562974737309657,0.8692875272104459,0.0707263894860261,-0.2152103485848329,0.0562055035026816,0.0356703395397062,0.1093366221471114,0.1124110070053275,-1.006914867897555e-13,,,,,
LiCl-NaCl,Li,li320,0.1,2,0.02,0.1414213562373095,320,3200,2880,58.01680259074246,364,1,2,37,620.8114649096058,0.8926022631339492,4,4,0.5,1,lowest-cost,,,7.572914714196941,5.4238753087856475,0.8846795410483752,0.0731289450093013,-0.2178085039779265,0.0562626852593347,0.0349297625624592,0.1094220372680591,0.1125253705186695,-6.998478226846403e-18,,,,,
LiCl-NaCl,Li,li320,0.1,3,0.02,0.1414213562373095,320,3200,2880,58.031268603442086,364,1,2,108,613.950855271879,0.9007764978594378,4,4,0.5,1,lowest-cost,,,7.57008323069736,4.854517365348687,0.8343952125223959,0.0692015806845233,-0.2051868666251292,0.0569771892154,0.0369920373035076,0.1073886532647088,0.1139543784307999,3.221406377031153e-17,,,,,
LiCl-NaCl,Li,li320,0.1,4,0.02,0.1414213562373095,320,3200,2880,58.0312783748312,364,1,2,25,627.6049120682767,0.899018471075022,4,4,1.0,1,lowest-cost,,,7.570081318705386,4.652179427833524,0.8949757175968733,0.0763859010158699,-0.2178074297541848,0.0572347753359712,0.034868783471276,0.1093574015875498,0.1144695506719425,-3.1646310253500498e-18,,,,,
LiCl-NaCl,Li,li480,0.15,0,0.02,0.1414213562373095,480,3200,2720,57.83415285511007,361,1,2,439,529.7599966549977,0.8428748619525591,4,4,0.5,1,lowest-cost,,,7.608817783073333,5.54787147321514,0.8564406277131991,0.0873348738553403,-0.2650490553969041,0.0584302979154451,0.0266885710361704,0.1402906937358273,0.1168605958308902,7.705206306531418e-18,,,,,
LiCl-NaCl,Li,li480,0.15,1,0.02,0.1414213562373095,480,3200,2720,57.82173780995633,361,1,2,48,607.3987151576014,0.8998769862840115,4,4,1.0,1,lowest-cost,,,7.61126847610969,5.912717488910746,0.8015554657495737,0.0811703211648897,-0.2486790718219426,0.0569112623096768,0.0276305756969734,0.1344356726547386,0.1138225246193537,1.2519610574004198e-17,,,,,
LiCl-NaCl,Li,li480,0.15,2,0.02,0.1414213562373095,480,3200,2720,57.837499710409894,361,1,2,30,604.050703140927,0.9085451343740956,4,4,0.5,1,lowest-cost,,,7.608157348826219,5.322846583645263,0.8132546140918354,0.0835131302989875,-0.2510525638588622,0.0583663734581354,0.0282246886436873,0.1360771447110411,0.1167327469162708,9.22864076955894e-18,,,,,
LiCl-NaCl,Li,li480,0.15,3,0.02,0.1414213562373095,480,3200,2720,57.83483959017603,361,1,2,48,619.091430216492,0.9126938268272428,4,4,0.75,1,lowest-cost,,,7.608682261997078,4.9389240885908166,0.8084283275876222,0.0875979837652903,-0.2445944723345274,0.0577819949829957,0.0258748595064193,0.1308154560756183,0.1155639899659915,-2.3121531272596066e-17,,,,,
LiCl-NaCl,Li,li480,0.15,4,0.02,0.1414213562373095,480,3200,2720,57.843556480432206,361,1,2,32,619.4758804083054,0.9160048021419532,4,4,1.0,1,lowest-cost,,,7.606962410551445,5.319190841113917,0.8413400123944537,0.0872023575855497,-0.2588492622060523,0.0588973478695403,0.02725082580602,0.1382961105799256,0.1177946957390808,-9.596075926622476e-18,,,,,
LiCl-NaCl,Li,li640,0.2,0,0.02,0.1414213562373095,640,3200,2560,57.64203885135636,361,1,2,48,518.0204606958453,0.834661850069589,4,4,1.0,1,lowest-cost,,,7.6468883762459505,5.129942218473846,0.7966510883615722,0.0961084393960107,-0.2908730423303366,0.0607524631459254,0.0198690989994146,0.1676508491723504,0.1215049262918509,-7.76789728294263e-18,,,,,
LiCl-NaCl,Li,li640,0.2,1,0.02,0.1414213562373095,640,3200,2560,57.6292494591519,361,1,2,65,523.4172724848676,0.921492946751582,4,4,0.5,1,lowest-cost,,,7.649434075209432,6.8715386493875075,0.7771243434041978,0.0920479578238428,-0.2856494262600257,0.0592738604467007,0.020246211711908,0.1654606659673523,0.1185477208934015,1.6174258615434994e-17,,,,,
LiCl-NaCl,Li,li640,0.2,2,0.02,0.1414213562373095,640,3200,2560,57.64454794952201,361,1,2,86,618.0266986770748,0.8969959477536185,4,4,0.3,1,lowest-cost,,,7.646389111731982,4.927030298077714,0.7635134588590392,0.0931033212912186,-0.2776640517604353,0.0604346690636079,0.0210163534663561,0.1623290233751855,0.1208693381272159,-8.267045095571206e-18,,,,,
LiCl-NaCl,Li,li640,0.2,3,0.02,0.1414213562373095,640,3200,2560,57.64787157249,361,1,2,174,608.9269737427775,0.9011398150655952,4,4,0.75,1,lowest-cost,,,7.645727855362645,5.620183826798251,0.7589251716745469,0.0921870343299474,-0.2763943481343388,0.0598994146644364,0.0208760643360901,0.1615373235462477,0.119798829328873,4.597956800256713e-18,,,,,
LiCl-NaCl,Li,li640,0.2,4,0.02,0.1414213562373095,640,3200,2560,57.645476973558914,361,1,2,74,623.4074225930915,0.920233973170554,4,4,0.3,1,lowest-cost,,,7.6462042667701855,6.445774427440446,0.8351218352644134,0.0994505364622317,-0.3063718376680209,0.0604475893878728,0.0178571912425233,0.1731508655867585,0.1208951787757456,-8.718798522353129e-18,,,,,
LiCl-NaCl,Li,li800,0.25,0,0.02,0.1414213562373095,800,3200,2400,57.4420915878288,352,1,2,48,532.8385955993258,0.8607095169106905,4,4,0.75,1,lowest-cost,,,7.686849599571195,5.547136870339085,0.7782169460146818,0.1053577531576581,-0.327647108975929,0.0620932957197144,0.0108708348505082,0.2017197054209691,0.1241865914394289,-1.4881833346510818e-17,,,,,
LiCl-NaCl,Li,li800,0.25,1,0.02,0.1414213562373095,800,3200,2400,57.43609372644328,352,1,2,37,568.4223300751335,0.923877822394572,4,4,1.0,1,lowest-cost,,,7.688053699441586,5.814482509030446,0.7309627620676946,0.0993361523680326,-0.3073180388274852,0.0622130320015484,0.0144856672364482,0.1941567602005859,0.1244260640030968,-9.169938709420776e-18,,,,,
LiCl-NaCl,Li,li800,0.25,2,0.02,0.1414213562373095,800,3200,2400,57.43614109555411,352,1,2,1348,601.8721229097192,0.8955413637383807,4,4,0.5,1,lowest-cost,,,7.688044188630472,7.187972853708205,0.7067718824018454,0.0949203764614039,-0.2984503267572196,0.0595353941807735,0.0139432468115879,0.1884106510931079,0.1190707883615471,-1.0962509766926948e-17,,,,,
LiCl-NaCl,Li,li800,0.25,3,0.02,0.1414213562373095,800,3200,2400,57.44943750022355,361,1,2,41,603.7691473638691,0.9191726120814384,4,4,0.3,1,lowest-cost,,,7.685375300054131,4.0183513596615095,0.767479100717462,0.1074571319565581,-0.3190234572737107,0.0622277230354192,0.0098139812296496,0.1955204883443023,0.1244554460708385,-5.678020702924595e-18,,,,,
LiCl-NaCl,Li,li800,0.25,4,0.02,0.1414213562373095,800,3200,2400,57.447844856741845,361,1,2,47,618.5498564636971,0.9300754190466068,4,4,0.75,1,lowest-cost,,,7.685694898145408,5.036100018028661,0.8356940626065543,0.1113641203507169,-0.3538959822809615,0.06217903880956,0.007502064726751,0.2129845788139756,0.1243580776191201,1.4525354486577014e-17,,,,,
LiCl-NaCl,Li,li960,0.3,0,0.02,0.1414213562373095,960,3200,2240,57.25420214745463,352,1,2,87,497.11423052809016,0.8126481473878866,4,4,1.0,1,lowest-cost,,,7.724719190250452,7.139537023294421,0.7049945963429135,0.1071235967222034,-0.3334901127879993,0.0636423856139523,0.0059383442384559,0.2254182054073597,0.1272847712279046,-5.7455942941677025e-18,,,,,
LiCl-NaCl,Li,li960,0.3,1,0.02,0.1414213562373095,960,3200,2240,57.26249948522982,352,1,2,361,603.772403550529,0.8948760274545953,4,4,0.75,1,lowest-cost,,,7.723040283032833,8.576589281368358,0.6674877458628008,0.1007460548209451,-0.3165587359821111,0.0629415512754901,0.0092757682024746,0.2183230020345183,0.1258831025509803,-1.4334311596602118e-17,,,,,
LiCl-NaCl,Li,li960,0.3,2,0.02,0.1414213562373095,960,3200,2240,57.25724283441502,352,1,2,75,619.2549437434786,0.9141091859072752,4,4,0.3,1,lowest-cost,,,7.724103858287904,8.203921310352309,0.6732048914604951,0.106246428572274,-0.3137272822639934,0.0639491054879315,0.0068791859560668,0.2136049167989833,0.1278982109758631,-8.836234676965327e-18,,,,,
LiCl-NaCl,Li,li960,0.3,3,0.02,0.1414213562373095,960,3200,2240,57.24482974468419,352,1,2,2526,623.6545656345589,0.9141376240858646,4,4,0.5,1,lowest-cost,,,7.726616360960059,6.9002632032144025,0.6866548296264324,0.1061369084891486,-0.3226632351917677,0.0629340758127584,0.0057376911734107,0.2180905239627881,0.1258681516255169,1.0118486077059492e-17,,,,,
LiCl-NaCl,Li,li960,0.3,4,0.02,0.1414213562373095,960,3200,2240,57.2517249088151,352,1,2,2288,596.5874722254439,0.9105153982211291,4,4,0.3,1,lowest-cost,,,7.725220559769528,4.929878733116461,0.709655691544599,0.1073793631014499,-0.3362358165775208,0.0631442037475118,0.0051754646200173,0.2263038749264108,0.1262884074950238,3.4511777663116993e-18,,,,,
LiCl-NaCl,Li,li1120,0.35,0,0.02,0.1414213562373095,1120,3200,2080,57.05083036784284,352,1,2,52,497.3314037039478,0.8036506763694649,4,4,0.3,1,lowest-cost,,,7.766060983874357,6.984767880563194,0.6716024621035109,0.112080265140696,-0.3538030147356086,0.0657697048072398,-0.0006671509121688,0.2587929360104699,0.1315394096144796,-2.380314827398497e-17,,,,,
LiCl-NaCl,Li,li1120,0.35,1,0.02,0.1414213562373095,1120,3200,2080,57.06264384926646,352,1,2,32,622.2428188470865,0.9250677880128402,4,4,0.75,1,lowest-cost,,,7.763649437656635,5.5954201197398605,0.6991062885503886,0.1120936240128725,-0.3739687360452256,0.065653787294561,-0.0008207316235593,0.2734000364920185,0.131307574589122,-1.1544890006936988e-17,,,,,
LiCl-NaCl,Li,li1120,0.35,2,0.02,0.1414213562373095,1120,3200,2080,57.0466435444103,352,1,2,87,617.6161381376564,0.9024851962138004,4,4,0.3,1,lowest-cost,,,7.766915961152786,7.336746685644859,0.6357956584278814,0.1106464583186582,-0.3293064226805964,0.0653079257315071,-0.000187790797911,0.2414119248540736,0.1306158514630142,-1.37864056605948e-17,,,,,
LiCl-NaCl,Li,li1120,0.35,3,0.02,0.1414213562373095,1120,3200,2080,57.05813862954133,352,1,2,77,581.8662881809261,0.9108292195629326,4,4,0.75,1,lowest-cost,,,7.764568963893755,7.739690751211922,0.6411059886576005,0.1077019431025231,-0.3368553613743288,0.0649637251598393,0.0015459643933663,0.2491017900801893,0.1299274503196787,-6.1041547059301295e-18,,,,,
LiCl-NaCl,Li,li1120,0.35,4,0.02,0.1414213562373095,1120,3200,2080,57.03555431028065,352,1,2,1165,612.1091960471806,0.9006338865603594,4,4,0.75,1,lowest-cost,,,7.769181214912021,10.543834144591573,0.6323580121984099,0.1079629598645184,-0.3301123501744357,0.0645642299272335,0.0008589176022963,0.2433015959400961,0.1291284598544671,-6.233439399588017e-18,,,,,
LiCl-NaCl,Li,li1280,0.4,0,0.02,0.1414213562373095,1280,3200,1920,56.853441665641114,340,1,2,43,496.19387010451663,0.8126866684438225,4,4,0.75,1,lowest-cost,,,7.8065403926951555,6.076385336712859,0.6374433484437949,0.116935209205384,-0.3695076085935688,0.0672284655487874,-0.0086856226857534,0.2904886083723079,0.1344569310975748,2.0232277964286992e-17,,,,,
LiCl-NaCl,Li,li1280,0.4,1,0.02,0.1414213562373095,1280,3200,1920,56.85829376629243,340,1,2,39,589.248734768968,0.9197564822989712,4,4,0.75,1,lowest-cost,,,7.805541137113304,4.978156764797803,0.6240844823061839,0.1158173071915366,-0.3600433453612457,0.0678199413267339,-0.0070092675677442,0.2849252349535759,0.1356398826534679,1.0762189445735529e-17,,,,,
LiCl-NaCl,Li,li1280,0.4,2,0.02,0.1414213562373095,1280,3200,1920,56.8444575323307,340,1,2,41,609.1606904319815,0.9193283754327318,4,4,0.3,1,lowest-cost,,,7.808391173942464,7.354345354911677,0.6326108149937503,0.1139155639971738,-0.3694602067553394,0.0660525497937735,-0.007738193409539,0.2916730308696265,0.132105099587547,2.807902628644286e-17,,,,,
LiCl-NaCl,Li,li1280,0.4,3,0.02,0.1414213562373095,1280,3200,1920,56.85303737998885,340,1,2,4064,543.4286910878768,0.9130556712194272,4,4,0.5,1,lowest-cost,,,7.806623662069075,4.353124773635433,0.611583141999686,0.1132210545336808,-0.3531877915127838,0.0665828694107103,-0.0064864891256538,0.2800026027425982,0.1331657388214208,3.263827462846917e-17,,,,,
LiCl-NaCl,Li,li1280,0.4,4,0.02,0.1414213562373095,1280,3200,1920,56.85603297393006,340,1,2,59,606.0503468614627,0.9118256701083324,4,4,1.0,1,lowest-cost,,,7.806006704678069,9.066985289680131,0.6282672998536751,0.1163562847107687,-0.3627627846020949,0.0667780410012217,-0.0087944284057663,0.2848410150637828,0.1335560820024435,1.089689330550993e-17,,,,,
LiCl-NaCl,Li,li1440,0.45,0,0.02,0.1414213562373095,1440,3200,1760,56.64788697672505,340,1,2,4304,470.15536303951205,0.8385957002140988,4,4,0.3,1,lowest-cost,,,7.849069581719768,4.4337901695628785,0.607825864995838,0.1186211274495359,-0.3898504858486882,0.068068319477889,-0.0155135436377259,0.3317145745438525,0.1361366389557781,2.408944913119437e-17,,,,,
LiCl-NaCl,Li,li1440,0.45,1,0.02,0.1414213562373095,1440,3200,1760,56.64328844929929,340,1,2,362,590.6311863545695,0.9280665772930292,4,4,0.75,1,lowest-cost,,,7.850025429145386,3.9242417529999134,0.5857963906224205,0.1145147215152553,-0.3754611531648972,0.0668809693474129,-0.0134001823031702,0.3215485892508379,0.1337619386948259,2.135167919115224e-17,,,,,
LiCl-NaCl,Li,li1440,0.45,2,0.02,0.1414213562373095,1440,3200,1760,56.65503236544105,340,1,2,122,559.059391593059,0.9348487557288708,4,4,0.5,1,lowest-cost,,,7.847584729911941,4.156812728064091,0.6159150400939084,0.1195312961049199,-0.3959401488651643,0.0688451675358931,-0.0152893204552356,0.337525224473814,0.1376903350717863,-4.112532650152704e-18,,,,,
LiCl-NaCl,Li,li1440,0.45,3,0.02,0.1414213562373095,1440,3200,1760,56.654359529064344,340,1,2,1354,578.9797003586555,0.9022564413160762,4,4,1.0,1,lowest-cost,,,7.847724529113531,8.075304501837856,0.5772999030116782,0.1126747812621241,-0.3702567658849909,0.0666698243522022,-0.0120206015776386,0.3187012701022546,0.1333396487044045,-1.216652202176982e-18,,,,,
LiCl-NaCl,Li,li1440,0.45,4,0.02,0.1414213562373095,1440,3200,1760,56.63858202573732,340,1,2,281,605.181485935258,0.9070233989990578,4,4,0.3,1,lowest-cost,,,7.851003904704285,5.319712045278456,0.6074348923869892,0.1196164696375533,-0.3881547186851967,0.0679361761940355,-0.0165920464895971,0.3287264424823914,0.135872352388071,-1.7672424927456148e-17,,,,,
LiCl-NaCl,Li,li1600,0.5,0,0.02,0.1414213562373095,1600,3200,1600,56.44825074200895,340,1,2,50,466.08850834194465,0.7816094193004162,4,4,0.75,1,lowest-cost,,,7.89074518628853,5.629878280297084,0.567378663346925,0.1190543922449357,-0.3990103271740507,0.0693733126497619,-0.0209457126288934,0.3693886163007001,0.1387466252995238,-1.1424518341121058e-17,,,,,
LiCl-NaCl,Li,li1600,0.5,1,0.02,0.1414213562373095,1600,3200,1600,56.46114262688455,340,1,2,32,588.2097482683871,0.925761974025888,4,4,1.0,1,lowest-cost,,,7.888042776275747,4.707021328413351,0.5672662501533653,0.1199938276855368,-0.3975693516394189,0.0702109148387379,-0.0207005996939713,0.3682942828029483,0.1404218296774758,-3.0208845082322313e-17,,,,,
LiCl-NaCl,Li,li1600,0.5,2,0.02,0.1414213562373095,1600,3200,1600,56.4516595302011,340,1,2,73,556.8712186525969,0.899151446424007,4,4,0.5,1,lowest-cost,,,7.890030482597276,5.514891202268925,0.5574640971856777,0.1194711565896473,-0.3885063672241985,0.0695847975599888,-0.0210633921453249,0.3587182323826972,0.1391695951199776,2.6528940882282217e-17,,,,,
LiCl-NaCl,Li,li1600,0.5,3,0.02,0.1414213562373095,1600,3200,1600,56.43995171100938,340,1,2,801,589.0880015829448,0.911077152941087,4,4,0.3,1,lowest-cost,,,7.892485654099293,6.2369961713482125,0.554530620128876,0.1172008282326126,-0.3887836193209557,0.068650240504395,-0.0201147270511223,0.3603370995218255,0.13730048100879,-1.3877787807814457e-17,,,,,
LiCl-NaCl,Li,li1600,0.5,4,0.02,0.1414213562373095,1600,3200,1600,56.439753945613475,340,1,2,131,575.8250169670589,0.8947101993415942,4,4,1.0,1,lowest-cost,,,7.892527137144705,5.522200155933916,0.5350020096913822,0.1126068757333312,-0.3757518388128435,0.0680403175092546,-0.0163833359235717,0.3525823029528139,0.1360806350185092,-1.8784326741201253e-17,,,,,
LiCl-NaCl,Li,li1760,0.55,0,0.02,0.1414213562373095,1760,3200,1440,56.24484669214875,340,1,2,60,478.0700516133642,0.8100867567609772,4,4,0.5,1,lowest-cost,,,7.933588037823997,5.130828568324642,0.5387533737678013,0.1196967514291381,-0.4171808831876675,0.0691601460070686,-0.0292318791678852,0.4176345071278918,0.1383202920141372,-2.7310225790204705e-17,,,,,
LiCl-NaCl,Li,li1760,0.55,1,0.02,0.1414213562373095,1760,3200,1440,56.245522836835896,340,1,2,1187,595.8177590056387,0.9065662102427758,4,4,1.0,1,lowest-cost,,,7.933444980109981,3.1446284219739513,0.5032456866217031,0.1139300625800933,-0.3865221302230592,0.0685634130782294,-0.0237461216984139,0.3919176648265013,0.137126826156459,-2.511320491618179e-18,,,,,
LiCl-NaCl,Li,li1760,0.55,2,0.02,0.1414213562373095,1760,3200,1440,56.25047901002486,340,1,2,1544,613.317446182602,0.9137230265942536,4,4,0.75,1,lowest-cost,,,7.932396491406823,5.0678936704866455,0.5274306604553383,0.1196566294862736,-0.4047229628933563,0.0696738278387011,-0.0284217710282133,0.405069395946052,0.1393476556774023,-4.3004573899614876e-18,,,,,
LiCl-NaCl,Li,li1760,0.55,3,0.02,0.1414213562373095,1760,3200,1440,56.24224020464618,340,1,2,44,577.6847073422546,0.913707949565055,4,4,0.5,1,lowest-cost,,,7.934139554910931,4.817278657165758,0.5352605584882084,0.1168119789893597,-0.4176197954561659,0.0678278673651188,-0.0280286869773646,0.4199133559167234,0.1356557347302377,-2.1689947078394353e-17,,,,,
LiCl-NaCl,Li,li1760,0.55,4,0.02,0.1414213562373095,1760,3200,1440,56.24187550321344,340,1,2,62,589.6668562153452,0.9176185807589654,4,4,0.3,1,lowest-cost,,,7.934216728637665,6.339164005991802,0.5262470462035219,0.1167407043004673,-0.4077612327252701,0.0694477071912123,-0.0255351752014585,0.4127314126222841,0.1388954143824247,2.5824917555152807e-18,,,,,
LiCl-NaCl,Li,li1920,0.6,0,0.02,0.1414213562373095,1920,3200,1280,56.048695993795846,340,1,2,32,477.87513398602835,0.8088426127300086,4,4,1.0,1,lowest-cost,,,7.975271600648016,4.832230795546508,0.4996125053624982,0.1205068757640435,-0.4213597530631618,0.0715247328357685,-0.0344996456614043,0.4615094671955418,0.1430494656715371,2.6741937943081986e-17,,,,,
LiCl-NaCl,Li,li1920,0.6,1,0.02,0.1414213562373095,1920,3200,1280,56.051619059651344,340,1,2,42,602.5140200965627,0.9036492417039368,4,4,1.0,1,lowest-cost,,,7.974647748726467,4.50429240800921,0.4906997758212524,0.1188063003746837,-0.4131327790490232,0.0707836798893095,-0.0335885822636658,0.4528740406794865,0.141567359778619,8.522024113255651e-19,,,,,
LiCl-NaCl,Li,li1920,0.6,2,0.02,0.1414213562373095,1920,3200,1280,56.03589096125322,340,1,2,38,601.0163846283434,0.930186367971451,4,4,1.0,1,lowest-cost,,,7.97800545866112,3.9575776098884408,0.4919540557670958,0.1202093117271308,-0.412450596251581,0.071127047811946,-0.0347640008665937,0.450180040802275,0.142254095623892,1.8397645487498277e-17,,,,,
LiCl-NaCl,Li,li1920,0.6,3,0.02,0.1414213562373095,1920,3200,1280,56.04741069393669,340,1,2,57,573.6355175816333,0.91954418154005,4,4,0.5,1,lowest-cost,,,7.975545940018175,5.608941174158527,0.4954276194442421,0.1199695636646359,-0.4170839005216661,0.0708632369460858,-0.0348874922604368,0.455659399406672,0.1417264738921716,-1.6167306947750325e-17,,,,,
LiCl-NaCl,Li,li1920,0.6,4,0.02,0.1414213562373095,1920,3200,1280,56.06063766228985,340,1,2,63,606.9460889865234,0.9069057896538154,4,4,0.75,1,lowest-cost,,,7.972723476465437,5.736718589919079,0.487596292628521,0.1175068403160406,-0.4113864306821393,0.071901184246291,-0.0302301456896528,0.4560453639490293,0.1438023684925821,-1.2684209116534273e-17,,,,,
LiCl-NaCl,Li,li2080,0.65,0,0.02,0.1414213562373095,2080,3200,1120,55.8343114485319,340,1,2,47,489.1430872742515,0.8045003165690174,4,4,0.3,1,lowest-cost,,,8.021249113019374,5.465026701119623,0.4553999265744204,0.1167419833286523,-0.4232755211425998,0.0712721507179682,-0.0386205833660639,0.511546603036309,0.1425443014359365,-3.345581237750804e-17,,,,,
LiCl-NaCl,Li,li2080,0.65,1,0.02,0.1414213562373095,2080,3200,1120,55.82240942750983,340,1,2,30,600.3426546295216,0.9053900928637544,4,4,1.0,1,lowest-cost,,,8.023814592505802,1.5217050072151714,0.4357603272523552,0.1130801705010992,-0.4027008521058522,0.0701360064562818,-0.0355508079589139,0.4886969228858038,0.1402720129125637,-2.3549589002944e-17,,,,,
LiCl-NaCl,Li,li2080,0.65,2,0.02,0.1414213562373095,2080,3200,1120,55.82993430879381,340,1,2,47,611.5405879801554,0.9317718514982852,4,4,0.75,1,lowest-cost,,,8.022192446112205,6.670340863222859,0.4708844695761535,0.1207676454689462,-0.4375727852926329,0.0723745770476936,-0.042243195513146,0.5249071576772476,0.1447491540953872,-1.771176284330987e-18,,,,,
LiCl-NaCl,Li,li2080,0.65,3,0.02,0.1414213562373095,2080,3200,1120,55.83867220768407,340,1,2,44,612.7411336490836,0.9206783217331492,4,4,0.3,1,lowest-cost,,,8.020309493992785,5.449370298375458,0.4452235375463957,0.1150164009996961,-0.412324207033143,0.0712574273923766,-0.0362938980016509,0.5005552936265463,0.1425148547847533,2.134426675903637e-17,,,,,
LiCl-NaCl,Li,li2080,0.65,4,0.02,0.1414213562373095,2080,3200,1120,55.84582920015778,340,1,2,47,597.9689366550838,0.9003401890560092,4,4,0.3,1,lowest-cost,,,8.01876776411651,5.1532538889484805,0.4414708643594399,0.1142192601551279,-0.4085575894671761,0.0707051569855242,-0.0361410855117546,0.4956805593743959,0.1414103139710484,-1.735097021361997e-18,,,,,
LiCl-NaCl,Li,li2240,0.7,0,0.02,0.1414213562373095,2240,3200,960,55.623590134767795,328,1,2,36,487.9208781693514,0.8496587703683954,4,4,1.0,1,lowest-cost,,,8.066873135531212,5.201894600680683,0.413155067445264,0.1149724758492597,-0.4211947283913109,0.0720856995745668,-0.0440134787034689,0.563028324655972,0.1441713991491336,-1.5993521552758538e-17,,,,,
LiCl-NaCl,Li,li2240,0.7,1,0.02,0.1414213562373095,2240,3200,960,55.622695244238905,328,1,2,34,607.376177355259,0.9220828628107955,4,4,0.75,1,lowest-cost,,,8.067067813190324,4.696492516783909,0.4133554450335395,0.1154722753738842,-0.4205883053003685,0.0723189300392812,-0.0443511164660289,0.5614855586874357,0.1446378600785624,1.6310510961464362e-18,,,,,
LiCl-NaCl,Li,li2240,0.7,2,0.02,0.1414213562373095,2240,3200,960,55.63446134034631,328,1,2,41,583.9727001730708,0.9169388120130056,4,4,0.3,1,lowest-cost,,,8.06450880010202,5.023356397325099,0.39970491238335,0.1110864238292504,-0.4077442050012649,0.0712610100688259,-0.0395831063421661,0.5505710270668619,0.142522020137652,1.0198426411298657e-17,,,,,
LiCl-NaCl,Li,li2240,0.7,3,0.02,0.1414213562373095,2240,3200,960,55.6187634005779,328,1,2,41,540.9160397680201,0.9494592053993216,4,4,1.0,1,lowest-cost,,,8.067923253191083,5.886591915757716,0.413049542547254,0.1162817244722185,-0.4186431864331094,0.0730581047638854,-0.0442380281521277,0.5587208106075146,0.1461162095277709,-2.994404897152135e-17,,,,,
LiCl-NaCl,Li,li2240,0.7,4,0.02,0.1414213562373095,2240,3200,960,55.61863436076096,328,1,2,80,591.50471527367,0.9182594823794418,4,4,0.3,1,lowest-cost,,,8.067951330577971,6.102980849953729,0.4058910684332557,0.1132821766088064,-0.413184836694207,0.0710909445202829,-0.0432476699060461,0.5521911821627944,0.142181889040566,9.407931108473765e-18,,,,,
LiCl-NaCl,Li,li2400,0.75,0,0.02,0.1414213562373095,2400,3200,800,55.416325901085145,328,1,2,2967,546.6336318791678,0.8705438015200783,4,4,1.0,1,lowest-cost,,,8.112172150623328,2.103736523539115,0.3615241441169976,0.1101315502089133,-0.4059150853556662,0.0721200546737147,-0.0465133311307309,0.6100388891332094,0.1442401093474296,-1.5389045324848146e-17,,,,,
LiCl-NaCl,Li,li2400,0.75,1,0.02,0.1414213562373095,2400,3200,800,55.42269179822539,328,1,2,1005,626.3089059238225,0.9443485207970008,4,4,1.0,1,lowest-cost,,,8.110774534351869,2.0204266432686353,0.3637557926709792,0.1122686108583654,-0.4055062927368956,0.0731163861657449,-0.0482221657703781,0.6059131702684453,0.1462327723314899,-4.0740249291392705e-18,,,,,
LiCl-NaCl,Li,li2400,0.75,2,0.02,0.1414213562373095,2400,3200,800,55.42315996548802,328,1,2,521,614.6144226123314,0.9358571136976328,4,4,1.0,1,lowest-cost,,,8.110671765281273,1.5788702737558749,0.3591857115014624,0.1078873015957317,-0.406353298481846,0.0704048223535878,-0.0460566431481389,0.6117112724974806,0.1408096447071757,4.326093365403709e-17,,,,,
LiCl-NaCl,Li,li2400,0.75,3,0.02,0.1414213562373095,2400,3200,800,55.413543637731586,328,1,2,1398,598.4825113405237,0.9163742501608352,4,4,1.0,1,lowest-cost,,,8.112783115410519,2.5483419979545476,0.3488018897424588,0.107507477097396,-0.389127640615184,0.071741280072561,-0.0427258523811151,0.588537139412671,0.143482560145122,2.066535315761385e-17,,,,,
LiCl-NaCl,Li,li2400,0.75,4,0.02,0.1414213562373095,2400,3200,800,55.40724042625812,328,1,2,731,613.2115083665558,0.9336759080378548,4,4,1.0,1,lowest-cost,,,8.114167538498664,2.0276974318553904,0.3555767246161556,0.1093879598481143,-0.3971010333278797,0.0719028241588391,-0.0456598558755604,0.5964794537108687,0.1438056483176784,-1.905653642804779e-17,,,,,
LiCl-NaCl,Li,li2560,0.8,0,0.02,0.1414213562373095,2560,3200,640,55.20408389657236,316,1,2,271,553.8216241877665,0.9107370373656508,4,4,1.0,1,lowest-cost,,,8.159000140124594,1.200114964857492,0.314036371401504,0.1048315173774616,-0.3936623437625533,0.0718685986643707,-0.0489599626937393,0.6778468827660518,0.1437371973287415,-3.72840281126463e-19,,,,,
LiCl-NaCl,Li,li2560,0.8,1,0.02,0.1414213562373095,2560,3200,640,55.20587567528709,316,1,2,14318,557.7181917561542,0.9102897181842486,4,4,0.5,1,lowest-cost,,,8.158602926857405,4.798277789149486,0.2989042031512991,0.1031293824236979,-0.3672040967256377,0.0724525472331575,-0.0442499440910412,0.635462310463142,0.1449050944663151,-2.0299991058113945e-17,,,,,
LiCl-NaCl,Li,li2560,0.8,2,0.02,0.1414213562373095,2560,3200,640,55.193151938442014,316,1,2,34,587.8978991668828,0.9343928207167316,4,4,0.3,1,lowest-cost,,,8.16142430674404,3.729774499405805,0.3209913907925638,0.1049611110199413,-0.4072826023506363,0.0706442686350347,-0.0519568351511887,0.6983861894074641,0.1412885372700695,1.618489332753728e-17,,,,,
LiCl-NaCl,Li,li2560,0.8,3,0.02,0.1414213562373095,2560,3200,640,55.207297445447075,316,1,2,44,583.6470689244466,0.9423899558767792,4,4,0.5,1,lowest-cost,,,8.158287762448643,4.741889393645814,0.3197540054462534,0.105108015390116,-0.4044793435001134,0.0718103018392476,-0.0496433143828961,0.697952861411678,0.1436206036784953,-1.932123573073129e-17,,,,,
LiCl-NaCl,Li,li2560,0.8,4,0.02,0.1414213562373095,2560,3200,640,55.2107555816427,316,1,2,8227,558.1204361035927,0.9325306937783464,4,4,0.3,1,lowest-cost,,,8.157521280588439,6.36106241601217,0.3061063671632869,0.1045409584428071,-0.3784520448154766,0.0721736516402822,-0.0476967256335538,0.6502509688101701,0.1443473032805645,5.228861009975053e-19,,,,,
LiCl-NaCl,Li,li2720,0.85,0,0.02,0.1414213562373095,2720,3200,480,54.99669878474258,316,1,2,3394,451.44304753224543,0.8032317575439188,4,4,0.5,1,lowest-cost,,,8.205193347733278,5.895324151884582,0.2543017424300607,0.0967328134669514,-0.355596180546478,0.0705476569015102,-0.0481168878262706,0.7222509541303072,0.1410953138030204,-7.223915718089466e-18,,,,,
LiCl-NaCl,Li,li2720,0.85,1,0.02,0.1414213562373095,2720,3200,480,55.00174805208336,316,1,2,359,560.8714477792693,0.9112686042725536,4,4,1.0,1,lowest-cost,,,8.20406349462666,5.6888861870619545,0.251351199191479,0.0956389672846151,-0.351396781456928,0.0701378473190208,-0.0465711368773392,0.7162454965717343,0.1402756946380416,-2.436313790562689e-17,,,,,
LiCl-NaCl,Li,li2720,0.85,2,0.02,0.1414213562373095,2720,3200,480,54.99121022004631,316,1,2,1874,551.5660243516234,0.904529945705725,4,4,0.3,1,lowest-cost,,,8.206421794735332,6.26063883567588,0.2559443417246614,0.0965600897808174,-0.3599523196194618,0.0697497953855859,-0.0497657927879603,0.7283631849644026,0.1394995907711718,-6.5048005651340085e-18,,,,,
LiCl-NaCl,Li,li2720,0.85,3,0.02,0.1414213562373095,2720,3200,480,54.988824038594416,316,1,2,181,554.8489789928478,0.906619724051182,4,4,1.0,1,lowest-cost,,,8.206955963930136,6.2634282621709545,0.2478657844609385,0.0956561252298299,-0.3430555332188988,0.0704890842347737,-0.045705091139727,0.6986254746187534,0.1409781684695475,-8.999702289196801e-18,,,,,
LiCl-NaCl,Li,li2720,0.85,4,0.02,0.1414213562373095,2720,3200,480,55.00567529705634,316,1,2,99,563.116811964591,0.9132853676666878,4,4,1.0,1,lowest-cost,,,8.203184890959559,7.046446031206416,0.247171876442328,0.0952630971128059,-0.3424184959698158,0.0709585374113482,-0.0435573741938849,0.7026544039542818,0.1419170748226965,1.0241236708960988e-17,,,,,
LiCl-NaCl,Li,li2880,0.9,0,0.02,0.1414213562373095,2880,3200,320,54.771436923655294,316,1,2,36,446.4221616109293,0.8127105358920496,4,4,0.5,1,lowest-cost,,,8.255864363939837,4.2118133747328175,0.2001730044816965,0.0884872875062098,-0.3206976409553058,0.0699047409928039,-0.0444036617372288,0.8216762153246054,0.1398094819856079,-2.3145351284898858e-17,,,,,
LiCl-NaCl,Li,li2880,0.9,1,0.02,0.1414213562373095,2880,3200,320,54.76766641235646,316,1,2,37,558.6138483992129,0.896326807480176,4,4,0.75,1,lowest-cost,,,8.256716948165241,4.616429456280695,0.1966345357642809,0.0863377536361084,-0.3168796577402559,0.0689545444131162,-0.0409598455436396,0.8211125686941689,0.1379090888262324,-3.8969880788590823e-17,,,,,
LiCl-NaCl,Li,li2880,0.9,2,0.02,0.1414213562373095,2880,3200,320,54.75877306250158,316,1,2,259,552.6915691622448,0.9063837956265226,4,4,1.0,1,lowest-cost,,,8.258728484848243,4.406376560531669,0.1970567697206453,0.0878277265977047,-0.313434651398638,0.0699127344731197,-0.0423997014074837,0.8062243256372184,0.1398254689462395,-1.4582462654077457e-17,,,,,
LiCl-NaCl,Li,li2880,0.9,3,0.02,0.1414213562373095,2880,3200,320,54.77460015357448,316,1,2,43,535.966289872207,0.911553079279338,4,4,0.75,1,lowest-cost,,,8.255149210747021,3.6829038827445912,0.198524560806355,0.0889034943154134,-0.3144361484345267,0.0701764709185625,-0.044792996691014,0.8016605525355904,0.140352941837125,-3.855224410449119e-17,,,,,
LiCl-NaCl,Li,li2880,0.9,4,0.02,0.1414213562373095,2880,3200,320,54.784676844848,316,1,2,34,521.5795595607046,0.9102113862827638,4,4,0.5,1,lowest-cost,,,8.252871728166232,4.072223450213916,0.2003607066167839,0.0881565333180499,-0.3223066839407932,0.0694165779078458,-0.0449551063908309,0.8247595231721621,0.1388331558156917,5.898808807155821e-18,,,,,
LiCl-NaCl,Li,li3040,0.95,0,0.02,0.1414213562373095,3040,3200,160,54.56373781362934,316,1,2,35,416.4092395351603,0.7986791861436403,4,4,0.75,1,lowest-cost,,,8.30304862547061,4.662597420682165,0.1365125592722043,0.0795061708110273,-0.2394820452633116,0.0693189915500979,-0.0365554094776461,0.8803972730204952,0.1386379831001959,1.0607323012363917e-17,,,,,
LiCl-NaCl,Li,li3040,0.95,1,0.02,0.1414213562373095,3040,3200,160,54.55411536060263,316,1,2,42,470.92394837053274,0.8752679628983688,4,4,0.75,1,lowest-cost,,,8.30524550515105,5.518778366494661,0.1324879096748105,0.0777949722919821,-0.2295917168082743,0.0680287497524941,-0.0348666047944993,0.8448388949110351,0.1360574995049882,2.928219780656241e-18,,,,,
LiCl-NaCl,Li,li3040,0.95,2,0.02,0.1414213562373095,3040,3200,160,54.56403834350846,316,1,2,41,535.9527569519985,0.8897834505862825,4,4,0.5,1,lowest-cost,,,8.302980027796036,5.043426567232969,0.1387989558143766,0.0804997808196432,-0.2450046576907229,0.0704209244768988,-0.0359584612325492,0.9071394162060944,0.1408418489537977,8.401684394735953e-18,,,,,
LiCl-NaCl,Li,li3040,0.95,3,0.02,0.1414213562373095,3040,3200,160,54.57475507251604,316,1,2,1005,505.39401989291287,0.8725785897041975,4,4,0.5,1,lowest-cost,,,8.300534489971545,4.382564325995517,0.1308714864811792,0.0770228121966351,-0.2259990963826576,0.068111691072844,-0.0311299121097548,0.8458900232415016,0.136223382145688,-3.1887413494027926e-17,,,,,
LiCl-NaCl,Li,li3040,0.95,4,0.02,0.1414213562373095,3040,3200,160,54.5619266170756,316,1,2,25,533.5561446559252,0.884503588291541,4,4,1.0,1,lowest-cost,,,8.30346206150895,4.773951914340262,0.134376943539631,0.0796488423636575,-0.2295350655225159,0.0700436660896307,-0.033936457293762,0.8487517037628931,0.1400873321792614,-1.4881871579859072e-17,,,,,
MgCl2-NaCl,Mg,cl3232,,0,0.02,0.1414213562373095,,3232,3104,58.402717026746025,367,1,2,46,493.8375464370616,0.8284491279038184,4,4,0.3,1,lowest-cost,,,7.609616772821247,5.048775677725056,,,,0.0588790020860601,0.0376241928240103,0.0851299332887626,0.1051535324863428,7.742747905725784e-18,0.0202020202020202,64,0.8445391106362735,0.0781958710176892,-0.1627456282623313
MgCl2-NaCl,Mg,cl3232,,1,0.02,0.1414213562373095,,3232,3104,58.4169553938313,367,1,2,42,595.1467563735075,0.8866496149603448,4,4,1.0,1,lowest-cost,,,7.606834825854179,4.5964359315786245,,,,0.0585541476804906,0.0369117794361316,0.0835622803075738,0.1040654797559832,1.0612891644857192e-17,0.0202020202020202,64,0.8390586643044436,0.0795223014388736,-0.1598182325791102
MgCl2-NaCl,Mg,cl3232,,2,0.02,0.1414213562373095,,3232,3104,58.38546360494601,367,1,2,41,576.1115760491393,0.89995608679383,4,4,0.75,1,lowest-cost,,,7.612990085769758,4.907371892311748,,,,0.0575163022582305,0.0378192654459233,0.0848166899897381,0.1037119959192609,8.542681634676257e-18,0.0202020202020202,64,0.8187098882327108,0.0726747083346463,-0.16096175896882
MgCl2-NaCl,Mg,cl3232,,3,0.02,0.1414213562373095,,3232,3104,58.41154378697968,367,1,2,40,607.107393255474,0.9006543257142966,4,4,1.0,1,lowest-cost,,,7.607891966709277,4.734546804254582,,,,0.0591872534870298,0.0390855327629653,0.0845052221906818,0.1065128603869884,2.689580786475899e-18,0.0202020202020202,64,0.804695380278081,0.0742026123898625,-0.1553779378535688
MgCl2-NaCl,Mg,cl3232,,4,0.02,0.1414213562373095,,3232,3104,58.39587555433205,367,1,2,36,600.9334779889612,0.8903197296310512,4,4,0.3,1,lowest-cost,,,7.610954089220712,5.034748301523355,,,,0.0578344843096134,0.0380329925483128,0.0823025716871593,0.1039273534182823,-8.150780534708457e-18,0.0202020202020202,64,0.7869545859684792,0.0730610439739444,-0.151447946779905
MgCl2-NaCl,Mg,cl3264,,0,0.02,0.1414213562373095,,3264,3008,58.39218195969234,367,1,2,40,498.74208609267447,0.8399444892923829,4,4,0.3,1,lowest-cost,,,7.721730287848875,4.7130040058488065,,,,0.0627806399043117,0.0281636653485454,0.112028018907665,0.1058871202950072,-1.4981490210817258e-17,0.0408163265306122,128,0.7136737940865386,0.0902491290762029,-0.2004282160449687
MgCl2-NaCl,Mg,cl3264,,1,0.02,0.1414213562373095,,3264,3008,58.408524704242915,367,1,2,44,640.2081752454918,0.9143963881679328,4,4,1.0,1,lowest-cost,,,7.718489696552487,4.676109381756173,,,,0.0627749905473631,0.0265859165901952,0.1110563659267909,0.1046077894665508,-2.0298039964499164e-17,0.0408163265306122,128,0.7272406342751065,0.0940590755870614,-0.2020567050971909
MgCl2-NaCl,Mg,cl3264,,2,0.02,0.1414213562373095,,3264,3008,58.38680709037884,367,1,2,49,601.8293118053107,0.9248054945598624,4,4,0.3,1,lowest-cost,,,7.722796562450554,4.793837448392835,,,,0.0631338290572908,0.0307446893526658,0.1076959937290819,0.1076788636551185,-2.071602288707967e-18,0.0408163265306122,128,0.6588835309200822,0.0848848989367338,-0.1834113142760389
MgCl2-NaCl,Mg,cl3264,,3,0.02,0.1414213562373095,,3264,3008,58.38351322818848,367,1,2,47,589.0284026611837,0.9144159628634336,4,4,1.0,1,lowest-cost,,,7.723450125031239,5.161496607027781,,,,0.0617191855657304,0.0301442617207956,0.1092209716238433,0.1057937986037513,-7.852902994375752e-19,0.0408163265306122,128,0.6661735329170447,0.0827684396729015,-0.1886236220460594
MgCl2-NaCl,Mg,cl3264,,4,0.02,0.1414213562373095,,3264,3008,58.3896635490812,367,1,2,39,646.5655676886465,0.9189258967401208,4,4,1.0,1,lowest-cost,,,7.722229863355826,4.944569363162595,,,,0.0623665281315334,0.0281976894959903,0.11321339112037,0.105576195179315,-7.299371710501703e-18,0.0408163265306122,128,0.7175814448084181,0.0891210790155337,-0.2032154617832184
MgCl2-NaCl,Mg,cl3296,,0,0.02,0.1414213562373095,,3296,2912,58.38460780332274,367,1,2,41,646.5815923985482,0.9118335742078958,4,4,1.0,1,lowest-cost,,,7.831761430405489,1.6836755238334522,,,,0.0680290648474345,0.0239344120292085,0.1366158549890641,0.1117476744446974,2.758708949163345e-17,0.0618556701030927,192,0.6168604973845909,0.094325739635659,-0.2164378207455085
MgCl2-NaCl,Mg,cl3296,,1,0.02,0.1414213562373095,,3296,2912,58.38158294569838,367,1,2,43,626.3357972614733,0.9083639733300664,4,4,1.0,1,lowest-cost,,,7.832370105323128,5.9314309158557315,,,,0.0651918453529861,0.0227848628616096,0.129922267054264,0.1068639551297875,1.4345185008396373e-17,0.0618556701030927,192,0.588578638336292,0.0906864851952675,-0.2057853757629517
MgCl2-NaCl,Mg,cl3296,,2,0.02,0.1414213562373095,,3296,2912,58.38928531792577,367,1,2,2379,650.4090992368035,0.9088612064026348,4,4,0.5,1,lowest-cost,,,7.83082035591076,4.391771871601937,,,,0.0661713898828311,0.0238967679039553,0.1337694472785943,0.1092439810427939,-2.5547291910470725e-17,0.0618556701030927,192,0.5983990537548955,0.0905506187629108,-0.2109732228805976
MgCl2-NaCl,Mg,cl3296,,3,0.02,0.1414213562373095,,3296,2912,58.387832182381025,367,1,2,10767,623.596026784901,0.9284262194134364,4,4,0.75,1,lowest-cost,,,7.831112693726158,5.324113915147985,,,,0.0674926168838798,0.021131305205494,0.1306764434644243,0.1084151020616991,-1.1809478705308168e-17,0.0618556701030927,192,0.6146530311134251,0.0986726822385656,-0.2106794892907882
MgCl2-NaCl,Mg,cl3296,,4,0.02,0.1414213562373095,,3296,2912,58.37966280308538,367,1,2,44,629.3132695229541,0.9159955669417656,4,4,0.3,1,lowest-cost,,,7.832756525624477,6.236836529205907,,,,0.0651855740270732,0.0201756023096943,0.1361664843968115,0.1056723658274312,1.3496175464283789e-17,0.0618556701030927,192,0.6332788493882909,0.0957542982649721,-0.2233496745546109
MgCl2-NaCl,Mg,cl3360,,0,0.02,0.1414213562373095,,3360,2720,58.379254921539875,367,1,2,46,459.6889156734345,0.7440935166062147,4,4,0.5,1,lowest-cost,,,8.045533541677974,6.796137339196932,,,,0.0715979120423586,0.0124048599349314,0.1662585981209714,0.111029369403513,2.1191434745014665e-18,0.1052631578947368,320,0.4826483084307641,0.0979188402377652,-0.2222633017773606
MgCl2-NaCl,Mg,cl3360,,1,0.02,0.1414213562373095,,3360,2720,58.3764895111863,367,1,2,2072,575.1757467406271,0.8951515240855058,4,4,0.3,1,lowest-cost,,,8.046105247824686,5.906618106941222,,,,0.0706155870016064,0.0132312183658585,0.1586026743448903,0.1096410654025191,1.0585926153699766e-17,0.1052631578947368,320,0.4598974714772621,0.0951226777054392,-0.2097641172864323
MgCl2-NaCl,Mg,cl3360,,2,0.02,0.1414213562373095,,3360,2720,58.394850038636086,367,1,2,1913,606.8083436688194,0.8729778008987371,4,4,0.5,1,lowest-cost,,,8.042310757646856,6.361667216002847,,,,0.071093212925024,0.0164045226908609,0.1602089819528735,0.1126243494459894,9.909313776380132e-18,0.1052631578947368,320,0.4495751882726314,0.0912706739288677,-0.2069643522621817
MgCl2-NaCl,Mg,cl3360,,3,0.02,0.1414213562373095,,3360,2720,58.38228936707715,367,1,2,61,617.0873224806172,0.8799442425144844,4,4,0.75,1,lowest-cost,,,8.044906294535462,10.32221867938532,,,,0.0715372222570883,0.0117086635235505,0.1654041506021139,0.1103736104014601,7.555292936159307e-18,0.1052631578947368,320,0.4839618577290158,0.0988353834934515,-0.222145708286909
MgCl2-NaCl,Mg,cl3360,,4,0.02,0.1414213562373095,,3360,2720,58.36392080055984,367,1,2,127,602.2514922509761,0.8636652319012955,4,4,0.5,1,lowest-cost,,,8.048704489226902,6.131511891168551,,,,0.0698985019457923,0.0121963996731447,0.1620020996690261,0.1084219854914896,-1.0996032327357465e-19,0.1052631578947368,320,0.4701269828831296,0.0954693616333559,-0.216396186574557
MgCl2-NaCl,Mg,cl3424,,0,0.02,0.1414213562373095,,3424,2528,58.37636020305407,367,1,2,52,300.66329958444294,0.57685900023218,4,4,0.3,1,lowest-cost,,,8.25336243699846,6.995843386297118,,,,0.072507006312539,0.0129089712820891,0.1759524215552661,0.1135570107903292,2.0094286637789672e-18,0.1505376344086021,448,0.344371146931553,0.084892975637008,-0.1911409498355286
MgCl2-NaCl,Mg,cl3424,,1,0.02,0.1414213562373095,,3424,2528,58.37634030957153,367,1,2,404,514.2786777396659,0.7813384059581149,4,4,1.0,1,lowest-cost,,,8.253366655868673,5.8480013961014565,,,,0.070633106509874,0.0150470466123346,0.1722734173073545,0.1124123152516806,1.903186567499701e-17,0.1505376344086021,448,0.3285800977765352,0.0797632436054845,-0.1838158365850807
MgCl2-NaCl,Mg,cl3424,,2,0.02,0.1414213562373095,,3424,2528,58.39158467868759,367,1,2,70,520.4273708201438,0.8103049496676601,4,4,0.3,1,lowest-cost,,,8.250134790619764,6.275650910041469,,,,0.0724589652897934,0.0129354402681634,0.1787892928695551,0.1137975741801302,8.720340205018138e-18,0.1505376344086021,448,0.3481944561593458,0.0847951310694911,-0.1944738133074144
MgCl2-NaCl,Mg,cl3424,,3,0.02,0.1414213562373095,,3424,2528,58.36470610714511,367,1,2,98,474.6217028716576,0.7637008856612656,4,4,0.5,1,lowest-cost,,,8.255834571748492,9.581229258533789,,,,0.071884355620357,0.014869879913433,0.1659551143033921,0.1131724083865228,2.0112511606663126e-17,0.1505376344086021,448,0.3226392977809051,0.0817032546759421,-0.176556262379368
MgCl2-NaCl,Mg,cl3424,,4,0.02,0.1414213562373095,,3424,2528,58.37248135860813,367,1,2,918,517.5463529043578,0.7920842891303673,4,4,0.3,1,lowest-cost,,,8.25418510309355,6.104910540158868,,,,0.072047366496716,0.0113802599868297,0.17742786642884,0.1120952944000315,-1.164873044766633e-17,0.1505376344086021,448,0.3505939812694743,0.0860733258217215,-0.1950065033182292
MgCl2-NaCl,Mg,cl3488,,0,0.02,0.1414213562373095,,3488,2336,58.41759332503768,367,1,2,619,222.23066899927863,0.4846373789404872,4,4,0.3,1,lowest-cost,,,8.446564841479468,8.038665425855402,,,,0.0735775935666881,0.0143293015774968,0.184190987731724,0.1166184713617959,-2.0437577405689242e-17,0.1978021978021978,576,0.2626318690437719,0.0761015450399601,-0.1678348808596459
MgCl2-NaCl,Mg,cl3488,,1,0.02,0.1414213562373095,,3488,2336,58.43182262765156,367,1,2,662,435.0856197399962,0.721273146261727,4,4,0.3,1,lowest-cost,,,8.443479671334323,6.510183946606296,,,,0.0749483478974983,0.0104176438376597,0.1874047946132033,0.1159756605095074,-1.1838194416839865e-17,0.1978021978021978,576,0.2776579197656353,0.0817268521613668,-0.1758838400846506
MgCl2-NaCl,Mg,cl3488,,2,0.02,0.1414213562373095,,3488,2336,58.40393221215227,367,1,2,95,454.4125252754808,0.7262360269058088,4,4,0.3,1,lowest-cost,,,8.449528586011034,9.141047577074286,,,,0.0730652246759483,0.0155849107532872,0.1888136969199752,0.1172520227643967,-9.600509240652688e-18,0.1978021978021978,576,0.2634319220613699,0.0742068267558533,-0.1709446775538832
MgCl2-NaCl,Mg,cl3488,,3,0.02,0.1414213562373095,,3488,2336,58.41925802520098,367,1,2,1134,413.2947279256519,0.6938144122667393,4,4,0.5,1,lowest-cost,,,8.446203807339968,7.660208243083303,,,,0.0718942464346477,0.0189900634738545,0.1742267366910682,0.1167631492799738,-8.94675789113756e-18,0.1978021978021978,576,0.2384322316033896,0.0693373348050271,-0.1520670618477891
MgCl2-NaCl,Mg,cl3488,,4,0.02,0.1414213562373095,,3488,2336,58.41565966040565,367,1,2,1599,437.6383308144473,0.7090968564662518,4,4,0.75,1,lowest-cost,,,8.446984239949463,7.582539275434176,,,,0.0727411878182192,0.0195231080960879,0.1672809005184977,0.1175245185203935,-1.6523479612717142e-17,0.1978021978021978,576,0.2313513046357284,0.0698426795545605,-0.14441729790373
MgCl2-NaCl,Mg,cl3552,,0,0.02,0.1414213562373095,,3552,2144,58.44124142160074,367,1,2,95,172.1925935522238,0.417939314337614,4,4,0.75,1,lowest-cost,,,8.638541476868383,8.172043260941104,,,,0.0786404728162415,0.0143432109821262,0.1960712330978259,0.1239002345042692,-1.2679680580346036e-17,0.247191011235955,704,0.220363684310741,0.07580613182244,-0.1549752922931367
MgCl2-NaCl,Mg,cl3552,,1,0.02,0.1414213562373095,,3552,2144,58.43662125336027,367,1,2,109,359.85255453117395,0.6326987303949232,4,4,0.5,1,lowest-cost,,,8.639565979217823,8.831686656808744,,,,0.0783813921438141,0.0141331443508949,0.1903822392731931,0.1229643862684875,-2.4222935748919833e-18,0.247191011235955,704,0.2161172175984325,0.0756984532254619,-0.1502472218670715
MgCl2-NaCl,Mg,cl3552,,2,0.02,0.1414213562373095,,3552,2144,58.43151340126165,367,1,2,126,379.5566042837756,0.6586429572317236,4,4,0.3,1,lowest-cost,,,8.640698859072666,7.223036297357683,,,,0.0789532750186654,0.0119338983123408,0.1937985280150972,0.1225421991380723,1.0553506658141725e-17,0.247191011235955,704,0.2237500322820096,0.078259714939203,-0.155698127066201
MgCl2-NaCl,Mg,cl3552,,3,0.02,0.1414213562373095,,3552,2144,58.443616794171106,367,1,2,65,391.3630862645126,0.66996306787341,4,4,1.0,1,lowest-cost,,,8.638014827070785,7.118021328211361,,,,0.0789494921047958,0.0176886415753272,0.1904124156562967,0.1259759717764516,-3.788637998384637e-18,0.247191011235955,704,0.2098881570390696,0.0732340987034707,-0.1462803578148999
MgCl2-NaCl,Mg,cl3552,,4,0.02,0.1414213562373095,,3552,2144,58.45202274873874,367,1,2,92,377.0038773661613,0.6538126287120357,4,4,1.0,1,lowest-cost,,,8.636151551528252,8.70205815804168,,,,0.0782220681747972,0.0147619589178265,0.1956828686066416,0.123616066199666,-7.8491258897165e-18,0.247191011235955,704,0.2187195099836251,0.0749708363594917,-0.1541661226999323
MgCl2-NaCl,Mg,cl3616,,0,0.02,0.1414213562373095,,3616,1952,58.48056214748911,367,1,2,175,125.86247634232988,0.3524751984373162,4,4,0.3,1,lowest-cost,,,8.822341071452955,6.948260835045388,,,,0.0789286751901088,0.0183977976821015,0.1949729211529378,0.1266607170511418,4.328896351638925e-18,0.2988505747126437,832,0.1707439188403559,0.0681829056389379,-0.1301442285829001
MgCl2-NaCl,Mg,cl3616,,1,0.02,0.1414213562373095,,3616,1952,58.48323235876517,367,1,2,74,302.26925799249716,0.5714868326725935,4,4,1.0,1,lowest-cost,,,8.8217368663305,6.478875793290222,,,,0.077902056631002,0.019547037094561,0.1903017062122499,0.1257150572666356,5.059300632817557e-18,0.2988505747126437,832,0.1650537156862795,0.0662326334667048,-0.1253688068204455
MgCl2-NaCl,Mg,cl3616,,2,0.02,0.1414213562373095,,3616,1952,58.49062485114025,367,1,2,388,326.02182267680917,0.5958601523394202,4,4,0.5,1,lowest-cost,,,8.820064481344158,8.51785708431247,,,,0.0822050436005082,0.0205493560532403,0.1900978478977965,0.1317938099226149,-9.424036695336244e-18,0.2988505747126437,832,0.1680091861258318,0.0699503107076823,-0.1241678915284592
MgCl2-NaCl,Mg,cl3616,,3,0.02,0.1414213562373095,,3616,1952,58.478142271950425,367,1,2,66,299.0308024813471,0.5695838995590922,4,4,0.75,1,lowest-cost,,,8.822888691145923,6.693858561447398,,,,0.0769522505722525,0.0217179398573299,0.1871626159648143,0.1256200399277977,2.492427538666677e-18,0.2988505747126437,832,0.158714417080612,0.0635799794196323,-0.1207018221801334
MgCl2-NaCl,Mg,cl3616,,4,0.02,0.1414213562373095,,3616,1952,58.46914537010029,367,1,2,113,320.00362650242613,0.5967997633622681,4,4,0.3,1,lowest-cost,,,8.824925193901176,6.2612994938017845,,,,0.0779267835310133,0.0157697316362197,0.198809424741654,0.1240431496818232,-8.973400498734504e-19,0.2988505747126437,832,0.1761015973062789,0.0691512876516007,-0.1358218668062149
MgCl2-NaCl,Mg,cl3680,,0,0.02,0.1414213562373095,,3680,1760,58.521455434859696,367,1,2,131,121.44040479645572,0.3463827351452,4,4,1.0,1,lowest-cost,,,9.001296650663555,8.171853522040545,,,,0.0844574815000431,0.0171539004883277,0.2094688222507773,0.1338997041094056,-5.794837226804203e-18,0.3529411764705882,960,0.1542075057714057,0.0710659845733936,-0.1250183377534556
MgCl2-NaCl,Mg,cl3680,,1,0.02,0.1414213562373095,,3680,1760,58.49937141812505,367,1,2,162,288.74734817586045,0.562629560631296,4,4,0.3,1,lowest-cost,,,9.006394232242885,8.39108868666678,,,,0.0806040064360968,0.0223498069413601,0.1937673818999521,0.1309340199024269,-3.827615506030758e-18,0.3529411764705882,960,0.1364309360496155,0.0637759990893373,-0.1093019056887133
MgCl2-NaCl,Mg,cl3680,,2,0.02,0.1414213562373095,,3680,1760,58.5405048204268,367,1,2,488,288.15089673056815,0.5593784646068304,4,4,0.3,1,lowest-cost,,,8.996903404798207,9.430983448790675,,,,0.0871074049824971,0.0167084090071915,0.2084664937506631,0.1369934084382589,-8.286024662633852e-19,0.3529411764705882,960,0.1568781131955132,0.073961713102885,-0.1247758698136617
MgCl2-NaCl,Mg,cl3680,,3,0.02,0.1414213562373095,,3680,1760,58.52168592150224,367,1,2,167,291.57914521988585,0.5649743151917835,4,4,0.75,1,lowest-cost,,,9.001243473540372,7.478531115534542,,,,0.0851872767099774,0.0178611091937075,0.2114603036744007,0.135402622625735,6.1511052673629515e-18,0.3529411764705882,960,0.154882251576525,0.0713016313958693,-0.1256742586173351
MgCl2-NaCl,Mg,cl3680,,4,0.02,0.1414213562373095,,3680,1760,58.522728155971585,367,1,2,208,311.61867190027533,0.5887066973128382,4,4,0.3,1,lowest-cost,,,9.001003019154306,7.630745600358979,,,,0.0834366206233267,0.0155469647311126,0.2092120094004348,0.1316028140445077,-1.4601171511061077e-18,0.3529411764705882,960,0.1552414647018901,0.0711545185622973,-0.1264175763733884
MgCl2-NaCl,Mg,cl3744,,0,0.02,0.1414213562373095,,3744,1568,58.56326814538606,367,1,2,114,106.3031931184262,0.3229594660711188,4,4,0.5,1,lowest-cost,,,9.175806953608284,9.3076647684971,,,,0.0909220247165208,0.0162678253749958,0.2255487782997888,0.1427290580724328,-8.864320088257163e-18,0.4096385542168674,1088,0.1413696980166854,0.0745673523474814,-0.1202957971364138
MgCl2-NaCl,Mg,cl3744,,1,0.02,0.1414213562373095,,3744,1568,58.564513466799845,367,1,2,212,274.1473755845212,0.545771850283876,4,4,0.75,1,lowest-cost,,,9.175514282309589,8.780397800857026,,,,0.0868535834198251,0.0152600069980526,0.2263734358979351,0.1368521683121217,-5.4707894282695735e-18,0.4096385542168674,1088,0.1392889458522853,0.0713987279833002,-0.1217255658938131
MgCl2-NaCl,Mg,cl3744,,2,0.02,0.1414213562373095,,3744,1568,58.563438870235686,367,1,2,162,285.8709073751294,0.5578398569281826,4,4,0.5,1,lowest-cost,,,9.175766829501397,8.440984619654856,,,,0.0918781126424041,0.0189459564310751,0.2179046748028479,0.1450401493337931,-2.1126267639813777e-18,0.4096385542168674,1088,0.1364560464320074,0.0738466085116326,-0.1132234406411719
MgCl2-NaCl,Mg,cl3744,,3,0.02,0.1414213562373095,,3744,1568,58.5531076847575,367,1,2,495,281.46801815693266,0.5481150518246807,4,4,0.3,1,lowest-cost,,,9.178195412735112,10.891007220007449,,,,0.0924217048171838,0.014108344117694,0.2205105767801653,0.1431681081986006,7.822119362055811e-19,0.4096385542168674,1088,0.1432491667974459,0.0772545541856595,-0.1192746045723766
MgCl2-NaCl,Mg,cl3744,,4,0.02,0.1414213562373095,,3744,1568,58.571233547475515,367,1,2,258,297.02817459295744,0.5700432200924163,4,4,0.5,1,lowest-cost,,,9.173935219760596,9.057334968627206,,,,0.093069347564771,0.019171194135802,0.2230035923867201,0.1470483277121066,4.2905518488306884e-18,0.4096385542168674,1088,0.1390671713702215,0.0748163054026377,-0.1160751281019982
MgCl2-NaCl,Mg,cl3808,,0,0.02,0.1414213562373095,,3808,1376,58.595360509393345,367,1,2,205,125.4071240337076,0.3534785008385668,4,4,0.75,1,lowest-cost,,,9.34864636188526,7.080396526040281,,,,0.0944837475926994,0.0146222986828063,0.2567514037311451,0.1481353546560974,-1.955193061380228e-18,0.4691358024691358,1216,0.1328415554369601,0.0758231988356025,-0.1236225453446354
MgCl2-NaCl,Mg,cl3808,,1,0.02,0.1414213562373095,,3808,1376,58.62416085198134,367,1,2,143,302.7967204188392,0.5793017189260976,4,4,1.0,1,lowest-cost,,,9.341758131588003,6.1986467054582235,,,,0.0936974873129436,0.014176059111088,0.2607530286703913,0.1470584289327126,-8.717643447364496e-18,0.4691358024691358,1216,0.1337780475175893,0.0753648504445264,-0.1261457623562987
MgCl2-NaCl,Mg,cl3808,,2,0.02,0.1414213562373095,,3808,1376,58.60195034005445,367,1,2,61,305.7222155356409,0.5840824880306147,4,4,0.75,1,lowest-cost,,,9.34706951339807,6.967245422673273,,,,0.0958039349443221,0.0147595117874689,0.2492088389250283,0.1495709573175269,1.4147480220347414e-17,0.4691358024691358,1216,0.1316122226788933,0.0769183375828686,-0.1194894093105977
MgCl2-NaCl,Mg,cl3808,,3,0.02,0.1414213562373095,,3808,1376,58.57719214536555,367,1,2,95,305.1045781089817,0.5862740407538307,4,4,1.0,1,lowest-cost,,,9.352996078222414,6.939284402694267,,,,0.090472600355637,0.0165199167609995,0.2567226194170373,0.1437819544660296,-2.1702682057302546e-18,0.4691358024691358,1216,0.1279070181463957,0.0712647797935153,-0.1219281977003416
MgCl2-NaCl,Mg,cl3808,,4,0.02,0.1414213562373095,,3808,1376,58.57776499004191,367,1,2,160,291.38298186856775,0.5683723602570308,4,4,1.0,1,lowest-cost,,,9.352858881090189,7.484057231035618,,,,0.0950510342129536,0.0136770768747097,0.2509172132642747,0.1480741112622404,-3.1251719170614173e-18,0.4691358024691358,1216,0.1325248871222823,0.0768278847894738,-0.1213558097941751
MgCl2-NaCl,Mg,cl3872,,0,0.02,0.1414213562373095,,3872,1184,58.65745338359904,367,1,2,121,131.4509841513114,0.3612214363745497,4,4,0.3,1,lowest-cost,,,9.51048680637923,6.4311828573586025,,,,0.099196066449962,0.0124091452419888,0.2923885336376672,0.1547808705419103,-1.669784820457724e-18,0.5316455696202531,1344,0.1259553472821258,0.0783610157005747,-0.1266853200469482
MgCl2-NaCl,Mg,cl3872,,1,0.02,0.1414213562373095,,3872,1184,58.664346837457025,367,1,2,102,289.7575182300371,0.5618582714648993,4,4,0.75,1,lowest-cost,,,9.508810536731852,6.614512793256351,,,,0.0957939295269188,0.0150207459200492,0.2775502632816999,0.1507740157582143,7.64694236708833e-18,0.5316455696202531,1344,0.1181567699051712,0.0742481175471909,-0.1175054062121293
MgCl2-NaCl,Mg,cl3872,,2,0.02,0.1414213562373095,,3872,1184,58.63634405800661,367,1,2,1025,320.1953851220237,0.6059903845615727,4,4,0.3,1,lowest-cost,,,9.515622990258446,6.714936477228435,,,,0.098964879468268,0.0088258215310167,0.2885608288950739,0.1524909240744844,1.5813169984133857e-17,0.5316455696202531,1344,0.1278001357238266,0.0798464516484384,-0.1279300498229262
MgCl2-NaCl,Mg,cl3872,,3,0.02,0.1414213562373095,,3872,1184,58.664205512393416,367,1,2,65,328.76143290971305,0.6035760435897402,4,4,1.0,1,lowest-cost,,,9.508844897567004,6.694743148304656,,,,0.099260661668891,0.0126090933879578,0.308030210728635,0.1556925679090846,1.0615151490999729e-17,0.5316455696202531,1344,0.1292874952456351,0.0783220008945814,-0.1338561961890178
MgCl2-NaCl,Mg,cl3872,,4,0.02,0.1414213562373095,,3872,1184,58.66525538011173,367,1,2,282,310.51204228253454,0.5881964832795792,4,4,0.3,1,lowest-cost,,,9.508589644660464,6.13328402414068,,,,0.1012872283979522,0.016687643715807,0.2861676296440276,0.1594868178756107,-1.1250194938621002e-17,0.5316455696202531,1344,0.1226833542076472,0.0781278395163054,-0.1201348523704716
MgCl2-NaCl,Mg,cl3936,,0,0.02,0.1414213562373095,,3936,992,58.737153781243144,373,1,2,261,158.13177904785678,0.3966112228324045,4,4,0.5,1,lowest-cost,,,9.664241110699637,6.217240375385079,,,,0.1081852643375644,0.0111759512720294,0.3575317501364073,0.168731534858732,2.358622915907088e-18,0.5974025974025974,1472,0.125054636398866,0.0838655420193796,-0.1376153361792986
MgCl2-NaCl,Mg,cl3936,,1,0.02,0.1414213562373095,,3936,992,58.74582896474226,373,1,2,206,354.66004651033836,0.6326133727440876,4,4,0.3,1,lowest-cost,,,9.662100465877163,5.8585125047023805,,,,0.1072642969908521,0.0141542427211318,0.3579057921890843,0.1688509503453354,9.675767990335804e-18,0.5974025974025974,1472,0.1225030078146302,0.0818900817395769,-0.1353337992952999
MgCl2-NaCl,Mg,cl3936,,2,0.02,0.1414213562373095,,3936,992,58.7525001189556,373,1,2,193,371.1563062764459,0.6407745672976808,4,4,0.5,1,lowest-cost,,,9.660454862736785,6.359768427087412,,,,0.1075348965489956,0.0065428907602694,0.3503885342502041,0.1654091202512695,1.0466779335506513e-18,0.5974025974025974,1472,0.1265260676672593,0.0852354887451163,-0.1384713387568615
MgCl2-NaCl,Mg,cl3936,,3,0.02,0.1414213562373095,,3936,992,58.727672230368306,367,1,2,120,370.1773382190083,0.6542655309146018,4,4,0.75,1,lowest-cost,,,9.666581634902164,7.431118135036355,,,,0.1097803139761329,0.0135486999425986,0.3379330542729045,0.1712781055535329,3.365202775915493e-18,0.5974025974025974,1472,0.1212263726735255,0.0841957420219801,-0.1276308635515138
MgCl2-NaCl,Mg,cl3936,,4,0.02,0.1414213562373095,,3936,992,58.72287242681587,367,1,2,168,325.44617286095735,0.5950554411789245,4,4,0.3,1,lowest-cost,,,9.667766828312429,5.488326569974162,,,,0.1079505573256966,0.0152445256003854,0.3582244349772077,0.1703178436119342,-3.880199886435719e-18,0.5974025974025974,1472,0.1222836551818018,0.0820036531184257,-0.1345731687936758
MgCl2-NaCl,Mg,cl4000,,0,0.02,0.1414213562373095,,4000,800,58.84728692718652,373,1,2,263,175.51698751897297,0.4310630139903851,4,4,0.5,1,lowest-cost,,,9.80670492868916,5.736109825433305,,,,0.1176641551346128,0.0143768149545857,0.4413595431504649,0.1852853667949494,-1.3444302338880922e-17,0.6666666666666666,1600,0.1206731559683438,0.0879387106230673,-0.1446782927627299
MgCl2-NaCl,Mg,cl4000,,1,0.02,0.1414213562373095,,4000,800,58.832762197700745,373,1,2,321,381.9753761356368,0.6542311345299578,4,4,0.5,1,lowest-cost,,,9.810336796087338,6.004176083404229,,,,0.1139235516143017,0.0171595424141992,0.4277144255295212,0.1807654271243357,-5.1345404693094514e-18,0.6666666666666666,1600,0.1150740471248936,0.0839976611576672,-0.137654075942833
MgCl2-NaCl,Mg,cl4000,,2,0.02,0.1414213562373095,,4000,800,58.83485977593175,373,1,2,146,389.607699241488,0.681939547005035,4,4,1.0,1,lowest-cost,,,9.809812164119949,5.873618367202457,,,,0.1169668098602274,0.0104061897667209,0.429820229958704,0.1822793862468701,-6.30708753422076e-19,0.6666666666666666,1600,0.1210145479811925,0.0887912387753587,-0.1437375842907868
MgCl2-NaCl,Mg,cl4000,,3,0.02,0.1414213562373095,,4000,800,58.870226521978374,373,1,2,163,367.35827997026234,0.6688961925245454,4,4,1.0,1,lowest-cost,,,9.80097351059456,5.93927315129936,,,,0.1275033632742855,0.0178992192728641,0.4423027166284073,0.2006280403187828,-2.1849853561279553e-17,0.6666666666666666,1600,0.1249714738654047,0.094471929656758,-0.1422270498223309
MgCl2-NaCl,Mg,cl4000,,4,0.02,0.1414213562373095,,4000,800,58.85128158539349,373,1,2,197,356.2685309624561,0.6333196587378703,4,4,0.75,1,lowest-cost,,,9.805706468625893,5.341583696862895,,,,0.1121607566513453,0.0139944024226929,0.4310942294821075,0.1770650902975757,2.2049034502171275e-18,0.6666666666666666,1600,0.1161641428119469,0.0837230953506629,-0.1413512799614219
MgCl2-NaCl,Mg,cl4064,,0,0.02,0.1414213562373095,,4064,608,58.99643411255283,373,1,2,221,192.5277317447934,0.4433560316032745,4,4,0.75,1,lowest-cost,,,9.93560677443705,5.362083534961487,,,,0.1266158919658002,0.0104355784105822,0.5285367341645243,0.1972998498980945,-3.350251108896514e-18,0.7397260273972602,1728,0.116190634620228,0.0939924330968225,-0.1487544649196874
MgCl2-NaCl,Mg,cl4064,,1,0.02,0.1414213562373095,,4064,608,58.97043450815458,373,1,2,107,426.4674238905441,0.7138487162327607,4,4,1.0,1,lowest-cost,,,9.942178295878506,5.699293361878488,,,,0.1287995010704418,0.0103668894340795,0.5437064974869678,0.2007546570833042,-3.4223277187856697e-18,0.7397260273972602,1728,0.1188401354532706,0.0956871692654402,-0.1533062667095264
MgCl2-NaCl,Mg,cl4064,,2,0.02,0.1414213562373095,,4064,608,59.01213875894554,373,1,2,103,414.7304638491735,0.6911165904977287,4,4,1.0,1,lowest-cost,,,9.931640857949352,4.9309592816818695,,,,0.1261488794024052,0.0088842131622724,0.520632492172673,0.1958733302746239,-1.8524191837477237e-17,0.7397260273972602,1728,0.1159263848683481,0.0940944461822249,-0.1475997486729782
MgCl2-NaCl,Mg,cl4064,,3,0.02,0.1414213562373095,,4064,608,59.00441325852479,373,1,2,98,393.4406917254249,0.6693032474678303,4,4,1.0,1,lowest-cost,,,9.933591459679327,5.010612591499307,,,,0.1236363925323802,0.0127848056225556,0.4993899416933297,0.1932161495263888,1.1361627182104044e-17,0.7397260273972602,1728,0.1108064477884715,0.0910110436395557,-0.1383085908005735
MgCl2-NaCl,Mg,cl4064,,4,0.02,0.1414213562373095,,4064,608,58.998528710086426,373,1,2,289,389.8467116424307,0.6618550542715402,4,4,0.5,1,lowest-cost,,,9.935077670241064,5.6380982907405945,,,,0.1264209025224998,0.0106694429465487,0.51957058122582,0.1968944723215193,-1.7678537522490423e-18,0.7397260273972602,1728,0.1151809286423403,0.093773556810728,-0.1459159095179886
MgCl2-NaCl,Mg,cl4128,,0,0.02,0.1414213562373095,,4128,416,59.23124049076302,379,1,2,139,286.7016955576628,0.5618444448416384,4,4,0.75,1,lowest-cost,,,10.03895048854246,4.998149008343845,,,,0.1373968746749821,0.0169684076452043,0.6901957787784053,0.2158244694766878,3.2563699684018443e-18,0.8169014084507042,1856,0.109081849011493,0.098437022209541,-0.150727455702695
MgCl2-NaCl,Mg,cl4128,,1,0.02,0.1414213562373095,,4128,416,59.25176133792626,379,1,2,229,485.5006311164359,0.7692831694076289,4,4,0.75,1,lowest-cost,,,10.0337357086065,5.357235340010497,,,,0.1365849976779272,0.0326878197291737,0.680020211833605,0.2193088448080015,2.012128901156625e-17,0.8169014084507042,1856,0.1025108499631862,0.0941105870937917,-0.1365971286607739
MgCl2-NaCl,Mg,cl4128,,2,0.02,0.1414213562373095,,4128,416,59.23698708879105,379,1,2,108,491.0646221993095,0.7624882337500322,4,4,1.0,1,lowest-cost,,,10.037489701538425,4.524993449208945,,,,0.1407558863529165,0.011902975501525,0.6816976926928705,0.2190053752018573,-1.9354018259267778e-17,0.8169014084507042,1856,0.1122616263403134,0.1021408296526688,-0.1524929996765722
MgCl2-NaCl,Mg,cl4128,,3,0.02,0.1414213562373095,,4128,416,59.22788475232263,379,1,2,200,463.8775213651961,0.748601078097531,4,4,0.5,1,lowest-cost,,,10.039803682169946,4.959472720177933,,,,0.1397022706562891,0.0183962516641773,0.6464791208798747,0.2188983190464576,-5.5287077003451536e-18,0.8169014084507042,1856,0.1074100201501767,0.0998181098444436,-0.1393143109135657
MgCl2-NaCl,Mg,cl4128,,4,0.02,0.1414213562373095,,4128,416,59.20831232405379,379,1,2,242,497.72378478238545,0.7709682447995161,4,4,0.3,1,lowest-cost,,,10.044782364257015,4.6777683212911505,,,,0.1299367426489934,0.0056973151568412,0.6860903468924513,0.2014695046920449,-7.601230056158866e-18,0.8169014084507042,1856,0.1086827182549044,0.0955422202284343,-0.1581602307900332
MgCl2-NaCl,Mg,cl4192,,0,0.02,0.1414213562373095,,4192,224,59.48562107036231,379,1,2,165,351.3135767297181,0.6295009394737228,4,4,0.75,1,lowest-cost,,,10.133381787096766,5.179569086978967,,,,0.1553142673498234,0.0328824355780907,0.8173285339181657,0.243514122473189,1.0019249263610948e-17,0.8985507246376812,1984,0.097080550060591,0.1073566550405529,-0.1134169149548725
MgCl2-NaCl,Mg,cl4192,,1,0.02,0.1414213562373095,,4192,224,59.4796966002089,379,1,2,224,531.2325239984907,0.7940092814716381,4,4,0.5,1,lowest-cost,,,10.134895826751496,4.967402620004554,,,,0.1560814522325695,0.0429894948260527,0.7862168042452703,0.246667998916369,-1.7495885211538918e-17,0.8985507246376812,1984,0.0941394009346394,0.1062161981592665,-0.1008442528962169
MgCl2-NaCl,Mg,cl4192,,2,0.02,0.1414213562373095,,4192,224,59.49513760086134,379,1,2,145,523.4529483013195,0.7958531301322401,4,4,1.0,1,lowest-cost,,,10.130950560336242,5.180275145944044,,,,0.151240170637401,0.0379545957819204,0.8016669292513781,0.238524847366098,-1.3706575327383385e-17,0.8985507246376812,1984,0.0932477746883798,0.1035434862149768,-0.1070992785194888
MgCl2-NaCl,Mg,cl4192,,3,0.02,0.1414213562373095,,4192,224,59.48259021438093,379,1,2,106,532.219246579019,0.8064712899912944,4,4,0.3,1,lowest-cost,,,10.134156296375528,5.261363112396159,,,,0.1544237909731318,0.0272368630032289,0.8005138622152352,0.240772459987516,-1.6287169736331858e-17,0.8985507246376812,1984,0.0975142736045388,0.1076579509714506,-0.1146951135657841
MgCl2-NaCl,Mg,cl4192,,4,0.02,0.1414213562373095,,4192,224,59.48448444507717,379,1,2,88,530.693716648329,0.7977314760107879,4,4,1.0,1,lowest-cost,,,10.133672230388605,4.6650778761003,,,,0.1567663224995741,0.0250914334968619,0.7790748782454493,0.2435499153660721,-1.4105636422431885e-17,0.8985507246376812,1984,0.0986704613808407,0.1097209265390685,-0.1126525288112711
MgCl2-NaCl,Mg,cl4224,,0,0.02,0.1414213562373095,,4224,128,59.6887716347363,379,1,2,57,393.34600856693805,0.6906222105851133,4,4,0.75,1,lowest-cost,,,10.159745404034,4.724749284792772,,,,0.1626576142293848,0.0325454530938004,0.9020668191315304,0.2516656730510132,1.208276982120794e-17,0.9411764705882352,2048,0.092122645318541,0.1127314252229145,-0.0893884281217786
MgCl2-NaCl,Mg,cl4224,,1,0.02,0.1414213562373095,,4224,128,59.72680961669094,379,1,2,61,556.9657177559054,0.8377395545002468,4,4,0.5,1,lowest-cost,,,10.150041352920145,4.59669967293512,,,,0.1662681502019691,0.0270347228892441,0.8907558149593774,0.2560210619027929,2.7503562512512933e-17,0.9411764705882352,2048,0.0947968664544725,0.1160128852587453,-0.0919316444612898
MgCl2-NaCl,Mg,cl4224,,2,0.02,0.1414213562373095,,4224,128,59.691855387711314,379,1,2,59,545.1217032964257,0.8177236833908128,4,4,0.3,1,lowest-cost,,,10.158958117218994,4.249301288260015,,,,0.1629319108562305,0.0379382810969977,0.8669014816443379,0.2528265600036342,-9.488600132796326e-18,0.9411764705882352,2048,0.0907465136714468,0.1122542859920959,-0.0811203311475831
MgCl2-NaCl,Mg,cl4224,,3,0.02,0.1414213562373095,,4224,128,59.64784556002418,379,1,2,64,535.2631506526609,0.8080038653819303,4,4,0.3,1,lowest-cost,,,10.170203530648186,5.00863601051306,,,,0.1620283468853737,0.0347219630827944,0.8736648698508603,0.2509642942382311,-8.834239170279233e-18,0.9411764705882352,2048,0.0909636770748188,0.1120075032644037,-0.0842752972138708
MgCl2-NaCl,Mg,cl4224,,4,0.02,0.1414213562373095,,4224,128,59.688654674203704,379,1,2,66,514.3806484005388,0.8151881859645085,4,4,0.5,1,lowest-cost,,,10.159775266237013,5.046171273745617,,,,0.1553777173209823,0.0338272949044372,0.8790248479377175,0.240960724903591,1.1656375152644013e-17,0.9411764705882352,2048,0.0877788045319878,0.1073437170152528,-0.0855877291495326
MgCl2-NaCl,Mg,cl4256,,0,0.02,0.1414213562373095,,4256,32,59.86043169756587,379,1,2,83,484.74122140822146,0.7668636059800191,4,4,0.5,1,lowest-cost,,,10.193199466674296,4.319600474730253,,,,0.1738559140957483,0.0155967926256728,0.9710703374170678,0.2626947817917723,-1.7467286719769718e-18,0.9850746268656716,2112,0.0899021399154858,0.1224395626934754,-0.0486949538380997
MgCl2-NaCl,Mg,cl4256,,1,0.02,0.1414213562373095,,4256,32,59.873069522785826,379,1,2,78,573.8350193537937,0.8442383090070095,4,4,0.5,1,lowest-cost,,,10.18997231272129,4.652420700785887,,,,0.1703430777367394,0.010409763264914,0.9307887792952768,0.2569397003860779,1.1164795679739809e-17,0.9850746268656716,2112,0.0884330137325188,0.1202654607213461,-0.0498974458555184
MgCl2-NaCl,Mg,cl4256,,2,0.02,0.1414213562373095,,4256,32,59.85808310277555,379,1,2,54,598.3902594963656,0.8637284998533005,4,4,0.75,1,lowest-cost,,,10.193799383897163,4.269631899563068,,,,0.1678943916905503,0.0065576366650145,0.9253200307611724,0.2529358312702803,1.2863544933960135e-17,0.9850746268656716,2112,0.0875152326324984,0.1187645139453832,-0.05229503069335
MgCl2-NaCl,Mg,cl4256,,3,0.02,0.1414213562373095,,4256,32,59.83641186735275,379,1,2,150,606.5030810848109,0.8651393492865156,4,4,1.0,1,lowest-cost,,,10.199337789871176,4.278351782613665,,,,0.1652311355616728,0.0211356569702909,0.9398012544179836,0.2502299503045958,2.3915840873801085e-18,0.9850746268656716,2112,0.0849547185990217,0.115976972450543,-0.0428390987806884
MgCl2-NaCl,Mg,cl4256,,4,0.02,0.1414213562373095,,4256,32,59.874936908970234,379,1,2,77,588.271652991608,0.8651184655307069,4,4,0.3,1,lowest-cost,,,10.189495607455331,4.28609212150575,,,,0.1802096014169421,0.0276343327196861,0.9414103627200444,0.2732055891123878,1.8290744500979298e-17,0.9850746268656716,2112,0.0919390076040525,0.1262084245325379,-0.0383255014226024
